Date,bnf,axis_bank,bandhan_bank,au_bank,sbi_bank,bob_bank,idfc_bank,federal_bank,kotak_bank,hdfc_bank,icici_bank,pnb_bank,indusind_bank
2019-01-01,27231.083902420785,618.5460295055557,534.9764120560384,309.1553965614476,269.6477763778671,105.89430484752049,43.258412308284306,88.44246402863534,249.6220008070255,499.59066424826386,348.7861630154639,72.9292358570312,1537.0019252315499
2019-01-02,27296.682169751475,619.6400961364022,535.4606514218985,305.62704213152773,271.09794718942373,109.48469825344715,43.05906444078988,87.92359775087318,248.40775433906003,503.1480281223448,348.7861805929132,73.81070696542086,1525.0900812097707
2019-01-03,27181.284539001797,618.0486769359882,533.5239879717976,308.2112048170907,267.3818272071909,107.62301133743769,42.51086076353151,89.90471190714743,246.83516808354244,498.78056207790377,352.1630624139711,72.46531590479667,1511.0649525024337
2019-01-04,26999.38508477019,608.6993139750615,517.3053530506844,308.60877710725146,264.75332920042143,106.73650294736582,42.9593894776981,87.97076994350223,246.43706580354157,496.6789890840331,349.1238610869647,72.37253065224095,1499.3454391650794
2019-01-07,27378.3331257057,622.6238255316628,522.87290851491,310.5966123630187,272.86542040782035,108.59818934628088,45.84993088909473,89.85754918116675,249.01489569063693,499.6023729626674,354.57511909490694,76.50147080178044,1499.5376332241071
2019-01-08,27301.58249535359,632.5699218686266,466.71247751563556,304.18584447207394,268.10689824371485,108.95278044518048,46.19878645026398,89.4801803932084,247.43234169519897,498.2640384342123,354.8645824926237,74.73855495267554,1501.602932091816
2019-01-09,27650.92853828813,648.8316920215285,464.7759179448388,310.09965744458657,277.35197514611554,110.01661062266018,45.999441226414476,90.14056113728623,246.3076691309696,497.32478873843723,368.2274923930572,76.08394300738075,1517.789363989094
2019-01-10,27713.2283161553,665.2924648953908,437.66397903150124,314.47284167531717,276.5362378440375,108.5981813797283,45.84992778075379,91.69713812809538,246.636117589633,497.0899594085093,367.5521224321201,74.50658886298251,1544.5429774726176
2019-01-11,27602.48069520467,661.4134853903906,453.93112534476563,325.4306812684108,276.8081796704388,109.75065049234331,46.547645568847656,90.89526035070028,243.84927654540616,496.33853533229933,367.2144310821323,75.38804729316372,1508.1831210151313
2019-01-14,27388.88117579989,659.4243302498173,439.2132356101993,324.90886613369673,272.82013920445223,107.22408294677734,46.84666625564457,89.05565743564571,242.2567718180098,495.422828416376,365.38126971005715,74.5529816034885,1449.585009646026
2019-01-15,27317.23338853654,657.7334072505413,430.06293060001786,325.7040103143823,273.7264789290105,107.53437051369548,46.9961794901117,85.47078861030086,242.25676531166474,494.2839566691894,360.4123248273668,76.87261329744317,1432.2935422092082
2019-01-16,27405.330987755653,657.1367548640413,438.63229545450986,329.4808637497742,274.6328475050231,107.3570599545766,47.09585091894363,86.08398401390825,241.9979974241917,497.8061407407654,358.96510108772685,76.08393891558094,1437.0968344553162
2019-01-17,27568.278833202367,666.2871967793858,436.40526296714813,323.7659379982313,275.44862402441163,107.7116650437135,48.59095830765981,86.69719982237193,240.46523559238352,499.02714350523325,362.7761714908635,78.21801080982655,1466.5878390466119
2019-01-18,27549.731339467213,671.2601231398787,437.6639804864994,310.5966058881954,270.7807158195379,105.67267237236265,47.3450352077941,83.96138356526693,242.8738620322815,501.3165130633142,361.4254655065541,78.44997397617142,1463.1297859094223
2019-01-21,27514.230690354794,657.9820278639633,427.98116566130113,308.1118267921168,268.19757855480805,104.8748160194819,47.394872681216995,85.32928597196477,246.97451844303959,502.47881615648697,359.88170904343286,76.87261364498535,1451.7944997911416
2019-01-22,27526.22995241331,652.8101138963734,412.3917820745833,300.73208764843696,265.5690498450622,103.2347516361165,46.099113070714075,84.24439295535184,254.59850996184844,503.8993676531204,357.5178325135855,74.4137928223614,1442.8604701999584
2019-01-23,27492.780389223324,655.9431494307844,396.0278124761927,295.81217226368017,263.2578253529406,101.0627945079877,46.74699434983443,84.71609009098324,258.55982933895916,501.0817007814959,355.82939419354847,72.92923752487401,1438.201600339939
2019-01-24,27273.183511364325,661.4134956253158,405.7106500008295,295.6879706836165,259.81353343494646,99.28976899543694,47.0958508119636,83.53685877980813,253.6032445325676,495.44629306908894,353.7068050348332,72.1405620480304,1433.4463117165637
2019-01-25,27261.133070757838,661.6124904155064,405.2264964325818,289.6748246623869,262.48737554234356,100.44224278019128,47.046015280994936,84.05570006437095,252.56811307384027,491.4545400634067,349.6062911812134,72.69727471102608,1437.384999793538
2019-01-28,27041.13414646731,665.3919556350758,411.42349456065466,290.7680825677072,258.9071519560493,98.4032516947356,46.54764765506175,81.7915786124204,252.6079197396514,490.7501796951929,340.77807369335596,71.44467290298668,1414.2338029218085
2019-01-29,26615.940908642562,654.948597036615,401.8375184113157,295.687964958203,254.69250212704034,97.07347915146377,45.25188893316802,79.24443239421514,250.81638423762448,487.9911100056597,330.8885653985097,70.65599786797476,1389.0656008216793
2019-01-30,26789.437916464743,683.3445203341098,401.837505083757,294.39587863377,254.87379677889245,103.27908362849988,46.148950244686056,81.5557254600605,249.82107109906477,483.0601139646413,338.6554369372461,72.14056986589648,1408.1818848675437
2019-01-31,26968.837766799967,693.4895533142122,396.99607090443084,293.2031610412989,262.8499552550876,101.41739990076277,44.853191547002346,82.26327055753207,243.25205665952498,476.8963863970491,359.5922657727153,72.09416760220041,1421.7268268303492
2019-02-01,27334.233441996195,716.8628989346313,391.6705554184059,291.01654795722663,269.1039387469229,100.57520822398206,45.152211717169095,81.55573980387138,250.22915478924813,488.39031324909945,351.68064741496363,72.37252422797292,1448.5282579615246
2019-02-04,26973.686068051535,707.4638021096359,396.6087969981334,287.2397428331568,255.96145928579384,97.56106301347634,44.60400745848213,81.46139422409962,247.83049748785305,491.92419624040355,338.65540045381715,68.70751321678918,1448.7204858683708
2019-02-05,27225.734904613168,718.1060018768206,393.1229707165284,285.20221512737504,257.59293947702287,97.78268873580106,43.15873593085266,82.54629424786499,254.0013416541631,494.9767043505083,342.1288675913948,69.1250450981401,1445.5983998785825
2019-02-06,27325.881744087117,727.3559934995193,408.5186760868521,292.7062461114987,259.08846463453045,96.18695968060503,42.062327835907176,82.40478610373117,254.79758020285664,496.91375163985356,341.1639981691748,68.75389182787256,1482.9667829456248
2019-02-07,27423.780820487253,722.3331068042891,431.85430433378093,298.1727115286632,262.3060746335673,96.98482280912292,42.21183666341292,80.89537166892964,254.79759389729222,498.9801701942932,346.4705623605022,70.19207763671875,1464.954999689778
2019-02-08,27302.33388873811,723.079128844922,450.25168383487005,297.1788478524383,258.86184968160126,95.74370384043641,44.15547653274725,80.94253681165834,255.5938123739987,495.9158149856447,344.34788861743846,69.58896956664394,1453.3313826436424
2019-02-11,27240.18344617612,716.0174138459757,451.2199486342234,295.0916139866854,259.1790800882128,92.81819442828083,44.10563818613688,79.38596068343992,257.98256947376217,496.22121169892824,342.12882604376273,66.24870238885406,1443.725176618312
2019-02-12,27166.58411963199,697.219327886649,448.89606409695415,290.71839848732526,254.37528089709733,92.10899159623277,45.10237503051758,78.77274075484195,258.77882223749424,502.020883670549,336.72575394729773,66.06312167874908,1452.5629889559525
2019-02-14,26977.68546059305,702.1923835150629,463.1298303475669,286.07192798693177,242.90959244809355,90.77921492224694,43.95612766061953,76.88597442756266,259.1769139263095,502.4905346624277,327.8975834347343,64.48578076214115,1433.1582371156535
2019-02-15,27016.88608788093,696.2247274352593,463.80765454411255,286.2458250540592,243.68002866487484,92.41926816289548,44.65384258987092,76.03692469826183,256.3502887274521,494.82402674035905,331.94990168668676,66.8054117836184,1455.877143268101
2019-02-18,26754.287893333447,682.3002348704691,460.9027515862657,285.7985476481668,239.64662100484475,89.40511488916847,44.155474604835604,75.80108524378011,254.99665558655238,494.6948937464669,330.16494959843004,65.18165895213251,1450.0652011979466
2019-02-19,26666.240447328943,689.5608465113139,451.21997289364424,284.5065110816551,236.4743053701754,88.47427087556653,42.710206476778595,75.94259222379043,254.20041491973,490.6797040184521,327.1739389249771,64.30021391332495,1452.4668799867022
2019-02-20,26785.68946504424,693.8376463715977,461.0964431847583,281.27628583138767,239.73725606173463,90.8678553256288,43.70694235761392,75.28221064276862,255.0563692538401,490.3978632789404,332.8664398947833,65.32084274380368,1421.7268134423084
2019-02-21,26994.436216994665,696.7220093802595,463.8076234244606,283.2144060675809,244.99426786919864,92.64089265841882,44.703679216912455,75.47089994556868,257.1663923906479,493.49736292241994,334.60314874197263,70.51682362289954,1421.1983500542433
2019-02-22,26959.73720537039,693.6885050079374,473.5388782922399,288.30820019338313,242.81896213019476,91.35544851216628,44.952865016867236,75.0935510160771,249.02483405290894,497.65340511233177,339.0413537570648,67.68686764172149,1415.962822464475
2019-02-25,26933.885434349784,699.1091728597593,470.585637211282,285.2518943613583,245.9006373115021,91.08949442768754,45.7502555847168,75.42373233646549,247.5119655285242,491.95941489871836,340.6333235309092,68.104405455239,1407.3654368888022
2019-02-26,26853.4894308046,690.2570840400314,451.4136347010895,282.9907805322595,241.82194704027197,90.6905691056682,44.952865924154004,75.9425930062449,243.65019221542858,495.7397545538738,337.69060119977377,67.5476937477606,1421.7268246233357
2019-02-27,27077.785831814785,711.0941878559869,468.45539742893925,284.68040783887545,242.90958438968548,90.20298040031207,45.75025765723808,77.35767146186699,246.43703955742308,496.87862125674746,338.65546258044037,67.26932925777835,1423.6960845264118
2019-02-28,26877.688431879757,719.5482636394192,463.8075943730937,285.2518572232204,242.6376927093001,89.71539401704109,45.152212641983326,77.07464647594564,241.50033328717814,491.47800715607855,336.1951029186378,66.38787349298416,1429.1716980035828
2019-03-01,26940.68674334995,709.6518652217973,469.1331513022211,286.5688615599287,245.22081704497958,90.42460693619955,45.10237597415322,79.43311857617161,243.19236212268055,489.8695818722123,339.6684992332524,67.73326920594279,1423.359937452069
2019-03-05,27067.835726658137,701.8940626286652,467.6807720815535,284.70526958290606,246.26321126016396,96.18695985006664,47.743732232113636,80.84820202176964,243.63029280502914,490.49178686937597,342.5147593341363,71.44467913665717,1450.545482317502
2019-03-06,27617.77938442442,729.9418796546444,477.3635965635154,287.23970679920114,251.33890602379117,99.73301797821587,51.28215009859116,83.9613735778284,247.25320050917904,495.4462495857992,352.4042473993806,76.733429739432,1476.9626748848032
2019-03-07,27660.67893686282,716.8627765194115,489.95124954321943,295.48916283896574,253.28762329414738,99.28976957770904,49.737207568088245,82.5462890432869,247.63141433726514,495.3523439598972,358.4344567089046,76.50146788270227,1474.4650490108218
2019-03-08,27685.829003167833,728.0521673305301,479.3001699053952,289.0785038559176,255.4629048055365,102.52555096631308,48.59095781163095,82.87647926428295,246.23799088423232,496.6320765945006,356.7942496495582,79.19224181184687,1468.79747915959
2019-03-11,27839.776857734418,729.3451559851067,491.839435503175,289.77422971763934,258.5899651940074,101.50605532635596,48.98965624434146,82.78214025628077,246.43704316253962,500.6120550952951,358.72391958132334,78.03243105651211,1461.0163471697854
2019-03-12,28167.872337695913,734.7160153613335,497.6007746941514,290.71839581612033,262.1248496821571,103.67802172781222,50.385083547040054,86.6971987874869,250.9059681984067,504.1341543597376,364.7058386995896,80.49123984269868,1465.9156238636504
2019-03-13,28479.969542452975,739.5895488618754,507.2835328967618,291.6129125592848,261.1278438725261,102.614197721812,49.58769442285154,85.1877698554147,251.5130994382441,510.70883455598266,374.25762262196,79.05306436041108,1512.8903388721574
2019-03-14,29028.563224264664,736.0090341264497,501.57068075830955,302.62050291128344,266.9286739678153,102.8358236819804,49.836880222874825,86.31984939575196,251.41356352041146,527.1103025265578,378.2134699509634,78.91389515999786,1584.072502672895
2019-03-15,29006.66255912432,738.9431368432233,500.45711265727397,296.1849336186503,265.2065135898542,103.19043399523635,50.68410591138273,85.046284288356,253.18521453048376,523.8581351167194,375.1742622303448,79.14586136940227,1619.6157220112284
2019-03-18,29521.25672467061,737.0036118595476,491.8878465355018,303.53985640179565,270.9167310951381,104.8304873888738,52.32872465580844,86.4141677185782,266.74122178191624,531.1136480298233,382.3139765528698,80.21288554883661,1640.749500598826
2019-03-19,29702.254664018168,750.9280608179337,477.3635765820813,295.0915838452688,272.04966789304615,107.44570775647385,52.328722993957385,86.50851480290764,268.7318340867154,532.8982198162413,384.38836669921875,81.32630850389492,1661.883269305146
2019-03-20,29769.30346330185,756.6471061542497,486.0781258565248,290.44509893947486,274.4516224700996,110.94745378081937,52.52807109632888,88.44246155912772,268.55267196924376,532.7808741519325,383.61653179846746,84.43462355320831,1660.9226343248977
2019-03-22,29920.402319519566,760.5758687195017,484.62573415343536,283.76103786880157,275.8111399395087,111.74532381877438,52.42839449352075,87.54624031789827,269.66745274994867,540.059864680348,380.5773317173766,89.02748589266452,1647.4741437812374
2019-03-25,29329.059987442073,748.640531111081,482.2049902948661,277.30063826628077,266.4754333496094,105.40672076461969,52.328725245247114,84.66891917086355,263.944411344714,530.6675704353661,374.305958145717,83.08923600733185,1615.8693507160015
2019-03-26,29300.059502596858,743.3691472641652,476.39532289012357,275.80977604898175,267.15524236688503,105.58402180502246,51.83035420353875,83.86704116702204,261.21731534631004,534.4010835951958,371.41146254820006,84.62018152758152,1614.8126010533792
2019-03-27,30033.800614135034,757.1941085244983,474.4587437907229,275.85946572272826,276.6721970720122,108.5095260882101,52.77725757829823,85.942484812222,268.72185143230803,544.415654671698,381.4939471758538,86.7542447491755,1661.8834598430788
2019-03-28,30064.45139977709,756.9951732273555,481.0430614403226,287.2397115791793,281.0681501647551,107.93328928985528,53.22578823151506,86.79152543325633,266.34312886477073,539.7781116339524,378.9371039209851,87.12539544181924,1741.1350003763796
2019-04-01,30537.245599685037,776.7381981788459,511.7376358610863,297.4769577405495,291.6727423881903,117.9065976958653,55.71763229370117,91.46129274310216,265.9449968453381,545.988853586173,387.33112096389885,89.16666458574876,1726.2452925842629
2019-04-02,30449.744977453778,765.001914598548,515.9012758743872,293.22799047656804,293.3495966448338,118.52715068836059,56.06649102282689,92.73485981178302,267.53747403770814,544.7561849274861,385.9321147356451,90.6048409509244,1685.5627151810077
2019-04-03,30440.495962346256,765.8472240746061,515.2234885729056,304.63314597946624,300.0114245243638,119.14771124227074,55.11958918930814,92.07449992105546,267.13934029497955,538.2049412500402,384.9672902313475,92.22858819662291,1713.7572602620176
2019-04-04,30146.95030699995,758.8849422274216,533.5239754217749,298.6697070200885,291.400887854819,118.08389111898076,54.322198443942604,89.62168912551333,266.22368355669266,538.3574650224012,380.5290747607612,87.21817974299246,1703.7665406232102
2019-04-05,30002.50095059506,759.8298562861412,528.6826327902914,298.2721290861222,293.39490487303175,116.97574931565711,54.222526378896646,90.04622314346813,264.7506150001793,537.1952722507735,375.5601551258828,87.49653785718282,1679.1745440841657
2019-04-08,30201.14819452445,760.1779098017447,531.9263206512227,297.02972773114345,288.4551271338159,116.39952060399094,54.322198616925924,93.81975495547516,266.9403154034396,544.5212202883491,377.68282695605757,86.98621589236507,1699.2516281022508
2019-04-09,29901.15285591639,750.9281157151052,530.6191701229865,291.712306273453,284.55771421964226,115.60164824664177,53.973341415652904,91.79148403632543,266.7312980384451,539.2615849491364,373.7752472326155,86.47589068293075,1688.7807863494565
2019-04-10,29916.252594360845,757.1443879782438,534.3469722847525,290.9171742433282,285.3734517490625,116.97574711053971,54.22252761975925,92.16883920518924,266.353020445271,528.3194887685606,381.6386179706842,87.21818000974372,1696.514105096541
2019-04-11,29841.50325920492,756.3984635983255,525.7777827291043,290.2214269642101,281.8838893835168,114.8481177706938,54.521547067578155,92.16884167864059,268.67211672180736,527.1220149623596,380.6255376860219,86.66146418228712,1680.0391797990733
2019-04-12,29780.20495974771,749.3367655551268,522.8728699416257,291.71234012294457,285.14682113293566,114.09457954578625,54.222526378896646,91.13111114501953,267.37825602479893,528.8126185686696,376.8626944534189,86.10475926673382,1674.851798119268
2019-04-15,29983.151792929726,759.8796620467649,518.0314995050987,294.1473889518016,285.9626402384703,116.48816372350706,54.023177928554816,91.46128277345215,268.3337609033004,533.0156395917834,380.3361189950763,87.03261397788027,1674.8517796377173
2019-04-16,30235.897967019813,760.9736433409215,518.0315530145184,295.6879588490779,286.9596061737071,116.22222058847436,53.574647828438316,92.2160049653638,275.18140031879545,537.9348417530047,383.52008529025744,86.75424578258101,1684.8423095257704
2019-04-18,30656.14339962936,774.2019525406009,545.1434486802297,300.16056292042674,286.2345325968541,116.00058845213272,53.72415655106141,92.45184719439635,275.97764305030347,543.1124796030566,396.5452850605209,85.87279401391748,1744.4972143781015
2019-04-22,30282.147373592372,764.7531079271331,548.0482300889277,310.348125915176,279.88985328046203,111.74531663035796,52.72742088143548,90.56507597194881,270.7224554785149,545.9301270258738,390.0326446417167,83.41398250774823,1689.7414015866398
2019-04-23,29761.60414938001,753.364983050136,548.9197916838717,307.59002451604584,281.0228191584922,109.75064622410552,51.5811709576655,89.90471558914797,270.3143300570932,534.7884604256,382.16928007540355,80.30567656838835,1624.4189310370548
2019-04-24,29550.15595644635,750.6297317759106,564.2669698902637,306.571296781636,277.21606585565337,109.83930572512726,51.73068253151305,90.47074674773559,269.72716303308215,528.3194356927329,383.134117525671,81.37269377990437,1601.363800637
2019-04-25,29926.70277874531,749.9334991143354,587.7478520887006,302.1483602525299,281.8839033435982,110.99176237625585,52.079538770196564,89.66886251506772,272.4940904636172,536.9839128597633,386.8004631587624,81.65106535370137,1648.4344431390675
2019-04-26,29764.502896380218,757.8904078825387,575.1601530284282,311.59047707113155,278.1677107667297,109.21873303239836,53.0762756600803,90.42356808884763,271.1205441420832,532.0529708894993,385.93211637749164,81.14073612654607,1617.6944418756398
2019-04-30,29920.05288028914,755.8514221182177,579.8079092389617,317.3054728266931,282.7902558789781,109.04143725887532,51.73068363076525,90.47073715496332,275.14159846484404,536.5378186472684,393.4095425283982,81.79023349495928,1613.7559573617245
2019-05-02,29699.45518051227,761.2720249521676,575.1601711172892,316.1625026996785,279.2100767707709,102.83582734660655,49.28867335684366,87.4990746778898,277.4905437623978,545.5779607516854,389.50203243415376,78.1716112705565,1538.106612950816
2019-05-03,29811.30438826987,750.082662544591,605.4190653973315,318.54785144740725,280.07115990423387,103.76666435739725,50.73394468108485,89.3386722831198,279.95879897797715,555.1347261496682,383.1823679990323,80.67680615560792,1503.3799522054646
2019-05-06,29626.1561565631,741.9766922383648,600.3356145198172,313.0317105905865,278.0770628461652,103.72234647027378,50.285411661420426,96.22539579294904,278.6848792685042,551.3306937758582,382.555197387823,80.12010474557502,1482.534497939427
2019-05-07,29749.205584236595,747.7950666018675,586.9732274414745,310.59658903791836,281.6120060455081,103.72234380145436,50.43492066709993,95.23483204085419,280.6754471930937,552.2465343172764,384.0025015728594,80.4448529115113,1479.17233945813
2019-05-08,29260.95978026098,737.8988332047624,572.2553679952475,319.0448041645145,275.4939166910553,99.82167728191209,47.943077172557146,93.39523924226339,279.48109726937963,545.3548519453321,372.7139288224016,77.70768937121245,1456.1173110874633
2019-05-09,28893.613172510934,729.9419400966261,550.2753752074708,318.54788673098756,269.7384080668217,98.53622342654475,49.13916440974149,92.97072114902106,277.5302793800168,540.0598772785411,367.55208064390126,78.03242861835952,1427.4904679255728
2019-05-10,28927.26303236318,730.4392963643459,556.7628242061155,314.05045398709024,273.5452133829137,99.5557227742564,48.49128574121792,92.35751001430333,272.71305837573976,538.028917350905,370.0124179835148,78.86750461744225,1420.3339145497887
2019-05-13,29026.312132953466,730.0413885235895,553.2770620429484,318.4981645788482,280.977566845082,100.35358453049088,45.94960036060198,91.50846680952478,277.8886505650977,539.1324619988231,371.45967900340275,79.93452801952711,1377.5378661517864
2019-05-14,28718.41534952966,725.4662658769676,527.7142800117168,319.66600765348085,279.0287727121178,94.67987709975243,42.660369989748354,90.75375333932003,276.3957264815954,539.2849552861932,364.80235586274785,73.53234755328666,1338.4406040461938
2019-05-15,28925.11360223142,731.8316764794987,525.1483165787789,321.52957848553655,286.59704930445207,97.7826801444062,41.76330757813465,93.06504351904972,275.49991507644006,539.1206214007353,368.90289470693455,76.96539578433614,1379.459310131889
2019-05-16,28625.567123836852,717.0617765272209,540.2052636898215,322.07624902558473,283.2434466219288,95.87667191213362,40.617058129680416,91.8858345358235,278.06775550180197,535.4929016319878,365.67070121017156,76.96539241061431,1327.5854859813269
2019-05-17,28881.065194632174,727.8532955290382,541.0766133907684,319.4672079009089,286.09854112380566,97.29510136117914,41.065591295688584,92.16883423181294,281.86985426094407,543.1124725353436,367.7933271048674,74.78495312315901,1314.1366174309167
2019-05-20,30230.049119102063,756.1000765151854,571.2870893743952,332.984394630844,300.9178387499745,104.52021046392602,43.308250094384796,95.7537077495576,296.79942383507256,565.4191668575413,390.99748209403424,80.25927316868406,1344.8767507613622
2019-05-21,30861.741624237082,785.4409743464621,587.6995115465764,347.27182742391585,313.5165441814034,109.21873532967095,43.25841522216797,98.11217303375898,299.18808545173005,572.4633703229529,394.2296400096676,82.06859084059225,1440.8432618493841
2019-05-22,30410.29627438601,770.621360871293,570.8997500451061,348.86206098844633,307.17184861875273,112.32154108363379,41.91281559779371,95.75371524797676,297.19748709129055,566.3232247332185,388.82660655452975,79.42420604025573,1389.977970444821
2019-05-23,30962.440828669667,783.750059627981,591.6209881858651,343.89251716052723,319.9518163844251,114.36053365445177,43.15873708728916,98.34801543306897,302.37309164506377,565.6540527697989,399.43975283473276,80.72320282176402,1486.0888593994332
2019-05-24,30685.142853066543,775.2462157806972,600.4323967149198,343.49499280580585,312.6554509265342,114.71513585096726,42.161998274740235,97.16878704172203,300.5815224813535,554.0780302499783,400.88699802029805,78.31078732130607,1545.359318953633
2019-05-27,31234.537991999965,789.717798462955,578.016661667433,339.0223996967709,321.80989798549086,121.71861442299078,44.952862493872615,99.95177487227336,299.91468135280377,558.5862435883819,417.0478649993441,81.55827488509105,1583.0159296121462
2019-05-28,31710.932275966054,811.8975184265893,583.8747442678243,337.9290763941024,327.15749903812576,124.77708559154493,46.14895091801218,101.88571784478088,305.15993669835785,567.4152416751754,419.74941007824145,83.69233056482769,1551.4112387590967
2019-05-29,31458.88481851641,802.3990392291382,578.8880690282214,346.874256938202,324.4837137315449,123.27002427252866,45.600744327748814,100.18761241328265,300.4422178218306,565.9357657644106,413.5262770040585,78.86749640881834,1553.3326068986933
2019-05-30,31256.485684835076,798.9179657973355,571.5291814434279,346.89912553914144,317.0061180819268,120.56613109185385,45.84993056000256,101.36685423317967,301.3578574582458,567.297698440124,406.0488754030865,76.40868505532943,1545.263389769712
2019-05-31,31678.531623270934,806.6260631221171,577.0967723368088,349.80632333770455,321.17546422212047,121.45265355208578,45.84992931046913,102.16874331248265,305.75710036186797,576.8778844044375,411.9825427501775,76.26950470685533,1536.0412824793075
2019-06-03,31405.686465945793,809.1622604762861,572.3521709901162,344.21558319115456,319.3626741557712,118.70445100798376,45.10237792905387,101.50836181640625,301.2185245844174,569.880600871478,411.01771325700497,74.8777258740391,1537.0979647309907
2019-06-04,31532.533855810696,803.1946737276595,580.776226711434,345.3834221124015,320.8581709387957,116.66547857023977,44.85319368131868,101.88571875051753,304.5627915110372,576.455199877626,403.00962555741563,75.99115168865771,1597.5213926359556
2019-06-06,31523.582080912493,819.555949711022,575.6443697503839,348.3651519076952,316.3262925200047,117.86226164306107,45.25188966102554,100.94232977004279,305.07039516326137,576.032625098229,402.72016034685856,75.15609107626537,1570.3357363827206
2019-06-07,30942.790497742426,806.7255634998263,563.6860359534921,349.3590821543521,305.4497137566163,109.04143685710716,42.41118240356445,99.14989019645003,303.3286325044684,569.5636402958801,398.9573840267951,73.39316278130848,1469.7580086919854
2019-06-10,31258.83526863584,803.0454988047588,548.8228791528671,351.34689560686815,313.6071702395191,109.3073940656318,42.610533269357305,100.32912881533362,299.2477859464792,579.9657222199957,404.16739432669533,74.59937877433207,1502.4193741588565
2019-06-11,31171.887801655557,812.7430021418678,535.5090141578172,351.17296113903694,312.746062947479,105.49537386988416,42.06232577858031,99.90461527147916,300.44216163311137,575.6333862642075,403.7332480380859,72.32612399167097,1502.4194118353562
2019-06-12,31218.938463055954,809.6595958451185,547.0316501710154,352.4898660941029,314.4681708639932,107.53436279296875,42.26167604146099,100.56496636932518,298.59094577334133,574.1071991883874,407.15839353132475,72.79005698210246,1534.1200880763154
2019-06-13,30876.39177762303,806.8747816717864,527.714382710707,350.3529340706885,310.88803686276833,107.49003695954674,42.21183561193451,99.10273535350888,295.0078186406174,571.9820456714523,402.0448019450026,71.58384941121267,1460.1519252116502
2019-06-14,30983.089464317683,815.6769990745246,520.9363881466367,354.2789448038579,313.1539842217547,107.53436119409372,41.912815842316995,100.75365905758687,299.39713756651787,573.6258063646881,405.51813613293433,70.88796802657863,1434.214865217029
2019-06-17,30651.644039085662,795.7848936850868,520.9363005077482,349.6075653510071,311.5678465321292,105.80564736011848,41.663631115011306,100.32913126060156,294.21159984950043,571.7591781049204,404.21569572731084,71.44467689236616,1371.293944417781
2019-06-18,30299.09630356672,777.7327359071325,526.2134810267453,342.89868369389137,304.0902191360523,103.98829086445365,41.115426775187274,100.0932804168832,291.62381095530657,567.7672930038977,400.8387553166292,70.00650024414062,1354.9631559914778
2019-06-19,30526.144570208733,776.589023055901,542.6259095309866,342.40167718065817,310.978636581205,104.60885544722284,41.065591249213966,100.32913170879884,293.21628990666414,569.8806172147409,408.84682743305,69.82092655352025,1368.7002149770494
2019-06-20,30389.84633590552,767.8364248369561,534.050854412494,338.9230259486607,309.0752331922324,103.01312746324199,40.36787170329954,98.489531300158,298.69047393230363,573.7415790990657,404.9875422230838,70.33125963433575,1325.6641578308966
2019-06-21,30804.59170040728,770.571659058348,522.7565084472193,336.23943665763034,312.51952361871497,105.14077023401087,41.91281633849757,97.64048526955649,301.77589443353196,573.1864126263846,418.92934194802444,71.30549508664242,1388.1048968762252
2019-06-24,30680.592833527797,766.8419102592352,517.4013676874941,345.88036140354245,317.232693414649,104.9191327010046,42.26167678833008,96.93293825328685,296.4012332895806,569.8668761540858,416.2760657267079,71.44468321532177,1424.6088052318973
2019-06-25,30567.29427070167,757.1444447507113,520.8578416132256,342.9483099311697,319.6798964403239,104.78615829768144,42.06232759274296,96.50841330504778,292.987333021786,571.7332810542154,412.8508769322976,71.16631773499955,1397.7593047384703
2019-06-26,30808.8419854115,778.6776528536564,511.7540690981118,346.8742953809515,322.44435518098845,106.07161121279591,41.962651870440766,98.0649966389265,295.60502246131455,572.879228543472,417.2891083308293,71.58385323690054,1392.9079898879365
2019-06-27,31191.737227343427,784.6950178306681,522.9511186862487,344.88646303831064,324.574354013606,108.15491680220782,42.71020417663829,98.53668248198088,298.59093078405004,583.2868571230551,422.59566393638335,73.30037327301808,1382.3408886402553
2019-06-28,31280.636629715867,796.8292770204828,521.8801823520881,343.3956070894208,328.29048395360525,107.26840774973327,42.76004533214775,102.16872434661695,295.60503631955254,582.1646171675192,424.0429122454521,72.83645863563989,1400.5930013943969
2019-07-01,31270.635943783825,806.3774104066503,527.8681556990559,346.65063416849773,328.83435948699116,108.95278063574757,43.358087184065475,102.45174597515309,295.98326249195196,580.2743706224641,424.04290097177983,74.22823317657136,1371.6782857151047
2019-07-02,31414.285584061203,806.7255197753954,533.5641272359644,347.37122298766775,328.24515636009517,107.88896574724382,44.4544943144637,103.30078515259352,295.38608752222876,587.8349540878633,423.5604860145294,75.06330811983108,1390.0261685718958
2019-07-03,31347.334387075876,798.3211478554149,546.5623154238667,347.7687639390917,331.0549613756556,107.17975740784091,44.30498736742622,102.3573964059577,293.4054052570961,590.4339833290284,422.49919934508773,74.5993727349017,1373.6956169319644
2019-07-04,31470.634775484814,806.6319979523396,545.7347454938691,345.8804108121732,332.8677107820665,111.70099292977962,45.10237577226427,103.5838128059187,293.614405059015,589.4416001706891,422.5956609909943,75.62001102240578,1415.0025913473232
2019-07-05,31522.68499860224,804.6403541356639,545.5399806839782,345.2840099254075,334.8617635512796,115.24704383618014,45.052542218912905,103.25363184350773,299.55640094233905,587.1498206429052,421.10021206702083,76.54786302345991,1439.690472240715
2019-07-08,31346.48551055772,798.665271956089,523.9248248435238,337.92907679713556,333.5474620076324,115.4243548141737,42.95938787199324,100.47062918986065,301.2583381415335,584.6571846197711,418.7363657397439,70.79518436610105,1455.5888903159591
2019-07-09,30533.045337588475,775.2630343477626,518.9592226482574,340.26477999949094,320.40498753151076,109.83929618214955,41.862977852996046,98.96121881498718,292.81818018965527,567.9530553055912,411.0177033289728,66.61984204888755,1418.3645964018012
2019-07-10,30617.694195026314,783.3791900323821,510.48833878598276,330.47472248594005,326.79494386421936,112.36587128360986,42.710204922636855,100.65930456183962,291.22569410574835,562.0227559567246,414.87701996589027,69.40340607638768,1441.900017334846
2019-07-11,30706.642689259163,770.2837716173472,521.3933125507209,326.996063135021,324.93690658983047,110.81447298564608,43.009227399699995,99.71593180844727,294.41061872436615,567.7521765906135,417.43384133293785,67.77966070211878,1444.7817391524736
2019-07-12,30789.392343933876,762.9145087656726,544.5663880559492,334.4007037729081,329.01558477965193,111.65666198730469,42.710204334686196,98.86688735738724,296.1527411545083,571.296195397767,412.2719998256116,69.21782078876188,1488.9706702925741
2019-07-15,30688.493273372063,754.101383648065,544.8097680535922,331.34441321372555,330.0125872506401,111.25771979034924,42.859714885823,100.75366140615442,296.5610281611164,566.0983746794747,413.3333164890773,69.58896985822933,1469.7099757905164
2019-07-16,30532.295365477108,746.8815168894678,535.4140154469809,331.9159615892795,324.9368740535761,107.26839995621391,42.26167553346805,101.7442068428411,300.3452273673974,571.2962913331199,406.72418121527573,68.56833221707201,1426.529893969849
2019-07-17,30621.893895104626,759.9270446584762,534.5376589250976,333.7546832796536,329.96728237240075,110.10525787284665,42.01249301178615,102.03907511029708,299.1302975685366,565.3777724897216,409.66696932884264,70.33124958200177,1424.4165090009633
2019-07-18,30705.444068582696,750.8648374695834,525.7747823458346,331.93998055938084,337.12773026101837,112.89778430587076,42.76004509423558,98.55014927874764,304.9957622194846,567.7522175508764,410.05285595039567,69.91371606417383,1437.1449269457435
2019-07-19,30514.745257967203,740.4582395499491,520.9065078166901,334.3279919354167,330.9189835138373,108.37654805587509,41.81314128366196,95.53916271366995,306.7185781076638,570.5874559202653,405.1322188820757,68.2435887013576,1421.72674189994
2019-07-22,29616.70708355306,726.9646167261579,516.0382058415261,328.45739166629875,322.67095962624944,104.6088644991794,40.01901626586914,94.43991330202121,297.3577531324415,554.0486465007414,396.305132823031,67.45490827807868,1363.0803980357173
2019-07-23,29342.108841635167,729.8526114402339,493.44940292263874,327.8106508470683,318.32034509878736,105.31807668004082,40.16852564199298,91.71568573118083,290.78512743949136,542.117157811594,399.2550081664304,67.54769963008124,1369.5645977924883
2019-07-24,29085.111735718565,724.9729886653523,457.1319686021729,327.36287390420733,309.8456883417792,99.82167766244707,38.72325509643238,90.23409472491417,297.3577122455392,533.197957873672,398.33615316396794,63.46514255400297,1351.7931834799997
2019-07-25,28980.71361194105,708.2428040324327,433.374763143117,316.41760542353353,309.7097417280074,97.87133484548505,36.87929034683775,88.89586358889702,297.15852371877094,539.8726344855927,395.7731612324897,63.465147848180365,1314.1366357680351
2019-07-26,29062.16126616215,720.5414542488408,453.2373708777146,328.35788453050134,308.8939528600359,99.28976500652041,38.42423200346766,88.75249071952832,296.7601855459091,538.2659629391828,396.7887140344011,61.70221858866075,1345.357085502514
2019-07-29,29583.106039322625,733.1389421542685,479.72081133999484,329.7011830006005,311.7491076577511,99.73302368724018,42.46101856040095,91.52451045875372,301.4904561225269,537.1673729785956,418.7922221722303,63.88267099145334,1354.4830169459804
2019-07-30,29434.50816325935,722.9315130734407,480.0128953429301,326.36785228699307,312.15692159037576,96.71887098191091,41.4144453210551,89.56497014467047,299.74774869984157,532.7845639332455,418.7922287115771,64.20742181218236,1379.5072172011837
2019-07-31,28575.116777796546,691.1143379292448,463.4607612820138,325.8205801844711,294.6638543938449,90.7348826390123,39.27146446682381,86.02826112642724,296.78008986549355,529.2405417121429,409.99077310931614,62.16614672120141,1265.7691357967897
2019-08-01,28660.166509651037,671.1477183542015,466.3330431556691,333.8305334121503,299.83019923141194,93.08415283364596,41.81314435750164,87.8444118316535,299.93695862828326,527.8373718977099,409.36211392390425,64.02185295952691,1335.3664332161143
2019-08-02,28223.9216504625,664.6249635400626,463.94756444581975,325.87034037260867,286.0079010269763,92.72954884829954,40.965914928092744,85.4069464988523,296.361889508298,523.5512608464982,400.31896576587405,62.630069614135344,1341.0341305198108
2019-08-05,27840.874701787197,662.7328626376861,447.8822424363676,328.3330179601164,270.5088182034701,92.37493688995708,40.81640731456469,83.06507208325165,297.7560559399079,520.24808536213,390.4052368371306,62.16614839860036,1311.2546585363837
2019-08-06,27518.179689928045,655.9611169681095,459.5661175696754,309.70119116740085,270.8260565777017,90.42460700929044,40.71672800288866,83.16065903427186,289.64990914424203,513.1324317569491,387.8422113635931,61.88778744752431,1333.5412244984002
2019-08-07,28053.523251176848,676.176773143163,471.2499800492732,328.3578924327527,274.0890153083865,92.55224304630993,41.4144476204665,84.2599126437783,297.53699161750956,518.5786614051232,395.86985254048335,63.325965240456355,1361.2073771258538
2019-08-08,27839.776574427422,657.8532066488921,463.4607525701298,330.4474611383416,262.84993946768265,87.27747691634578,41.314774390747246,83.35182541962392,295.76440266268037,520.4730424198932,397.5140889365014,59.939298779299186,1380.9567651579805
2019-08-09,28293.32191750354,661.4383165574847,478.0655857535676,334.8255491792486,268.5601071598606,89.31645833108884,42.610532190283124,84.45107343980517,299.9468883871636,532.0759215559696,402.83363227461825,61.934183019135276,1385.785331663928
2019-08-13,28356.47122052659,659.4465577375382,486.63374027177343,340.79569417111594,263.6656605400128,88.6515671017703,44.155473679133884,84.5466539519646,303.7510215374593,538.3035443330222,403.3172123157564,61.88778912702381,1366.4712421726838
2019-08-14,27885.175384519403,650.0856624639512,481.23000315172493,341.2931821849523,258.363329067087,87.1888212294473,43.0092296397152,79.91068919217311,301.7394240978003,529.3290782043871,398.38455386916013,61.14550974527397,1341.362827900855
2019-08-16,27919.97610645488,661.239114170472,485.854834834616,343.28324547578933,260.9918781294573,88.69589980384843,43.85645531826332,80.7709840541188,296.5610440192446,524.2617332329899,404.0909577441148,60.82075845142687,1332.6715450118486
2019-08-19,28330.92018524964,675.977501173448,491.69679269616285,342.36285740908767,264.662689221481,91.0451626713645,45.84992838525001,82.39595695782032,299.7477464643528,530.0631067837647,406.3154950447453,63.047606365113666,1392.5452241524047
2019-08-20,28163.22249840052,682.3012092715481,483.12862220250423,347.26336272615214,260.4026823459211,90.6462411780775,45.25188977899126,81.91802193484871,296.869742144758,523.1369509309908,406.9925150980617,62.6300673689509,1401.2367031031154
2019-08-21,28020.674223870457,671.1975371070696,477.0919534509224,343.95489882267134,258.77122621919875,87.49910586596215,44.60400857512324,81.24891708072995,299.5485447823212,526.8427485595611,402.35003533536457,61.006332814066006,1364.0569880524301
2019-08-22,27689.72869947021,662.234968587413,456.6451783958585,343.28326075335707,252.24530835389112,83.59843954225168,43.20857497424748,78.38131105828525,299.538613237207,525.8837748919289,397.5140727630505,59.47536758399899,1319.1034136560763
2019-08-23,26835.038538656274,657.0068184191757,448.85587513973815,332.33799423905833,242.09384423471317,80.4512955160702,42.859716831952674,76.85191537779065,294.7486121397981,511.7116586774683,376.23596972847616,57.062954382337516,1293.6571404648755
2019-08-26,27663.628333670706,674.434045230112,471.24996791641775,335.67130831625786,261.0371837395555,88.56292878140358,43.85645426085394,79.3371810913086,298.75189196680424,519.7389861887867,393.6453448886707,63.09400551219404,1299.885903431722
2019-08-27,28105.974839565915,694.1018581516005,461.41606065968824,336.8156021899795,257.4116591456916,85.99203053702311,43.756782950125526,80.91435582116583,301.54023895553047,534.2071315487987,399.25501005921717,61.98057745052452,1313.357525466249
2019-08-28,28079.924535986804,682.2512776882668,463.4607189856361,333.3330127114862,259.8135498161739,86.16932364082993,43.15873914055746,80.7709784817514,298.5925298406471,532.7862596352718,404.28440135369607,62.44450238689263,1331.7058676063716
2019-08-29,27694.628296168332,671.1975471096488,461.9028975615906,332.83548899835154,256.6865806616198,83.33248069173175,41.86298068734102,78.19014004595746,294.66894070737214,531.8391831377588,396.45017736447437,60.8207647089835,1310.4604336015436
2019-08-30,27407.582262803728,662.1354294916491,472.32105483759653,330.82059828537746,250.1153156432161,81.82541131677706,42.859715928993545,77.37763483559078,288.41510147786397,528.879159072258,393.1617694265638,60.542406119362056,1312.4401771423318
2019-09-03,27238.88188345207,656.0607037670951,455.6714736133552,336.31805427035596,246.53509527249275,81.5594553020915,42.90955444407408,78.71585049690363,284.61096810906673,525.6824862183307,391.7593062962526,57.52687993606722,1332.6715882938204
2019-09-04,26785.638682983168,641.5214345913199,445.4967556135163,333.3330184154893,244.45043787209747,81.02754042412762,42.610531767002584,77.32985264112074,281.6433633479438,522.6041876837775,378.17031249999997,55.57839584350586,1293.0777111519515
2019-09-05,27086.634777211777,649.2889708453764,442.04031759213893,335.42253434139184,249.2542343281119,83.02219725522212,42.610531938618415,78.38130753128617,285.18853655936846,532.5494549038609,376.76787270636686,57.2021363820315,1281.4892566271508
2019-09-06,26986.186629166168,650.3844135500937,439.50878036487484,335.94496303717756,249.29954609395955,83.33248036057294,42.90955153887054,78.3335123839592,281.32467867681726,527.5769022891758,378.1702980647559,56.92377612462761,1275.7916892693997
2019-09-09,27240.032374857918,664.8738823743364,440.0929805295477,331.5917051931159,248.30250425153017,83.33247902215999,42.85971559598476,79.33717978657155,286.60262098817105,531.8391081769959,380.104713374007,56.877383371312625,1284.3864453490753
2019-09-11,27638.730106851595,671.7451841657155,441.06663514112324,332.83548625198256,252.4265880802031,84.70658946077228,42.95939029019213,82.58713525426755,293.03577682821896,538.4693261543216,381.94233560391757,58.08359543263927,1294.622930000758
2019-09-12,27870.475952945428,677.2721102899919,439.11931390019805,328.28326128098774,259.9042142698734,88.25264417014228,43.75678093168528,81.91802391418562,294.7685517472415,532.9520179463601,386.53648008072315,59.89291000366211,1331.7060187754282
2019-09-13,27771.67762105743,660.7908904869269,446.9085584995127,332.2882427021491,258.31805675955434,89.36079789064613,43.059064089025455,82.15698355529669,290.1876822356853,533.0231058404166,393.4518834170822,59.892911873802014,1341.3630528785457
2019-09-16,27867.67562993628,663.8282434335431,442.04024765974805,331.5916910816453,261.2185003423145,87.72073029994735,41.962652609440305,82.6349256378762,293.57351386713145,533.2362149247615,395.09611411967614,59.52176741252105,1332.7198566964967
2019-09-17,27764.777815818077,664.2265788492341,439.995595903552,330.0742966166528,258.31802868596515,87.36612937294313,42.71020313257235,81.63127896991044,293.0257950231463,532.2889871447702,392.5330797793974,60.032079095641826,1328.8086708579979
2019-09-18,27304.38127488501,642.8160741311668,437.9509430131048,320.89521395681464,251.24828525920108,85.01685838716074,41.76330530978683,80.57981158757558,288.79349262546583,525.0432321946903,392.1462185865954,58.31555304090536,1294.043440477924
2019-09-19,27175.133822939515,645.5047448864661,433.2773633610621,324.87528869354946,253.74083186236513,85.06118240650665,41.36460990584838,80.77098476699216,291.74116087107177,520.8992101477138,382.7160845210496,58.36195265897307,1287.1869827355413
2019-09-20,26878.338828739175,638.3844800286959,434.93261956838734,324.82556641085074,248.80103910478,83.95304018302228,40.51738467211707,80.34084175288842,289.78934273421925,524.7353317954808,376.23599436868454,57.480492908378025,1244.7926370515738
2019-09-23,30039.051048267083,700.9731755151801,491.0152749294153,324.87533687829097,278.75684309144657,91.2668011009318,43.806618141462494,91.62009606087139,313.6895014953725,596.5075490128261,421.5003229500866,62.16614544833279,1411.8593975845818
2019-09-24,30431.645538392728,725.2219378011574,519.9328519215222,339.8006608414133,283.83261327037945,88.65158292252273,43.208574809989486,91.8590571162751,325.30101243569527,591.9847670120035,427.0133018296496,61.702226699004996,1453.384494905217
2019-09-25,30028.701884187587,699.0810988980297,486.8285112215365,333.308149021264,269.19460708386765,87.0115127015011,42.361346636960285,88.99145303957512,322.0545076785103,591.9374420908302,424.6920634823641,60.774366590001094,1457.247454920471
2019-09-26,29640.20539069824,683.745120405908,476.2643419684503,318.9051590636344,255.14569820719925,83.28814960580912,42.7600427931269,88.41794333364932,320.06287260828816,587.1541973494428,424.5953615038133,59.01144283407807,1455.3161637653675
2019-09-27,29974.600418656846,697.2885283119471,491.69678588761,323.4325097858928,256.2333324216593,83.77573960001595,43.45775701684042,89.80395142017518,321.82549723561954,591.1559687450147,434.75080730269593,58.361951050860945,1486.7979775961307
2019-09-30,29674.456253704077,701.1225103242663,487.80217958419286,329.80068363480893,255.0550727035702,84.30764088977698,42.41118326272471,89.66057213910965,325.6594524329056,581.9448098084057,428.75421483926203,58.686699779511116,1425.186049993457
2019-10-01,29225.810585310144,684.2430060237609,482.4470311915143,324.55192175289193,247.21488758543833,83.33247830636472,40.0688530725517,86.98413198965568,326.396401866785,583.2234113411605,422.6125876251673,58.40834472768839,1349.0885980003434
2019-10-03,28606.36690325275,672.1933828177092,458.5924696010482,323.3827749268301,230.22028036306972,80.45130320799667,37.87603025059941,83.5907957584958,327.48183953911973,587.225229523867,410.08752867316883,54.279396409584926,1250.5867153275587
2019-10-04,28681.56708467225,667.1145823776787,467.35537575937167,325.8205926559266,234.29898204126886,81.55944275796934,37.277988010355735,85.40694950264674,324.6437165788451,585.6623494935137,414.43988398306385,55.300032491897085,1236.1013215391529
2019-10-07,27909.576472913857,658.2017557705575,475.1446504602869,322.686238150849,227.95434176550373,78.235018907782,38.12521295330597,82.01361201333349,311.2994566773706,568.8736503444584,401.4795592728844,53.81547286520879,1231.2727913590688
2019-10-09,27901.326665065615,669.1062618157048,469.40005535002746,325.7708530924561,226.68541925898572,76.4176482187353,37.327825349948334,81.48787525806938,310.5625433206194,566.9320361805413,406.4605719295872,53.11958127807955,1198.4388874694848
2019-10-10,28542.616881693182,677.1725290920332,469.30267504811343,320.7459973382466,233.8457965892598,79.69776410670798,37.975702326863846,82.01361551218979,318.6487820968105,578.6295976927835,415.8906638109647,53.8618635815986,1265.0723121279761
2019-10-11,28245.22224762216,673.7369216523832,521.977480804361,319.4026825971993,232.21432954482393,78.41231597047856,37.078639240528396,81.10553002465569,317.7126729809124,574.6514306549836,413.9079312873646,52.56287090005089,1193.561872131776
2019-10-14,28238.17121657411,674.9816478285244,563.7473431140551,327.33798878730903,232.89411307474396,78.01338522358273,37.37765811137017,81.1533275996237,318.2703916226274,572.5676524827331,415.8906411125036,53.073185975494596,1197.4730332072056
2019-10-15,28257.52103447047,679.7617507937919,555.1792467020985,321.3927079133639,232.44090412101997,78.23501088402489,37.82619326505165,78.90702988158176,317.75249519349023,571.6204506216349,415.8906592326785,53.16596910342121,1213.8417452550818
2019-10-16,28689.11543479885,690.516845703125,587.1152287532074,322.1638442713333,235.02407045856157,78.23501717618727,38.42423210345784,82.20478055542364,321.65623003018777,583.2944705036012,420.2429854086292,53.95464937343484,1231.2243145849247
2019-10-17,28596.01630057809,687.6289575860221,561.5079858468005,323.382773209235,232.3956101917702,77.39283574650487,39.37113513643582,78.6680658187505,320.6603822766202,581.3291308293577,421.69378402102126,53.25875960228993,1232.238522899092
2019-10-18,28954.464810379806,706.898410850274,553.0372125188637,323.38280392363515,239.6466305343712,78.81125764038168,39.96917692688631,80.62759793975384,319.4255123850934,580.358229690361,423.3379972419774,54.65054093744785,1286.3176464673254
2019-10-22,29415.908143860725,709.4378565698705,539.4060702348984,335.8205801514469,245.0848784176185,79.34315886210227,39.5704823353185,80.7709806059063,324.0163735485506,595.2998389731792,426.046137654268,55.903138965245624,1294.0434512053737
2019-10-23,29478.507589157187,715.0145511027824,545.2479930725044,348.25836830015527,245.4021319621234,79.87507090990775,39.91934173104223,79.91068835776544,324.643744520798,590.492927708308,437.1687962696536,56.36706577963234,1293.077623749171
2019-10-24,29604.005956439607,716.9564495755765,546.2216665769852,348.10911754988405,250.1606166294643,82.18000926567396,39.670156660378126,79.76731554006174,322.63212037447136,591.0375617301415,442.39159343125414,57.155735378141934,1294.2365152932011
2019-10-25,29228.310538991373,705.0560836100702,561.8487278465037,338.30813106350655,240.9155251314627,79.78642029487213,40.617055811130356,77.4254364298883,321.42714072776545,587.2489562938619,442.6817700561398,55.20725064590617,1243.8268834698542
2019-10-29,29527.255973412714,703.5623534302881,581.0785217298762,340.2981737423845,256.6411760973529,79.8750624332842,41.81314452145141,77.75999594318975,318.15088688260806,586.3017161563129,454.77158853675166,56.18149607707509,1231.272632380808
2019-10-30,30005.351351509682,741.9022523719515,598.7017485146412,354.7260299638558,256.5052675193693,82.80057093430867,41.613794012630684,78.81144969168665,314.6654581843423,590.516628932025,463.2828271888922,57.434098209571154,1269.9007599940603
2019-10-31,30168.299590541596,744.8897912346434,603.6186657965809,342.7857018041267,265.8862921738295,85.32713953896163,42.660366732007766,78.81144551249135,315.4720563416307,595.6313250999839,459.41410466412475,59.66094770322246,1259.229713375048
2019-11-01,30195.80038596474,732.9396934637081,600.6977372305197,343.28325063796984,283.15279905825935,86.43528385162354,44.404659695877704,80.38862125714026,313.0919920640501,586.7752317027432,451.33804713336883,60.8671497070023,1282.4550010965406
2019-11-04,30415.545910002347,751.810891570494,582.2468977588718,344.2782607752869,286.4157638104426,89.05049837630399,44.10563900411787,82.68272468631235,315.4819920680996,590.3035115605496,447.8078305186678,62.90843220542393,1327.7947332327633
2019-11-05,30402.896303912286,738.7155474547849,575.333906912824,343.28322374895794,284.51239726243904,90.55758933576816,43.7567827811936,84.9290087667456,312.41483169419917,587.7224666692404,456.6092531560922,64.02185082159448,1307.5633195025198
2019-11-06,30224.848214035075,733.8857837566347,572.4615934242378,335.7707891621613,289.0896316083001,90.15865439067277,42.85971598905675,80.86655869756443,309.99493620822466,588.4091130876647,451.8216540917099,59.80011930107139,1275.9366085595013
2019-11-07,30722.243102651384,746.8815375526327,574.1655992302528,333.5817361976887,288.4551453942245,88.56292641984565,42.76004467505608,81.15332734757246,314.0877947892782,597.194236410899,467.1515916650373,59.614552740452005,1303.7004865057054
2019-11-08,30570.945429551834,732.840118033271,553.0371960971629,342.7857593871097,286.5970888902032,84.83955643595752,42.361349787363444,80.2452496168005,314.4662508766484,596.2470509314959,464.975410202504,57.38769862534801,1320.165782816735
2019-11-11,30664.294298563276,720.3921314861886,537.4100108342607,342.63648664206227,285.2375347015374,83.33248521873988,42.161998013646624,78.38130878200641,317.65294897987883,593.1924059296649,471.9875103982753,56.87738872230171,1367.437091701618
2019-11-13,31084.38820903183,730.6493044033596,537.7020733878608,358.2085821552135,286.4610937935286,85.99203249280315,42.46101983721162,79.43276739511975,322.0545542691135,597.6441038503623,480.49875067823245,57.38770290379361,1395.4423400315197
2019-11-14,30615.444918648664,708.0436895413932,550.4082682060869,403.68123315312886,278.2130609091761,82.88922213541595,40.86624015851576,78.85923419478377,319.86370753594423,598.5202419214672,473.6800923152925,56.04231897283124,1351.69599478022
2019-11-15,30912.04018114848,713.769727810797,545.9781324212704,407.95982898875764,282.7902505674288,83.02220545883472,41.813143024551366,80.77098210124197,319.8637595288021,608.0157616503795,481.5143248624535,56.506248121070016,1329.8710659874591
2019-11-18,31036.44088790875,714.8153592303404,549.142574141897,399.50209721583735,293.6668263418417,84.13034522042085,41.91281452652252,80.72318617065345,323.9765014052052,604.7717048271187,482.38482446621185,57.758842348836204,1314.7095192062884
2019-11-19,31044.789331885862,721.9854872140813,540.3796659883086,399.0045707497548,295.29830194363353,85.10551313920455,42.61053375191615,83.0650713107082,324.6238306576301,599.2307161006366,481.6110643828033,57.57327339287353,1334.603056004308
2019-11-20,31291.98509140052,744.8897762546953,522.8538449535235,412.9349124821377,300.91781879500485,88.65157280852975,42.61053120298485,84.40328585452923,323.2495700227925,602.8772856129011,478.9512923363972,59.846512883229316,1353.9171256176835
2019-11-21,31412.884028155822,745.8856663567178,516.0381983249882,404.4274981971032,298.4253032900131,88.07534062561417,42.859716494521436,84.59446124185008,319.3558173333547,601.5750020593154,481.75614236499155,59.38258862401186,1429.3387098058615
2019-11-22,31389.235052575805,734.333919459466,521.0525831514391,408.9548307885281,300.4193486677677,87.76506376241558,43.00923048896677,84.40328113224196,317.06536780059105,607.9209745480895,484.65767283065344,58.64030771520366,1400.222705679484
2019-11-25,31064.738132880222,728.9065697500102,516.038222149415,400.4473676617905,298.1987059312242,87.85370827807628,42.859715928993545,83.9253481919383,313.4902782531409,598.6860050379559,475.8563268188704,59.38258818199707,1396.5528914482936
2019-11-26,31692.480765520988,753.653138807502,528.695689732059,412.6613226754064,306.3560963842446,89.4937647513905,43.856453167984405,86.02826697152908,318.86784979831896,605.4583579923924,485.33469527795165,60.07847977495218,1443.7275287433747
2019-11-27,31832.379409167108,751.8607141137369,532.3469708852853,400.94487495030296,304.49804661773214,88.91753385879196,43.158736442466335,84.02093547095028,319.6545437292915,604.2980091100126,497.03769847779404,59.01144537070964,1466.90441830798
2019-11-28,31981.32781222473,749.171886341266,537.0692417450992,410.6961205509253,314.37759338874093,91.17814554840568,43.40792240465645,84.11651906572233,322.0545187244486,606.2871254085217,492.8304119542971,59.660946369502064,1473.664337114419
2019-11-29,32073.77780940563,746.7819734321629,569.0052410164864,404.42747744423576,316.1903568712346,94.81285956988961,44.30498704219609,86.69737528315432,320.66033277044977,600.3673301676463,499.0687344480009,62.212536418073405,1502.6355549570421
2019-12-02,32007.92809407514,736.1762101718538,566.66840902487,408.95480959228735,311.70376779288716,93.08415419356899,46.84666625564457,84.97680630658641,321.55656218570925,603.3271836430782,496.60245433574767,60.913552325725746,1537.4009730924809
2019-12-03,31919.728858988845,741.8524874962908,556.9318400684809,417.4125337516966,309.0752590250348,92.55224413439143,46.74699543816987,83.39962073667698,325.5400083360692,600.6040648502295,493.02383199041407,61.23829254882297,1525.0398127125713
2019-12-04,31548.934677299923,729.8027876193069,562.6764529635544,404.00459634342565,302.82126504881165,89.53809476185994,44.85319203960955,82.10919595506581,327.29262586318964,593.1687734559762,493.2656426445515,58.26916610238316,1485.6389929912793
2019-12-05,32083.42732389064,739.9105386560733,554.9844896292035,405.3727250758779,310.8879750761623,92.95117213023988,45.80009248852716,84.11652895353026,328.87603241768875,594.6368793688133,515.0757249783763,59.38258750490078,1491.3369264080936
2019-12-06,31796.77984698372,729.7530218337423,564.964453028751,404.5269533330436,305.17779907383954,91.57707736217931,44.65384357787357,83.16065101989544,328.6270916927223,591.4874330163,512.6577517539172,58.03720359049504,1464.9729303445974
2019-12-09,31321.037054273773,710.4834430291231,548.6556651511626,401.98967524407647,289.08961535808913,86.03635748763364,43.10890055959911,80.34084954986194,334.19382140064073,591.7480196412462,506.8546826201018,55.949533293574405,1407.030802380792
2019-12-10,31386.036441268017,727.9604289738666,528.647055159335,400.9946100850047,287.5034612741451,86.65691819301779,42.56069512417611,80.62760784234777,331.61456634209003,592.4583675755458,508.78904098378206,56.32067277248133,1409.9279676183326
2019-12-11,31151.288330894113,708.5415668117978,507.27535329281704,397.98469413716145,282.06516601798666,84.88388232555432,42.21183448087019,80.29304236403698,331.8137606369705,592.0320320927822,513.1896926235871,55.57838985831527,1370.0444184983332
2019-12-12,31356.437172788068,716.0103873031994,504.35430236609307,398.0095309655616,284.6030279012298,85.37146273850954,43.05906677246094,81.05774786133438,336.63365269888294,593.4055784762097,517.3002806963412,55.624786170385335,1375.4040471064693
2019-12-13,31775.180515823813,722.5829752537105,504.84121052269796,399.50210112789716,294.75448722359505,87.27747528067235,43.20857454748083,81.72685358318321,341.8120005194629,599.0885828591198,520.2502454841018,56.83099099861617,1400.0294149262224
2019-12-16,32158.626761445234,749.1221544017518,502.4070082748182,398.0592807017235,304.49801958189715,90.60190979493113,43.7567827811936,83.25623561584507,337.3905115534627,601.1012822455773,521.7977661642146,58.547518902262304,1452.901909794667
2019-12-17,32082.028015201402,744.4915260777742,482.93388977050785,397.5120597930892,302.05081974396586,89.93701144508059,42.90955428095282,83.16064833611732,341.7821051486115,596.720604184195,523.2001053753017,59.19701609257437,1448.6525885275792
2019-12-18,32291.874441760934,742.6989690086795,469.3026949462891,397.0145322383894,303.6370086595433,89.93701790882213,42.8597179953604,82.44374796401623,342.36962505207003,607.6131642399483,524.2640124799556,59.985695893793725,1449.5217069281243
2019-12-19,32281.27492304554,740.0101643214728,487.8022026350798,393.03446932112155,296.7032219491152,87.27747765284577,42.46101954494736,82.20478034822776,343.5546588743045,618.032022855032,519.573108070632,58.36194988162908,1441.796149217948
2019-12-20,32266.47403090143,741.6035518242188,509.3199401465286,395.1239942365329,299.42237091941263,87.8093948085913,43.557435754583395,82.87389693294519,343.1961899922507,610.33631822104,523.2001109034006,59.24340969055354,1439.3819040344117
2019-12-23,32380.624518187746,733.8359851347388,492.71913564574925,396.4672771742344,304.2714321964078,89.18348566790078,43.05906569085238,83.49519975896457,338.38628752979906,615.190510242462,529.0516163717649,59.47537325459553,1436.9677627676992
2019-12-24,32337.425118500745,741.4043407766582,492.670459810633,393.0344112243069,302.00553603005307,88.47427702133862,42.909552047530326,82.20479218607493,339.57134864111356,615.0010771801632,524.215646206785,59.15062626515786,1443.7276071739823
2019-12-26,32275.776067533763,734.4334029374444,486.53642681321304,392.9349590578082,301.8242353142542,88.91753961344489,43.40791992499122,81.8702392578125,340.7862837918315,610.7862441018287,523.3450713356382,58.82587508625829,1465.0697504965
2019-12-27,32142.126185205132,735.9272362842129,489.74949036576623,408.1588471391317,302.1867657379973,88.34129470231333,43.507598771997685,82.20479077552538,339.58133108494917,602.4036994485294,523.2484647337017,58.73309121084169,1472.4088392512908
2019-12-30,32486.221121878654,757.7361906263535,495.5914629031969,398.5070934135373,306.12954572977947,92.24196762222836,44.8033561706543,84.40328830592541,336.59383862277326,607.1395825893263,531.5662588596717,60.542404357426705,1472.6020743005831
2019-12-31,32345.574034170586,750.7154560076801,491.3560346583472,398.00957441068124,303.0931692104103,91.22247617852184,44.80335633787562,83.6863759982178,336.67343272742113,607.1159397427451,525.9565909195592,59.753731905259315,1478.8792252854203
2020-01-01,32237.525775003018,751.7611465898424,497.34399407389935,399.99958391729393,303.3650835353448,90.64623956208624,45.20204867901675,84.35550021319322,336.3946654745437,604.345388393747,522.1845425843054,59.84651385000492,1460.1444855850452
2020-01-02,32132.777047399653,746.8814982644955,489.70081555579077,394.7757467278056,303.1837850378776,90.51325463484358,45.84993088909473,84.64225574454854,334.60209974376227,605.7188543538712,518.4125330945819,60.31044345200036,1440.589165916468
2020-01-03,32326.573174178196,750.0184405893136,482.93388493085206,396.41750366957234,306.31082080242334,92.15331072893775,45.949600621708406,87.94000636523889,332.79963291921257,607.2342686142049,520.3469205137261,61.748617674313806,1471.732984870499
2020-01-06,31910.078107181394,736.3753272014796,491.69680428086684,394.52696859392273,300.6459432623662,88.60725012887258,44.90302927139724,86.41061344723715,330.04116639354436,596.720662743602,519.6214735566382,60.21765822624964,1463.0899047132314
2020-01-07,31597.683236195484,724.9729442064244,489.65214253247547,394.0294586287679,294.07467393073466,86.52394006781797,43.85645443269576,83.92535443914896,330.82788701160246,596.1997455707353,513.866772253729,57.619666176970064,1437.4022846804585
2020-01-08,30995.139167838955,712.2760100749708,472.75915823906655,395.0245059905577,282.88088383528265,83.3324816378172,42.859716494521436,82.5871377110212,329.5631436072042,590.5403361902679,499.0688234471546,56.599029668879254,1391.5795597417693
2020-01-09,31747.880953580752,730.4998514399865,478.8444804247799,419.77571686663373,296.29530945606115,86.21365948170616,43.60726978537747,84.0687201614316,333.30751352720335,599.0886549789353,513.286469844567,57.805236292670024,1438.899146272967
2020-01-10,32215.32479696589,739.9106466081302,476.11825870163347,414.8752400742696,300.0114354807421,86.65691236880075,44.45449488742502,85.98046982011897,333.4270328506564,608.1341038414974,527.0205785476709,58.40834251001965,1459.0339774562847
2020-01-13,32138.727009432834,736.9230882563033,482.739117408849,412.93487567025846,302.73061361046155,86.34663554238172,44.05580337578283,85.35916282461154,336.99211004278675,607.4710726189669,521.7009211901753,58.22277383595752,1448.363148295196
2020-01-14,32196.074720256132,736.9230464139746,507.37267570504764,418.4075647519226,298.92379910381305,86.78989075926266,44.15547396324489,86.02825251891329,337.78883385517696,610.4546123739822,518.6059947734109,58.64030379896061,1492.9784821263574
2020-01-15,31994.37888927014,743.9437809411666,505.81484384211296,422.9100435668128,298.19870251587196,86.52393240047314,44.554170860344634,87.17529597836918,333.7954851102102,609.2234256414325,517.542040984465,58.31555619185212,1413.211441007896
2020-01-16,31810.180192517248,743.3960109679507,482.44705169800164,427.56178542049275,293.6668250597939,86.87853933779044,45.10237577226427,86.98413307503105,334.38304306862693,607.163288419645,516.381420952677,58.82587927490242,1356.8142486774284
2020-01-17,31571.283423967638,731.7944964521888,464.43441233169017,439.3030694338441,283.6966507629778,85.10551221608327,43.35808563232422,88.60911045314006,339.3622700463089,607.0211887708494,516.9617232529095,58.3619517978279,1303.700456920757
2020-01-20,31923.578086853824,739.8608424131603,469.3026874269474,439.8005647560323,290.9477120174724,86.74556711695337,45.301725322644145,88.32234764994743,340.3779633902688,617.9610470531414,515.5110194223838,59.47537511527402,1320.986664440288
2020-01-21,30978.489870920832,723.329828633205,468.3290212918278,439.8005568775393,284.42176202550536,83.95303936566701,42.85971848417709,89.85174973230583,319.66452127202587,591.9847425595085,515.462618931207,57.1093434720901,1286.3177657410051
2020-01-22,31061.23799468073,714.0186918673521,467.1606207211491,443.8553531594585,287.3221550092219,84.66225832497983,43.35808454495808,90.95098890564405,325.2811120038192,591.0612337852921,514.0601963853084,57.61966636284926,1300.1755315723262
2020-01-23,30741.84094230153,722.03529958986,464.2396718211383,453.2334013714638,286.415771393133,83.50978310635502,43.158735535292934,89.37381175207713,316.2787071431742,587.2488262432006,504.29155756162544,56.645422686161545,1284.3864413416331
2020-01-24,31039.73867292982,720.3921351836434,463.94757566551084,487.56172434841676,293.21363025935,84.21899977838045,43.35808415846391,90.32967674732208,319.75416372029747,590.0903656704809,511.88402956783887,57.2949170213081,1288.249137897532
2020-01-27,31110.188222991346,729.4045024762349,465.79751050772893,537.3129099703218,290.8570414995215,82.66760131914587,43.756781445566034,91.76347744686404,324.3847902230332,584.8810010611223,520.8305054562987,57.48048858996691,1266.5209504430234
2020-01-28,30921.64071209118,735.3297634482253,462.48709950711105,502.3875424748886,288.1832531708622,82.13568850578088,43.65710598103598,91.62009951365013,322.6520676009276,577.2088015490133,520.4436215319593,57.06295811046254,1237.06689453125
2020-01-29,30914.739790936612,736.9230594265343,452.75053721152466,527.362596696095,288.09259460687383,83.11085681604592,43.25841478174144,91.66789634647684,325.241214845464,580.2870703512955,514.1085436717585,56.69181100475031,1225.3819400763005
2020-01-30,30888.891726118825,732.6907099927466,439.11930385620303,521.3675398760491,287.09558204297446,82.88922987611944,42.41118474635852,90.52084944871885,326.19722333576453,586.7515702363573,510.336491441359,56.691815171021275,1209.0614592056181
2020-01-31,30950.141223020266,731.6451493832767,434.25103616443073,524.8750701759517,284.3310831132771,82.88922324530917,40.866243125929714,89.56497956454113,340.50741403633975,583.1997343998446,512.6094336555489,55.995923367466766,1202.3015362231793
2020-02-03,29811.402853462394,701.7698687703647,428.11705151455874,516.4173917375016,274.63287200706867,78.8112500820751,39.072113037109375,84.4510820794436,327.7507529820439,566.8846145462204,487.4625401825147,54.5577516551215,1180.0904669472225
2020-02-04,30234.948617016908,709.4875927824345,428.4090961200582,523.2830810546875,274.5422074282808,76.94957209135978,39.42097173995619,85.16798229522622,335.4087382267522,567.3582188812532,502.93750439107026,53.722685782026595,1229.3413908466596
2020-02-05,30761.592625833135,716.4585189170947,427.9222714036507,527.3626852459985,278.1676909147531,77.5701257322466,40.666892266608095,86.26723134684387,338.9837951432307,584.8335688880729,511.69060376326127,52.19172830520044,1236.101092782449
2020-02-06,31070.38942618873,724.4253038466733,420.3764286128271,549.7507482394661,282.06520104476476,78.545300076624,41.01575354017303,87.3664831281992,337.37055726154455,589.4511253356094,522.6197509558725,53.2123636567765,1236.1011570170508
2020-02-07,31366.68557773862,733.6367820044263,416.8225657877204,540.7457568147065,291.40089669606624,81.16051716282263,42.06232817264702,88.89587051182578,333.755648046315,590.0904283388669,523.2001223399084,54.5577507019043,1298.8719497695909
2020-02-10,31248.2868462377,743.1968842911679,432.98528710270716,562.1885225387936,289.8600445400742,81.42647124535229,42.01249045134296,87.50986954120661,330.6187308065394,588.6459526743174,520.9756029096975,54.51136260053476,1259.2781158114547
2020-02-11,31229.836754581534,739.9106724316994,450.80323668348456,563.6810811068982,290.9929719582071,80.49563108340175,41.264936529489866,86.31502231489239,335.09007794265943,588.8118029491535,520.0567670384937,53.58351016916558,1245.758243464283
2020-02-12,31440.785756413166,748.8731936341443,452.75050008425137,577.1138638074657,299.0144872194518,80.27400482385274,41.56395946409432,87.27089811933281,334.62203460902913,589.7115126471815,527.8909665349748,53.3051521060131,1216.7870585976668
2020-02-13,31586.18335538402,747.9769404412382,443.013932096716,564.7009333057806,291.8540764940379,78.23501681846028,40.816407166530105,86.41060522250133,341.51324740904585,596.6733008644125,530.9859127249163,51.86697974459303,1237.7911907337846
2020-02-14,31281.487005529423,744.9893027891513,442.33234817840776,577.1138512652046,297.38300729808685,78.14636302715468,40.71672808024558,85.59811971291175,337.78880775083553,588.7643573113077,523.4902388199034,51.68140640270361,1191.5822571147057
2020-02-17,30873.48993735002,734.3339309277715,440.9692452862356,576.9645463689276,290.9023601988752,75.61979817462806,39.570483497131804,83.30403490591647,335.5979406996052,580.1450820402947,525.1828214877116,50.19684323850357,1135.6678563392788
2020-02-18,30661.143379792942,734.6824764548979,423.20002986041743,567.113835170841,285.87196913355297,72.91592211782196,38.62358259692481,80.67539298350947,335.1000292542829,576.3089902877083,523.2485062345065,48.15556817416711,1132.481144300723
2020-02-19,30904.639846532667,737.570388640672,414.7778743215649,575.6710554448755,292.12594297567404,72.4283314176526,39.0222793951031,79.24158921284308,346.5521966565572,578.9611718511736,525.66643507738,48.71227874303773,1115.388278492807
2020-02-20,30861.94234175644,739.6616572271145,406.93995928400227,579.8501560122228,289.4521921610875,71.23154271058569,39.81966904648612,81.48788883754186,338.0477461737935,582.5130422467998,527.6008542913405,48.71227834515035,1105.7793442827021
2020-02-24,30665.99364160974,734.8816187964147,403.7755831416334,582.5615239917558,295.2529994067523,71.71913457521448,39.81966822852711,83.06507061308024,333.00877100117077,572.5439902897593,521.7977399539365,48.109171313857786,1129.8736863033405
2020-02-25,30516.64550511111,726.3671702374521,407.96229798349,579.5765238243255,295.38894573147627,71.36451315696424,39.27146238811584,83.16064793691551,333.84524827628496,570.1997004329769,514.9790406526263,46.76378836579634,1140.4964762689954
2020-02-26,30279.597968297232,722.284138091959,404.06768877708146,574.6263001454345,294.4372572838842,70.25636930799106,38.872765500720874,81.96582060526707,332.6303052299249,567.1214166243225,509.56274923438497,45.88232856260463,1105.7312603248897
2020-02-27,30269.647470869084,725.6700496458042,384.5945183296018,587.064070640489,297.2923596196199,70.92126640538996,38.8229319591213,81.53568326459491,331.81377238809006,565.9374182644348,505.6456532463908,45.55757616942181,1099.936849201835
2020-02-28,29501.2087822107,715.9108590639531,375.0526897293337,579.5765647943431,282.7902541963181,67.72980928596587,37.82619285077916,82.15698099413258,329.6030270513635,556.7025386820304,485.14129284470374,41.98534546551035,1062.274520149423
2020-03-02,29700.654373655885,706.3507122057714,385.37342487952816,579.3775802463545,281.8838663839738,68.70496941647625,37.17831147898258,84.06871809605717,324.842879984208,568.4000622917009,491.5730384949003,42.95958745114135,1091.2454361481498
2020-03-03,29012.21285353659,687.0314121479399,387.51550190986137,578.0839458329457,265.56907790800085,63.16425403204073,37.87602980429089,79.86290009252689,319.42555119384895,556.4656759635528,493.1205588236592,39.66571278518505,1047.7889355310579
2020-03-04,29252.608249582732,687.1310202542415,390.92329306776134,588.0591333791265,264.4813679923795,64.75998420128832,37.876029483732765,80.6753992613122,325.0819036633873,558.0522006667385,500.51956003540244,41.5214162207104,1076.2288595661828
2020-03-05,28829.96662358341,683.6455154963026,394.91529661904855,575.6213692471752,263.66562986609233,64.89294923622106,37.77635465212558,81.05774808245802,321.65622192425684,546.0468124046383,493.0238404590618,41.289457151624894,1038.1319580078125
2020-03-06,27649.628709265184,647.2973115947397,384.5944948058153,565.1736011576626,242.90957432886148,61.87879534922735,34.88581479828933,75.22693470601949,319.7043702582657,532.7863223170319,469.0859535248069,38.645072939340714,963.7726436793639
2020-03-09,27031.135986467252,636.3430466561925,384.0103318443915,549.2531545594618,235.70386477061837,61.79014902216156,34.88581589335653,74.07990468754826,317.6728386694054,525.6825337487523,459.41408783408997,38.181151974550886,917.4188636552565
2020-03-11,26272.44391167986,611.0985289289911,366.533199231824,528.8552479268382,229.31389214657352,61.83447232024671,32.94217607998354,69.6828869351783,313.87869237106645,523.3144603666055,435.23440075934474,36.88215336332773,859.3801132513539
2020-03-12,25175.607056755332,589.5385124252186,352.99934460320645,475.39753265750863,210.1893026505019,55.05262709147101,31.995274422952914,64.99913102282375,300.7236679693396,509.1069356209674,423.6281210255541,32.79960006419828,748.6138305549263
2020-03-13,22720.485502228832,514.8004959253533,293.55760182604223,450.2483176755755,181.27581383571152,45.25662588782863,24.719090933844488,54.29339125721433,278.83511104283525,464.13972221452224,387.84219989968506,28.94900987602027,699.1697332450427
2020-03-16,24061.32090647064,540.0948979639322,313.9557030746942,467.16372802779125,206.5637873197513,54.96397662243355,27.111262757655222,61.84475851198662,282.22094924539397,490.1634119366812,410.2809837970479,33.40270385321726,721.3809333402197
2020-03-17,23347.779087344254,513.0080424584942,275.7396646800779,450.74584426272054,205.929332676966,56.559702823348594,26.164361085041914,60.267572115580855,277.24174520673836,477.37652201378086,393.6453530848473,33.86663239922958,647.0217693900647
2020-03-18,22411.590120947167,487.9625564248057,253.15082851010976,425.3726930438128,200.30978171351808,58.51004111441386,25.416808651509335,55.7271936181989,264.0966884692135,466.4839837531922,356.9889675732343,33.40270497847577,607.4278262569593
2020-03-19,19428.722482375706,439.21609507846904,196.67872598726456,306.46734449702063,183.94962860662127,53.456900166780244,22.02790135327855,47.793477974419105,218.0988266617748,401.12886944187676,325.07178363719385,32.4748514549737,400.52577409019403
2020-03-20,19898.06933028115,429.6062375126545,198.38260957964673,322.88527768406146,186.3062261740565,55.00830110003058,20.881653492824523,50.66109148797563,242.38735924328608,414.3893720565236,317.2375189112755,34.79448355664936,428.82089019159986
2020-03-23,18311.087265181883,383.7477344638757,202.95881567319697,290.2485046386719,172.21202859712076,50.974652345411954,18.638994733333757,45.54718616428724,226.55350715270083,376.31286067374276,300.9404114697679,33.35631141303478,382.75683428935116
2020-03-24,17705.643420375814,330.56976364865596,185.96850720536017,261.2435302734375,173.0730669991845,48.802693518926255,19.33670973903798,41.484742235223734,229.6705073026936,376.62070252521124,285.61045086469886,34.33055855260925,342.87320989468424
2020-03-25,16759.754382948584,292.27963478264445,158.7060861418051,235.1241383251029,161.3354780275841,47.07398270722468,18.43964636172096,35.36717627238333,227.05142098989168,364.87574495834104,274.68127388790197,33.40270425340979,281.98557803820074
2020-03-26,18781.63078772216,334.55314782854447,156.5640491604829,236.81568070878683,173.61692241196016,52.48173152209495,21.180674015790565,36.84877625412322,258.9183047123369,412.0687471848041,311.434398804173,32.057318448051255,305.50049621625305
2020-03-27,20801.357496761237,368.4615306310806,230.90276365126903,259.4773254394531,183.0885767462592,50.79735100420762,23.223984906846148,42.05826505854938,286.0051232996859,447.51682439119236,344.1253239070689,32.010927026154455,463.00682462046063
2020-03-30,19254.224971013875,343.5654955813547,219.12151417008178,256.21864283525224,172.2120174928266,46.187470592531845,21.728879277129764,40.14651830150186,267.9207421579234,416.7573376122892,319.26865344380957,30.99029178264924,357.31052359645895
2020-03-31,19307.425831022392,382.8016742406497,219.07282542597295,256.2186507903198,174.02477156000552,47.33994032183268,21.529532979479445,40.24211151764647,264.5547385338667,404.3492849888451,314.04582366361694,31.26864437836329,384.3501887433655
2020-04-01,19122.178864159454,374.68554694197525,200.47599039985664,263.6813404428374,175.83752755763436,47.871851628001146,20.931489612403617,39.238445780960205,257.902546985821,409.10881994288405,308.5328273126788,30.15522012180723,373.14803441808203
2020-04-03,18324.837063321844,358.70231240047167,191.0315106677056,239.80075690410604,169.9913727644701,45.4339314026579,20.632469260805564,39.381828047588264,235.34677311928493,399.2345401473123,299.34453366978437,28.29951481939145,337.9964246105745
2020-04-07,18454.337116881325,345.9555199421687,192.78408389241173,243.13410217264158,167.1362776919923,44.54741547732358,20.682306054362698,40.00314053422621,243.18402880793738,413.91576991550437,298.1839154061408,28.299515438226212,332.6850549813297
2020-04-08,18799.181400440273,382.1543729345464,163.5256885490795,229.4525203518509,165.7767119154848,42.552757935477885,19.93475289578228,40.62445802814976,235.9741731171644,416.73361219107665,312.2564919193143,27.7428026505828,368.89893631539866
2020-04-09,19552.922175738437,403.31601473763345,199.59968914136155,239.80076607483016,170.39926322195407,43.43927211980997,20.831815709839695,39.38183164791778,241.98903384678457,432.3856797751441,321.49315026963217,28.485084646118622,410.4241997451929
2020-04-13,19854.66956263497,416.21213539221594,179.15290350246923,248.25847307809178,169.31161028903983,45.123654328355684,22.924964220031043,39.095065559529196,248.959885814632,442.33100497402285,329.85931256209983,29.45932896981455,374.69318553029535
2020-04-15,20096.116869943762,432.1954232260935,206.70740659614486,247.76094051378172,169.49287025050856,44.50308783794174,22.47643189254741,39.28623428494984,252.1166930877523,440.673432462969,331.45519126914274,29.273758716691063,410.4242119596523
2020-04-16,18956.930908475464,406.9010519597338,179.73707986586757,248.7559975562192,164.96101326778017,43.57225435913573,22.22724781999643,39.47741201472878,232.0206833250018,409.6534651387446,314.62612258185965,28.85622723617539,409.5551152580752
2020-04-17,20394.513095904564,448.1288766025394,205.44163499157028,261.19377497927144,177.6502876627183,45.43393073619325,25.217459679946277,42.96633887863161,236.4820406484517,433.33283252946575,350.12188520384575,29.923256566347725,455.8122970560202
2020-04-20,21104.454179536497,479.9958081920569,217.12552056489167,278.1091734288436,175.83753487723214,45.212306451614104,26.81224181206053,45.40380331536546,242.98486422722542,450.38202863591187,363.6624919609449,29.78407928857488,463.0550887375238
2020-04-21,19811.8195180781,434.18708940652976,200.08651592530123,276.1191576919719,170.39926903173628,44.14848123518035,23.87186697869975,42.05825971304676,229.04311466970253,438.06874645123276,329.8109728279067,29.969648401903104,415.25277819587023
2020-04-22,19306.72528345179,416.80965409473794,188.88946697755665,276.46743241334826,168.13331176455893,42.99601415465952,23.42333354676524,42.01046690347036,224.47222451359795,435.29823900880433,315.3031088049955,28.763440322097825,383.38449162549654
2020-04-23,19871.11790567653,432.792971004459,194.24456711601604,254.22859917534723,170.17264792954902,43.084666013167734,24.170887506995623,42.82296259538206,233.42479481216583,442.8046029436081,329.08554255401384,29.227366007844825,405.59569462085176
2020-04-24,19697.420579973343,414.27026961688296,189.8631303131362,247.1639540476463,166.77374174200278,42.24247715634117,23.27382275143064,42.058263085960974,242.78569967407708,441.8574412172651,326.8126727216464,28.485086606160184,378.79743622451724
2020-04-27,19870.56886132298,413.27438088881075,197.65237908938832,260.49724402672285,166.3205497179275,41.887864607540685,22.42659534391178,41.628117069952566,249.33833660022927,447.61152351828474,328.16670912924627,28.20672998776966,380.68057961909227
2020-04-28,20436.362100300637,436.1787891145286,208.3626029243596,258.8554629903138,164.9609798079777,41.666239710902396,22.37676031742437,43.20530771978702,260.92993840224204,446.9721724701217,342.1425699218043,28.577868774526284,429.7383054851053
2020-04-29,20440.161879137675,428.9589141907014,215.27556800734348,257.4624223267549,167.68011952423402,42.15382401775655,22.426595254377887,45.6427740281628,264.2958428097097,442.8046388968671,341.4172123089181,29.041795448849964,437.9467793785129
2020-04-30,21588.948583731555,449.124752280467,238.59466430303002,275.5718764027544,175.38435952494464,43.439273315689064,22.32692102751656,44.973659340705694,266.8850088582374,474.25082880760095,369.46566405135206,30.340790941939677,469.5736101399063
2020-05-04,20514.51256076389,422.2369833964066,238.54597512149246,257.238525390625,165.36886779096406,42.552757888935645,21.380022293119847,44.25675885811167,257.9224557837833,453.4603310664581,347.220323741819,28.670655482352462,428.77261983442816
2020-05-05,20147.06596746109,412.2785878316296,241.41825831141912,244.3778839111328,164.0545824097318,41.22298023917458,21.03116281825831,43.061920448160826,258.32078144223715,444.22536178957523,336.58127974218576,28.299515651036206,418.1498893364282
2020-05-06,19302.225252674496,383.39918686763923,231.53565542842537,234.6515155162388,155.126774564769,39.006692133453804,20.831814812903165,41.102389611760486,245.17572371135472,435.22720397595276,320.62266435267026,27.093307227005216,405.5957016905663
2020-05-07,19535.823704411137,385.3908444194921,240.88274812231148,220.57192993164062,154.85486462757015,37.233663940429686,20.831814636188106,41.484744544214934,245.07613992356707,445.40930563436973,325.94220582414044,27.046911745025746,405.5957274988194
2020-05-08,19843.769690932753,401.82224894069134,254.90340009421342,209.55203247070312,156.30505072257807,38.12018004629242,20.931489349947373,42.010471133750194,243.38320754974447,446.11975432207817,332.71253273839267,27.6964115730767,447.12099452028076
2020-05-11,19610.22082966131,389.3742042956337,240.44460279077555,204.27839710953407,152.22636644168594,37.100682101472245,20.582630900760435,41.102393470370956,247.07777330802924,443.75176755695486,329.8109463881018,27.278874328872714,434.5668260683212
2020-05-12,18751.182933087013,374.73533421172357,231.73035703218827,194.029661416637,148.8274375294793,35.99253908795477,20.28361021772478,40.62445465705504,234.6198235950331,426.7026062225327,307.85577709852924,26.443807982233878,415.05961527615574
2020-05-13,20017.51702925985,409.29103862375456,244.38791944351522,198.58187866210938,161.83399779997566,39.006692611791365,21.629206780548923,43.01413453583667,241.99897834986967,450.3819939418176,332.228917006448,28.113942714784137,458.70945714970856
2020-05-14,19197.477020244067,403.3657722756694,240.39592626897814,208.50726318359375,154.9455169145178,38.65208026960313,21.230510384352083,41.532534142740595,234.7990526704956,425.2818134564317,319.17192032283384,27.974765823330944,423.9440637748932
2020-05-15,19098.578955087978,401.07538704034545,247.30889856649404,212.93511824008235,152.22636249672914,38.25315718493873,21.080999116179875,43.39648419431145,234.98830383432707,421.7299547295974,318.49483359791657,27.186088686888123,415.6390526979545
2020-05-18,18794.880271749615,387.3825467004866,237.280205655353,211.69134153793212,150.82146481186086,36.79040634235941,20.831815818247414,41.72370679744139,234.02231669020262,420.54595520728026,309.50003925879395,26.81494694778857,404.1471212142813
2020-05-19,18036.94086621736,367.2665299034043,225.01215179377343,205.47244326407815,142.75468346451598,34.5741157009177,20.084261415047198,38.61713279024059,229.04312023580428,407.68803988874686,296.9749271329466,25.60874209113081,371.89267357700334
2020-05-20,17486.297073344937,351.53223750673493,209.2388796408126,191.5420998220302,138.67599760554378,32.04754866380711,19.436383036824015,36.80097621131277,225.0597591173762,396.13253822530055,289.18905872165243,24.680889129638672,351.5162800565698
2020-05-21,17901.740239775772,361.4906232779398,216.15187940368205,204.4774058622608,139.26513050410085,32.756757673635335,19.137362177914994,37.51788107831496,232.0306346468892,407.97224666252146,295.95937111731735,24.680887844679496,349.87457147682875
2020-05-22,17554.045622330887,350.63594934433536,198.62605695968077,206.46745024371708,137.76960999608946,33.42164496261884,18.938013902699318,37.27891515112024,227.05141516329385,402.54961939702196,291.12343582332875,24.77367528129189,330.27078557304634
2020-05-26,17537.446132378154,340.57799150515064,198.86945382817856,189.05453754156127,138.1321787223213,33.55461916097911,19.93475234303602,36.179661349014424,231.03479293689546,405.8647410781913,286.33584920831356,24.86645980320232,333.07133750497724
2020-05-27,17603.196422166846,344.6609358186292,198.62602520753416,190.54708400170472,137.72428058561212,33.06703231354054,19.884915726826403,37.18333210745817,231.8214858456177,407.2382036862673,286.384267916245,24.773673352770857,338.865562627717
2020-05-28,18924.22941224578,388.3783703403028,215.17820762059284,195.47245613744784,144.52211856736855,34.17518401033983,20.333447337512037,39.76417252623904,243.78154285187884,435.7008120888158,311.6761756830228,25.60874181473016,362.1390419807797
2020-05-29,18961.779292750587,380.41164965203063,209.53098927732339,193.5321494809557,141.4857757797688,34.08653109810273,20.034425554119732,40.14652158243493,242.287780499848,447.0668915536171,312.3048275495734,24.727280802930796,363.1047425472259
2020-06-01,19728.670658615785,392.66046354890574,219.0728388565461,199.00477192082056,148.64616470500826,35.19468026560715,22.924964500329896,43.82662141093193,248.7607464418106,461.7481162931512,327.8766112921426,25.42317108337651,388.5027383208799
2020-06-02,20120.366082092845,396.3450821418443,221.02014940108063,203.6814134598097,153.99379695275806,37.89854798662808,23.82202812060118,44.73469847943608,263.49916330524286,467.28907133285867,325.94223689822275,27.186089966871528,399.801508257718
2020-06-03,20966.35516678599,420.24532139544954,242.39191197099203,217.9102250365836,156.35039153757475,38.03152203155655,24.121051385988363,46.455254230663,271.66503414010197,483.0595799849826,346.15646543524633,27.650018018800026,429.7383376231582
2020-06-04,20932.107000549568,405.90517151575534,241.46694476945763,236.04453591658972,158.52567811730955,38.474786408335895,23.42333362068499,44.92587095009106,274.8617044716918,486.8719386021985,345.28594772804377,27.78919805129126,410.27937772028446
2020-06-05,20516.16226341427,397.3409537176405,227.83573731646254,235.22363382589268,160.02120848092864,38.34180089478851,22.67578058144481,43.731035616625086,267.68170040502883,475.0558969523371,338.5156684519848,29.2273676554362,402.89174233048834
2020-06-08,21635.848303336898,413.27443824958686,250.8140895876747,243.78085400811776,178.55669493654085,42.55275838883197,24.420070759301044,46.3596726617491,269.8725405155513,502.0031012034842,354.522626847052,32.938779898276294,439.3953569762568
2020-06-09,21295.25315147304,433.1415069713015,258.5059476685499,256.71615294363164,170.1273574964893,40.55809950612996,25.865342369265964,46.07291462332691,267.2734182424205,483.05956946011673,348.2358458937745,30.619146253937206,444.1756291674146
2020-06-10,20760.707080563858,420.4444980380841,253.15084938226744,241.29327931769026,167.27224629258708,40.513770881267156,24.96827566895738,46.31188383698659,259.81459318927125,468.8519319748906,337.11323953109655,29.691295074566348,448.0866884903591
2020-06-11,21084.454441567366,424.72662222199256,263.9097175291487,242.16395282797095,170.39926675120515,41.843544527463166,26.064687629238907,47.74568700999801,265.690019143835,466.4840151026413,340.885246181488,32.01092332190824,492.75049349339486
2020-06-12,19529.073634728295,388.37840136359716,243.4142582000248,219.05450352165244,154.08444451788273,37.23366098882491,22.924964463180977,42.10605915374733,246.96822117016833,439.4894935687484,313.56222382899574,28.76344276840147,473.1949914098029
2020-06-15,20456.91161630495,404.26209575407194,270.67663555308724,240.29827553271105,161.1995153138434,40.07051055982732,26.01485083049545,46.694226810160664,252.94325853891687,458.4330332799523,330.0044411042861,30.619147954245403,506.9946206818295
2020-06-16,20500.411687759282,403.21638524912805,271.6503217327061,235.32315245430254,161.33547521201245,41.66624128041828,25.96501348989528,45.786158060506786,254.13826943489232,461.7481479922552,331.01994785716687,32.01092758243485,492.5090814816823
2020-06-17,20137.21558974951,375.8805970903517,255.68234037038366,237.31318666179254,154.99080352458182,39.44995393477089,24.5197446531207,44.35235041756592,252.83371385850276,468.37834541840857,327.48971313977,30.52636424077988,456.3917728772086
2020-06-18,20137.36500660775,384.3949969839991,256.07182915728004,233.7808696360561,156.25974542475007,39.715902924957106,25.46664528549296,44.20897138826724,246.96823875054366,464.11605003476484,328.84376179088247,30.71193268402232,472.71215673685913
2020-06-19,20969.85584035284,405.80557883735963,265.37023445313673,235.74602692220307,163.42016942676176,41.17865935013234,25.516482565330996,46.02512299164974,259.71496898728833,482.08869292333486,339.48283449087063,32.010921478271484,485.7491545908275
2020-06-22,21491.301344352316,418.2536297046751,287.22882398735567,245.96991048828977,167.68011407428617,42.153824256379146,25.965013455879767,49.65742865449894,260.8701457436009,492.27079631298744,354.95783525870985,33.26352450470438,473.2432689061278
2020-06-23,21858.996884657387,428.7100112240579,307.67562106988873,260.69623670639066,171.8494756766858,44.857697008520546,28.6063706803801,52.57282405650104,269.87251539684104,492.0577121251195,356.89220167352994,33.4027052060074,481.8863382121579
2020-06-24,22479.08732862391,446.1371929188869,355.3847977794882,279.9499816894531,176.56262878537507,48.58106428956491,28.556530952840518,54.914707880871624,277.2417776390148,496.5568363808547,367.53125421633075,35.25841386350867,511.8231512411094
2020-06-25,21217.804130287415,417.2578086136133,311.61893323448663,276.39275748990013,165.14226408789057,45.212303968576286,26.961750944295392,50.66109163041547,266.28749928487207,483.9593654349899,334.55015636158794,33.68106199277442,463.53791832413117
2020-06-26,21734.799125548077,424.2286777595924,331.72495053876526,299.05440944948145,170.3992489303556,46.89668361071633,27.310609303782623,50.900053844683086,274.8517178350213,493.0049295517514,343.9318910546987,34.93366383278766,466.43506958354953
2020-06-29,21291.303517677963,413.2744216398585,324.2278022751123,281.0942494927116,165.86736626405596,45.655560527356144,26.71256661599491,50.613292818239536,266.1082473322956,491.11055987281685,333.92151897039685,33.58827578481003,465.46934140523274
2020-06-30,21524.050945125884,408.2952136894661,326.8567027189683,261.1937943136571,164.14524458888724,44.14848295003479,26.1145263405182,49.99197347679372,271.8442890746611,508.63337331526986,335.61412436305574,33.217134275523904,472.2292750095352
2020-07-01,21353.85100867807,408.2952496968317,312.78734568066,274.1290731267835,162.64972201428142,43.128991537069425,25.865341518231716,48.7971432671596,262.7024921295421,504.7735489934417,342.62621781110033,32.47485391491674,464.0208286416186
2020-07-02,22133.542817006255,439.16631322427867,322.1344410304101,285.47239744554315,168.2692552110314,45.699884649398065,26.612894138662437,51.33019524464054,270.49991807474754,516.3528153006549,353.99066583492214,33.95941738219498,480.9206175356673
2020-07-03,22101.493196520263,428.2120303858057,337.85899278716175,292.5370753443704,169.17563945742148,45.74421395766755,26.911915574118357,51.52137498419681,270.84847047248326,517.6315213477282,352.6849529631178,33.86663017502934,482.7071782452146
2020-07-06,22270.69057006177,432.344804794446,342.435145725918,285.07437065858295,169.13033324511815,45.21230380352374,26.91191499620564,51.52137325492447,272.86006901091383,524.7116072131548,355.7799317046689,33.63467005232202,480.9206235875466
2020-07-07,22254.041463890368,431.6975112842043,357.916347018988,300.47235606093705,169.4928879158647,45.56691133149081,27.161099324184182,51.42578257397354,272.86008562765346,525.3983684647952,351.08911985208084,34.60891550445404,479.95497123415225
2020-07-08,22700.63732472974,448.1289354123261,382.59854791060724,319.701161413505,171.2150057772165,45.03499980382395,28.456858102926986,53.528699495408134,272.46173715750564,524.2616979883546,365.50018326520336,34.005808772657524,515.6859393151913
2020-07-09,22752.88655192893,445.98781986945914,373.59221367944053,315.8703628327441,174.74987717801875,46.98533299453812,27.85881622687912,52.381650660063556,270.02188415808206,529.4711611519176,361.1961629577791,35.072841443215324,538.8146559053233
2020-07-10,22720.68571293686,448.029316357357,366.09504509452495,310.8952645222026,179.46305446310984,46.231799490906845,27.908652500439008,52.23827036724564,271.5455605274914,529.4238245358104,352.9267538413985,33.26352567514455,533.3584092635356
2020-07-13,22612.988071142674,442.10408413268357,368.0423482719391,315.9201060978769,180.18815847728274,46.09881824374656,27.260773273354765,52.381653172481606,270.8684198860689,525.6351526699472,352.1530289083719,32.84599288654741,530.8475257863703
2020-07-14,21877.345934184334,433.0916909271071,354.4111571713322,310.7210776649628,174.29670536680163,44.59173977226304,26.513221171150434,50.66109011658939,264.6543394988855,503.23438932485243,339.9664480611203,31.918142217578062,516.6516979376258
2020-07-15,21633.998541728593,422.237031710028,351.49016655313557,318.4076760912699,170.35392009587545,43.88253026667502,26.214197202848723,49.41846010324204,260.1929577498249,506.8337020049916,338.0320666243409,31.268646046474302,500.0898298721965
2020-07-16,21452.999725622078,430.1539705955522,344.6745951186131,313.43252286741284,167.6801364565856,42.55275678901138,25.167624761646618,49.322866184375016,256.64777823852876,498.9958112918797,336.5329231799516,30.619147221844898,490.5776776557414
2020-07-17,21607.799100432985,432.1954460953249,335.9116819701485,320.845454039597,169.31161074002347,42.774385972756264,25.616157275400393,50.94785065070801,262.30416624016004,501.553210316007,334.6469271350963,31.03668172584763,504.3872463548266
2020-07-20,22307.041184933794,435.88006218260125,346.6218982647557,327.36287517376707,172.21203085323148,43.838205934665005,26.91191507449629,50.42212331161466,264.8933547079389,537.5221058170345,346.25314305833547,31.454213586939087,506.94636414852124
2020-07-21,22639.58564176669,438.17046371807504,345.4535184676896,358.6563720703125,174.43265205218808,43.838205574861426,27.41028370578831,52.19048214348001,263.91742797874605,545.5968039227769,358.8265848234822,32.428460698692035,517.3276517774942
2020-07-22,23158.731166498565,476.0124645777551,346.1350959253841,359.20366249790254,177.37836449106908,43.88252886695739,27.061425083133347,52.094886119178,271.8642100207736,539.1797013815561,374.2048913391625,32.335669553817,509.89172121759407
2020-07-23,22854.584686302984,470.9835020606416,335.91170858142584,363.0842322063005,174.3873431807593,43.350620960244115,27.061425333573826,54.48456891447876,266.8850513060893,532.7863638911185,369.9975722710928,31.63978233535533,497.8204630892315
2020-07-24,22852.93332287209,454.7014854341536,333.47751819633476,380.09911328944327,177.3783987773973,43.08466339111328,26.911915089265925,53.71986961504158,270.8683883101852,531.7917833346723,375.55890520951584,31.63978350691028,488.4530851862872
2020-07-27,22664.33622206476,445.14135512052513,335.9116730267671,384.0792253676619,174.93116855014677,43.08466384280534,28.706043037992092,55.01029577983789,271.86422584485484,520.8754441306864,372.3672268280923,31.22225191657355,504.6286449647271
2020-07-28,21939.89450308621,432.1954514597674,324.22778928702587,393.034434579,170.39926931783265,41.48893737792969,27.410283389541334,53.43311307246453,264.9132379792307,511.001308830975,349.25147245009487,30.01603991580206,494.4405486086892
2020-07-29,22074.744159163864,433.93813144098965,331.57887397480647,395.52202678906843,170.03672612778558,41.66624137020385,28.90539104636467,53.43310974296312,275.84757486904095,511.9484313689292,341.6106965842816,29.78407643967573,515.6859400278865
2020-07-30,22194.792447473734,440.06256688080236,330.4591625584359,369.1538925213124,174.47795904559078,42.28679982329355,28.30734706579258,53.57648779514819,277.8592111960571,508.6333376902901,341.80406451074566,30.433576413628728,526.3087213178194
2020-07-31,21730.297774441806,427.21618853436934,329.09606263115995,345.7459277447907,170.39927051111644,40.77972543797493,26.911914482519474,51.80813390424096,273.8558896580881,500.9137801486832,335.08216224337133,29.59850756814546,507.18775818978116
2020-08-03,21543.551175511362,429.80540269147934,312.3978684076698,373.1339770633745,174.02479376625487,41.17865986681477,26.513221338814795,51.23460855830815,270.0717242109751,485.87737777143593,335.42062552679175,29.691296159863867,504.04925495485054
2020-08-04,21248.002818105677,420.09596593189474,306.16646657809395,359.7011692470062,175.2483947822025,41.6662344983829,26.313871724074307,50.183152334576526,262.90166319009006,477.3765030855376,335.6140685339599,30.479967139365797,490.57767816990184
2020-08-05,21686.59755334515,437.1746273375468,300.4705670166513,350.64640099190035,174.7045712288175,41.40028651118071,26.911915740912562,50.183153932038486,265.29168650496393,496.2963382556168,341.80407047214794,30.294400392656634,482.079480490815
2020-08-06,21643.998027661917,434.18711095373845,304.2678244835913,364.55187876255025,174.2966762061425,41.48893721294746,27.01158988314117,50.56550276248402,267.8808409334084,491.1105412593453,341.8524637482152,30.248004033978717,480.7274768418335
2020-08-07,21619.99959595703,429.65603816671745,292.3405226792746,362.23842034960416,173.52628405853585,41.1343340236777,26.862079831603904,50.1353598308309,267.1837239977548,490.0923543054588,347.6555848258986,30.15521762208747,478.98918298747543
2020-08-10,21824.64735796031,432.1954308581485,301.49290644073324,355.9697987483098,173.8888288511499,43.39494424201629,28.506696537367656,52.52503432127609,268.6775018391113,494.4257025592764,347.7039348244234,30.619148387666158,494.44048808712034
2020-08-11,22049.94345926676,433.4899720767654,296.33254963966897,351.9399728550438,176.74390862969975,41.66624402627298,28.30734789774107,51.90372085571289,273.45754906432956,496.55689521866395,357.85942807060536,30.433577083481627,493.4747892065523
2020-08-12,22135.692889051476,442.95051184832715,289.2734924951372,349.0792638401586,177.6502912267068,42.198147655643545,30.151312535390378,51.61695861816406,268.8766703265971,504.3710889758005,353.7488624018702,30.61914755734658,500.71756640716126
2020-08-13,22394.93909659477,452.2118376156596,290.44187229020355,363.1339641207806,186.26089491931432,43.26196872580372,31.197886511778815,51.903718770105456,267.26345677113454,505.76813893713694,356.84388113536465,31.54700016796141,506.0289615493223
2020-08-14,22334.68964698367,449.62264015662305,285.7683105460994,360.696162881349,183.99493322784969,42.99601297923894,31.496907991157872,51.951507801818025,266.3970425150834,504.7972645640739,359.6003092782959,31.083072041356285,502.1661150197383
2020-08-17,21906.69487274907,437.27421755064313,284.5999441917426,354.8752956051066,179.87090887821606,41.40028746884313,30.300822456440567,50.75667522907433,262.9215737619477,495.84646604229073,353.99062664735186,30.2016133792344,492.5090645796288
2020-08-18,21701.747636646116,437.6725877592608,285.28149286905926,355.2235463460286,175.6562686378096,41.13432647452329,29.603106905196615,50.756669748209475,262.6228247942232,486.8482674681288,350.02515473623856,30.20161383812052,494.87505540874275
2020-08-19,22315.14028114645,444.14550014132067,282.3605002122481,363.1837574979882,178.01285028980843,41.400284703017746,31.496908767054634,51.52136818879534,273.3281346366056,504.3710247176938,361.7281449078393,31.77896449654642,505.0632260015481
2020-08-20,21989.64464230538,436.07919508612656,278.46589195445205,363.1837076581756,175.8375344429457,41.79922004725639,30.898865660663027,52.0471048290084,267.4825812567436,499.6114566677705,354.95783686427177,31.54699783312144,497.916982215042
2020-08-21,22190.440721693878,438.17048076911084,284.79466925517573,363.6812558881543,180.36944029006466,42.508432822319634,31.19788516886571,52.57282898350945,267.28332855392836,504.56048129086855,357.85938940339884,32.7068145791838,502.1660890779335
2020-08-24,22436.58859294363,442.1538770537242,287.4235595147129,361.19365783893164,181.27579536391855,43.17331966506148,31.098214912680014,54.00662505933132,268.3987136765526,514.3164355667011,362.5502801763129,33.820240460002964,500.23466577558304
2020-08-25,22973.13418850448,449.0749453627637,289.1761615272353,367.66137252998806,184.9013420763738,43.08466335302432,32.393972909799665,54.48456921179564,277.24172525667035,529.9447567762272,369.94926487274756,32.753207154412046,516.6516636602255
2020-08-26,23175.282063970353,450.1205582302848,289.0787866075595,368.15885327847883,188.98004174443912,43.04034090005453,31.99527484950119,54.29338517108379,280.8268116267577,530.8919983558789,375.462203157461,33.07795625969135,522.8804870604603
2020-08-27,23511.176811264428,462.07068053201033,295.21283911683344,366.21851693864164,190.79278585093806,43.261967176319345,32.443808012719586,54.388985299320105,287.00098947093915,533.1651897600997,377.1547911804346,32.8459955783317,552.7690239017561
2020-08-28,23635.025956242305,474.4689378428571,305.63094208651324,365.6713133859035,196.68426543031006,43.48359853127921,31.895603587107615,54.00663246165346,280.82677775389095,526.6059875241332,380.97516364174817,32.93877802013604,579.4224285508632
2020-08-31,25038.510499633798,522.2693445981524,316.87667668028985,370.64640227906006,209.87208890594445,47.42858890726576,34.138262778520584,58.88157067686755,296.361859485073,534.9174270102438,401.2377379220993,35.443982154862,680.8213170170021
2020-09-01,23893.5224847478,492.9915795254518,300.5679423089742,334.32801355206846,193.14937920814862,43.88253026667502,32.14478706426422,52.85958665521526,282.7885581212596,534.2070987245911,381.74893201740673,32.660425357347506,616.215743249785
2020-09-02,23768.723882402894,484.97502888428323,298.9126800296814,353.23346357579186,197.81724433678423,42.3754499342521,31.496909261945824,52.7640036363565,283.8143342569715,532.3599877737123,374.5433736335432,32.47485122406294,610.3250283403039
2020-09-03,23985.871662355246,486.3692464169532,311.81367291885283,351.9150852919454,197.13745681687405,42.375451625368434,31.8956039308563,53.95883790683025,285.56700034587254,538.5876538683357,379.52439412635226,32.38206401265115,621.913443190501
2020-09-04,23118.881560739374,467.049857220377,296.96540231667666,340.29816391841825,190.3396025831519,41.40028629661181,31.148049736069886,51.61695748804905,274.85172621506416,525.6824633183799,362.6953661609811,31.361429620998138,590.0934893570379
2020-09-07,23035.98135833776,455.09978110108375,301.5902866903314,330.29820788470954,188.07365690725547,40.779723612802286,31.895602929735563,51.47357744217625,274.6525737054476,528.6660828453123,361.82483966866437,31.40782115439607,600.1850350363047
2020-09-08,22970.932917635662,457.88812039667204,298.9126903564457,323.3827768645672,188.4362064565606,41.04567850667479,31.44707100609309,50.661092107588814,273.23849428652125,527.5768577194156,360.18066910299757,31.361429620998138,588.1137467960102
2020-09-09,22486.436890125722,438.0709062081511,293.0707862742009,318.3578909146454,182.27284050303402,39.71590357551164,29.85229159323324,48.84493527436902,267.48250018672127,521.4201464776954,358.63312940280946,30.619149164859614,569.7653689780276
2020-09-10,22466.28905840449,434.63522385101095,294.0444088673819,323.3579121673264,179.19113122652948,39.71590180993816,29.652943412356894,49.800807138185995,264.8933322154733,522.3673980437857,359.5035949421469,30.80471799334105,592.9423391166139
2020-09-11,22509.687150730417,444.14552312190995,295.99172991218023,328.3579127183243,179.96155510358358,40.33646459508546,30.69951745740158,49.1317000541509,262.30416838510956,519.2653697291756,360.7609559340998,30.897501746471505,596.8050786932046
2020-09-14,22683.085006645688,450.12060425291264,304.26783503902027,345.7708135187511,186.62342823199666,40.91270446777344,31.29756040031223,50.087570378718105,266.28751626272293,515.2635641186764,361.2445705227895,31.36142884088698,595.9359891601405
2020-09-15,22202.54212462685,439.2160986781688,294.04438684590946,348.7558478150529,181.18517890370688,41.00135702428368,31.197887155087514,51.569162565393725,260.5315600003479,505.79170813598347,352.10461392092714,31.500608739723724,588.4517711400661
2020-09-16,22476.040190020816,447.6807653241887,296.6732872997463,348.2583716696243,181.13985129668737,41.267303931689675,32.19462377825044,51.95150826045989,263.6983389527215,506.83360225943557,359.16512797762556,30.94389430763775,619.0163061503288
2020-09-17,22351.739866025775,439.1165370012971,293.80097610272617,350.74593656015253,178.556684821334,40.60241749043584,31.49690942483044,50.661087161881255,261.90585568769603,513.3691341670599,357.85943008050685,30.851110458374023,593.6665004475681
2020-09-18,22439.089008188817,442.7015534570682,297.9390488117808,355.6215200032043,177.65030215728848,40.64674626428395,31.94543852677279,50.947845752909785,261.5274032599305,517.1579005338858,357.8593794877275,30.943894629490845,601.5853533130182
2020-09-21,21983.145185654234,441.1580111290581,290.1498223661251,358.2086166288627,174.976475672378,40.15916210216627,30.998540497562463,49.70522026008729,254.13829313771637,499.63509610317334,354.6193118100554,30.201612314771594,591.8800252969789
2020-09-22,21445.00034215791,422.23699951171875,267.7557012356053,346.1439290217238,168.72245477066943,37.80989725025667,29.304084176857216,47.7934845437208,256.53821873284716,499.18523764552447,342.3843711419783,28.531478679523147,544.6570991067325
2020-09-23,21350.55268536834,416.36153600812,264.3478581774919,332.3379863761057,170.53519311898518,37.85422269247725,28.9053902810634,47.3155443517798,254.9449070449156,495.3728894570415,344.899103247335,28.299515370987752,532.1029536138581
2020-09-24,20898.55735215565,412.2785738778639,255.87705571785975,322.3877321649681,164.1452353674382,36.12551752090043,27.8588162927109,45.30822354446285,252.34575356184777,491.5841496133709,333.63136041248913,26.861342772148703,499.41386338714307
2020-09-25,20740.5594511721,405.80559368363686,253.05347731060368,307.288297567606,162.24184753957047,35.63793334727119,27.260774329651444,44.25675950197523,249.96568204009012,497.26718595658224,327.9249241188506,26.211846591912604,482.75546029421685
2020-09-28,21151.804799145066,418.25359694036354,262.05979120597294,330.84541850416866,166.7737354232727,37.32231333350846,29.40375973555615,46.55085112726821,250.55325004446019,496.76988968598556,339.96642398046066,27.371661720739738,504.96669234353755
2020-09-29,21770.64817783966,440.56049577568854,275.0581144854918,337.81061967122196,170.85246915733308,38.474784920530674,30.649680488946455,48.27141155814486,256.28925756734446,501.0559067185484,351.81448878161655,28.02115928649748,539.8286576704546
2020-09-30,21405.000542504353,425.22451200081406,268.1451203665072,328.35789073088284,167.72545444761911,36.923383356507,30.05163748133835,47.31554921673902,251.5988758714649,502.0031064212992,345.2375960728551,26.90773456280161,517.8588048098339
2020-10-01,21684.998686122646,428.411235691716,269.55693224216515,329.9001597510735,169.49289391870315,36.657427172180384,29.95196368292649,47.12437143954414,254.93496661200996,516.2580935562258,346.494947138134,25.794309998106783,521.4801901138921
2020-10-05,22351.840062626747,442.20366288782105,282.3605813319276,333.3329983204749,174.02477235099337,37.3223112205543,30.59984547574962,49.03610892525522,260.9099556222994,526.6296948488595,358.58479978841365,26.35102348791074,572.8555851845374
2020-10-06,22672.78725589876,447.6309642557135,287.2288288789637,335.82055365189177,173.20904192048678,37.05635569348368,30.400497018933454,49.13169847471822,263.8974995881011,537.5459127845144,364.72641598010654,26.39741592423164,594.8254413350606
2020-10-07,22836.68313030835,445.1413613129657,298.8640246012649,365.1737677274383,174.52327268379005,37.23366316829819,30.99853939344151,49.60963501109059,266.86509883847816,542.210692302306,366.8542152151069,26.304631200538417,599.6539585133916
2020-10-08,23149.980946412114,453.65578257070206,313.8096551417103,362.5867051946539,173.4356429080525,37.10068099904354,31.646418359544544,49.32287265710844,264.1962433430045,558.8336375702047,372.3671875,26.02627283842686,598.7364883017929
2020-10-09,23312.32847850687,451.41518133384733,312.49522202305434,363.65632260640564,174.02477925734252,37.67691649145323,31.347399160856597,49.848597794054406,263.49914891072274,568.7789683314858,377.8801918138343,25.979881761542742,596.8534251556551
2020-10-12,23955.321398985197,471.53117752075195,318.77531290009756,370.6712731102277,181.00388265772165,39.361297305787126,31.84576730979221,50.995642778432064,264.49500387048516,583.247069481048,390.211855818269,27.18609065819101,606.6553233765964
2020-10-13,23662.775355122896,463.96280131278525,316.4385344480721,363.13398389434957,180.0522030353564,37.05635986038573,30.94870120374815,50.03977157097491,262.8319642038157,574.6514615247294,387.842249266808,26.351022358156733,590.6245447691182
2020-10-14,23352.879104964366,456.095615660588,306.7019784143913,368.1588473102987,175.88284723082344,36.790401659053146,31.14805030822754,49.9919820032034,265.9389499563872,566.1979452917092,381.4104067900544,25.79430974220008,579.4224926574509
2020-10-15,23920.07219730736,471.4315638480504,312.3005231943641,367.661331712122,182.18219579071067,37.14501044275669,30.998539021078372,50.90005576092264,269.5439072952346,575.0303662916343,393.5486259570445,26.304630687070016,601.2956564858132
2020-10-16,23219.57981333631,463.2159059093988,295.9917257388179,363.18370823359936,175.8375440038331,36.081193054195026,30.151313193968903,49.944189390362425,260.61126039153316,558.8336455446905,381.07192741115637,25.794311557794067,584.0577800673856
2020-10-19,23902.623357617496,475.0664173633202,309.96371950665775,364.67627908747556,177.8315622381873,36.34714839995317,30.59984578161572,51.186815656795204,268.8766784585065,584.8809468387893,388.85777924109726,25.747917560914026,586.7135142101058
2020-10-20,24117.068671371373,483.82985273835476,311.5702291098974,375.62152475254425,182.18217303038193,38.164500838856405,31.197885770535745,53.09855674476492,273.1986674205545,571.8573903381784,399.93205945142114,25.887094099977624,600.6679193556952
2020-10-21,24443.914333655895,494.83389083483127,313.32280126275384,393.1339274575256,185.53578571081275,37.41096564954694,31.596582993116463,54.341183840177685,273.8558947407501,582.7971231389221,402.35001651855634,25.51595356840376,609.3592812602337
2020-10-22,24447.064881727692,493.9376331443751,304.0244060234601,386.06929039609344,182.9979220121468,37.588268500826516,30.89886630801704,54.006629943847656,276.44508933138593,587.2251180091838,402.7369021331522,25.237598419189453,599.7022508061152
2020-10-23,24668.911838657623,511.76318695522946,304.7546436300518,393.009554429598,184.9013270255647,38.03152203155655,31.646419282038817,54.48457145690918,278.8350781932304,588.9064295975948,403.31723795541967,25.42317008972168,595.8393644877071
2020-10-26,24525.516259891632,506.1366843862645,300.86002862317315,395.19862513492785,183.7230496418796,38.16450048855423,31.347399021634175,53.81545518374952,278.635896644681,582.4183510706442,404.3327747142863,25.56234677233338,595.8393766367349
2020-10-27,24287.76925247147,491.94595667921425,291.0261036782181,384.3031094844652,178.78328810962057,37.854220842892005,30.45033216387623,52.28606968050697,289.29141009895125,580.6186174306827,393.01671468434193,25.97987973870649,595.4531288791193
2020-10-28,24737.562494128837,508.6760828515288,290.14977957004805,396.51701631345657,176.74390014975165,37.94287357814132,31.148049050834793,51.56916688694529,313.68948896751203,581.5658339559128,396.4501802536025,25.469562401297377,593.4252192931432
2020-10-29,24063.22103352351,503.8960751187843,279.73166146853464,396.5170404142641,171.6228765974314,37.012031883585564,30.450332641601562,49.60962786953029,305.1252630172191,568.5894345067175,379.3793409805598,25.05202996028771,564.9368928430242
2020-10-30,24089.870850836196,492.94178392439323,284.30788708296245,389.0543467565286,171.6228547281754,38.341807366024774,30.450333639522917,48.940527429693695,313.49034939539223,560.0413047538221,386.29466689834214,24.866458391704626,571.696839208475
2020-11-02,24367.31664224586,494.7840667300176,286.2551612385979,385.07422000212745,174.20603779968027,37.32231264527598,30.998539199845645,48.797142553708696,309.7061075503732,565.629651054136,403.31722570111475,25.144813539561124,569.7653835117748
2020-11-03,25107.70785987765,522.8170377148457,296.96541030850767,384.5767449497994,179.4630569625687,39.53860156371144,30.400497436523438,49.70521474107404,314.8844772134166,580.8317775553417,411.05473210847276,26.02627283842686,609.8903606563517
2020-11-04,25539.254643789038,522.9165899408661,301.73631790167923,387.9846990378642,184.44812638287382,39.67158028049584,30.201149233631153,50.66108876380575,316.4778428101258,592.9319331329635,422.95114749841457,25.88709720766163,627.321360818169
2020-11-05,26174.49575229522,532.6758880030347,308.6492865731783,390.54689064184487,195.77788003806984,40.15916505310229,30.599845300819528,50.756671880381866,327.2329029694352,599.5621179411627,430.3985056338859,25.701526641845703,671.1160909034048
2020-11-06,26273.795144470034,536.5099103405665,312.54390680896154,378.6066014318206,198.496995403777,40.42512077798421,31.09821451186176,51.71254181649938,330.61876659278477,599.6805625400184,425.4174746706253,25.7479190826416,690.2370304118925
2020-11-09,27088.634084818994,547.7131502058971,324.8606476215672,389.70110988995685,201.66934784561192,41.089999167062466,31.89560487841304,53.050761086883256,344.56050291004345,622.8626667877825,435.23440625669036,25.93349033488692,720.4635604089
2020-11-10,28039.123763482803,569.6215974938353,335.911677558155,407.9597835707943,202.2131744796921,41.66624098233676,33.09168906875895,53.71987111932454,344.759688563195,642.658740059917,469.85972246825423,26.814949264018647,757.111971374863
2020-11-11,28712.815988685,577.4389642297091,339.6115432045047,432.83539038939296,210.9597246961289,42.81870997700038,34.287775031826634,56.539686171990375,353.3239112038423,662.9756616627177,468.84412684788003,27.65001642889827,810.2256933564983
2020-11-12,28633.41775644797,599.4470652533981,330.84864615430047,422.387643353641,211.3675928814282,41.75488937313306,32.892342530863445,54.96250061065647,358.30305429720363,652.3199077601627,465.79756303743744,27.139698292188896,762.9062128820837
2020-11-13,28108.373280270043,592.5259835675573,324.22781511693216,412.93492735681406,203.93528963270177,40.29214503859992,32.49364413976835,53.33752539955311,348.5239368393098,648.2469862706338,457.18955336212247,27.046913252081634,733.9833490970071
2020-11-17,28791.914687113014,610.600534288079,340.77995281090136,428.8055359427102,210.14399282270892,41.400286806736105,33.88907972467875,54.484565524375654,352.88569805738996,656.2980017294028,474.4055079398093,27.464446002084333,751.2212463207092
2020-11-18,29107.562147162953,622.4012336909848,343.6522599869046,448.20850443038313,216.98714961926822,41.79922270068527,33.39070958820287,55.29705268932879,356.80935839577387,664.4437000382147,471.987538108646,27.650018949851184,753.2491461304572
2020-11-19,29302.25902795573,616.4262126382997,347.49817559565815,443.2831466670828,224.78200966175703,43.74955048997401,33.839243451707844,58.64259941839645,362.2864198068151,658.14492720945,473.92190623470134,28.62426381537868,788.014514727231
2020-11-20,28935.41364640207,612.4428040767891,343.36014348525424,440.47219371837014,218.8905248042852,42.50843151044002,33.24119873845307,56.10954999652575,362.485603243062,650.0703041043771,463.766407868883,27.789196140858,790.0425107775282
2020-11-23,29432.45813381375,608.4096853732557,348.56920915147936,440.29811284762457,220.7032985960955,42.41977821797876,33.63989331373086,56.49188680681524,376.9054440679967,670.1268413942836,465.9909382537843,27.789197015268584,807.3286243426376
2020-11-24,29265.259389306233,600.4926936099301,347.5955691453887,440.2980873067674,217.98417800964825,41.84354672134314,37.178310050318494,56.39630792079828,377.6224050092126,666.8116839168157,458.4468645071897,28.11394423811667,822.7798611298288
2020-11-25,30021.550938121458,622.4012870649827,352.46385824259363,436.51695678873654,222.47073269439687,42.15381948053399,36.87929050891579,56.396307798381656,386.1866104787216,687.3178813804797,469.0859704750994,28.43869044683382,833.9819774013173
2020-11-26,29370.0587269854,599.7458905269111,360.15573901339707,427.3627664843303,221.15648679447995,43.52791979171441,35.683204650878906,57.25659003683381,373.4398633615085,670.1267941015735,459.51080383552255,29.13458209737314,827.6084421191453
2020-11-27,29621.656099664415,609.4552916447777,358.69523667450994,435.3229696744634,222.47073927276722,45.345278761074816,35.88255465760523,57.352176075251094,377.42324547735063,678.0830833467495,460.76817826961155,29.830473992338085,826.6426487598901
2020-12-01,29844.454765657654,608.4594904128348,361.2267425237195,422.63640633344784,222.06285753655297,45.69988740219864,36.97896194458008,60.410955284013404,384.39409102530095,682.3690104462229,463.9598714470202,31.454214469230912,833.4025827106452
2020-12-02,29876.352624367086,604.4761312481745,367.89630690557146,436.4174939786631,225.09927668470812,47.82752348169049,37.17831188696092,62.848427101578494,374.4356973915141,677.7042028299456,470.39167288327013,32.05731685884673,871.0650660078253
2020-12-03,29728.55534218489,607.6130045871648,363.5635154713142,442.7856191241181,225.96030717622665,48.448084320092086,37.0786407377956,62.89621826046963,365.67233341767917,676.7570322500701,466.28113405104057,31.871745177486993,869.2302051390814
2020-12-04,29573.05635361322,604.0776491961507,369.0160263831992,440.19855810160124,232.93943772144067,52.21577954806089,36.87928970950925,63.32636977687026,364.07899735583976,654.0248155752419,467.82863927708763,33.63466747504717,871.5479277441035
2020-12-07,30062.249780173854,614.3846856001998,384.594522369459,438.30801355277237,239.1027870558019,52.48173435887181,37.17831281534607,63.18298007556384,368.351105054335,651.1833481415956,488.4297736408244,33.0315588818215,883.6192254177757
2020-12-08,30299.948772639968,616.5257931592481,402.0716848026031,449.25330605419947,245.58342971262738,53.32392632768033,37.02880277928765,63.852092322870334,364.935391246261,651.1832019175762,494.71645763065817,33.4027040755062,904.9130417650913
2020-12-09,30334.697716371153,616.5756384054156,396.2784244582567,454.725936546554,246.62575999129447,59.70683234904225,37.2281485750439,63.278569859152014,365.6922225455578,652.1304703281169,493.265649342467,39.15539082651326,898.1048061389338
2020-12-10,30544.993732848412,621.9033031501071,389.41412182656427,457.760747479972,243.8159709571821,57.5791966956697,38.57374673447358,63.46974302357585,378.41906664762894,662.0757587301833,491.42799463025165,36.557403785870356,886.4680774220506
2020-12-11,30554.94588799899,623.7456407581623,408.10833746697955,454.5766325559551,244.76764610384342,58.82031883824183,37.67668027575782,63.13519160208591,377.12446420765986,658.3108313387821,492.5402600971471,35.81511921529733,885.3091636317024
2020-12-14,30734.793093719025,613.4386712154488,414.09634170639646,452.7358623450883,248.34784216692157,58.82031647077981,37.77635465212558,63.61312018276983,385.1907309944327,654.9719735588316,501.09988469498774,38.04197017785275,895.207705833404
2020-12-15,30805.041637057184,613.1896797247657,403.09402664769937,460.54682187835226,248.39316081500132,59.5295295715332,37.57700638174787,65.6204426492111,387.9791225237598,653.9300987811489,506.8062607073669,38.27393175318419,891.3449180815012
2020-12-16,30919.98960334236,610.9988693122586,404.9439564391358,460.1488063253811,247.26019583683075,60.01711332375384,37.876026886188434,65.23809713103235,391.36497642430993,664.9172559333512,502.98588637801146,36.742976148863825,900.0362288483352
2020-12-17,30790.84049443312,604.7250347922557,397.4468097703274,455.62145354813566,244.72234078135483,58.86464679184743,37.62684507923452,64.90355365241308,391.36496792544983,671.8316971698117,497.13440798976995,35.397591073548966,882.6535939161032
2020-12-18,30841.490707301375,601.8869283610774,395.1100072399832,459.67617211510185,242.63768437469068,56.69268457348654,37.37766126748502,64.5211989947367,391.12600765850283,679.5984953959074,497.13442675344913,34.46973880075413,903.7058553878752
2020-12-21,30595.44576394912,602.7334099110616,394.28243147698134,447.76074073853516,243.3174779116775,55.18560880136307,36.380923361673844,63.13519250058466,385.3899597751373,671.3107770346853,497.71470834826346,33.402705862216706,874.1553322439495
2020-12-22,29607.156464066356,582.5676623478234,368.3344718305212,418.9050717933156,230.945392436801,51.550895357523196,33.88907675722494,57.782319918945,384.39405675793284,655.8244596437975,480.98234853273675,31.40782068055614,813.7988398001403
2020-12-23,29560.40609624026,586.5509660800307,385.47079769322414,425.8702236960432,232.89410346446155,52.12712897843122,34.536960644136904,59.40729482128857,378.61820981657144,647.6313972886575,482.62661470921796,29.784077213038632,813.0745544260776
2020-12-24,30071.3007186093,592.525911183747,396.2783999545015,432.83540994232027,240.1904569585509,54.121788545846336,36.03206709968825,61.46241985672636,382.0040745386114,658.0029937178846,490.12229413871137,29.876864648381954,832.4368568468627
2020-12-28,30558.493982787855,611.4470004579242,391.41013484163733,436.2930703587558,243.5893755390755,54.52071891024861,36.13173922523551,62.94400513148976,390.9666495012655,665.3909284869355,498.9720698093516,29.552114997133504,825.6769273595407
2020-12-29,31006.54076972844,618.1191517232969,397.2520957200206,432.8851290071757,250.43253934334157,55.85049427097921,37.07863763505964,64.71236224837094,394.9500249445903,672.9919612810602,505.40389915570364,30.52636473628297,844.9910406223086
2020-12-30,31479.43544876348,629.6211496149346,405.5281261072579,425.3727449409271,251.97337134603242,55.85048923340063,36.729778128038774,64.6645758370263,398.9731801728238,681.9191735548343,514.2053193578906,31.26864319167234,887.5303292970282
2020-12-31,31295.536739289688,619.8120822700249,397.25206176681945,425.870263851423,249.25424648834206,55.05262787379964,36.380921828563075,64.23442736386025,401.66194757424245,679.5985460859396,512.7060624837276,30.43357744705816,872.9965072982687
2021-01-01,31296.93666873772,617.6709501025357,391.41013305572153,425.37271434542015,249.16363373395376,54.78667041654053,36.92912798618899,64.04326242088918,397.71842321770305,681.9664673920958,517.9772538185119,30.897500599570016,864.305164788476
2021-01-04,31484.78393540996,625.1895637583376,393.3574698421757,442.78563485684083,255.46294332987725,57.712175682158495,37.826194316023205,65.9549990105038,399.13252731065165,681.0193356443933,514.8339510602137,32.84599265175198,878.7907010386003
2021-01-05,31040.738395056644,615.4303809293639,383.6208552652713,442.56175275834244,252.01867056234732,57.800822199611254,38.12521385605639,66.9108793895134,390.26955623776524,672.1157552191057,509.3693563865334,32.474852464433845,861.1182903751688
2021-01-06,31839.579589981742,659.2473772374738,393.3087613907069,444.2781899506305,256.50527625983915,58.5100417974341,39.62031978587571,69.87407143355759,393.1375906602315,679.5985087322957,521.0722612079111,33.217133611385236,893.2280291393452
2021-01-07,32129.427669212862,656.2599059125433,395.8402586508458,444.7507903989581,261.94354046745246,58.95329596756233,43.35808563828923,71.59463647648323,395.1491520999562,678.4145520741395,534.0326233419001,33.21713065058324,902.93331675897
2021-01-08,32297.67524789695,675.1809047701872,400.22170359829477,447.2632674969616,262.940555209167,59.39655583191822,46.64731773943883,73.02843642850306,392.7591417773466,678.1778291530658,529.051628615732,33.07795625969135,931.9044186713027
2021-01-11,32279.926424077665,673.1891765850129,413.70688214525813,448.18365064535215,261.0372096238938,58.510039808221364,44.60400939265129,72.88505427681604,390.3691484554231,686.7022978773078,527.2623336204688,33.21713414634689,910.5623585450099
2021-01-12,31834.681624997706,658.5502929878865,395.79158814110883,445.5219509537296,253.7861077724359,56.648354255400974,43.85645282518169,70.73434727523473,384.3542342796895,687.8625898545131,523.248485704408,32.19649968325752,888.4477286026927
2021-01-13,32546.22102940989,673.1891409243925,384.8866037526044,452.21349666176224,268.2882045179148,63.82913562863372,47.59421966907646,73.60195645003063,380.6099253341363,707.0192005476937,533.4038699579368,34.33055801935907,900.8087135165796
2021-01-14,32526.32023153067,675.6788140471871,365.02399860476885,445.9697234700322,277.98645743550054,66.79895328001922,46.09911346435547,71.88138882267766,376.82573617189297,696.7187757202818,535.8702881747465,34.09859554187672,920.3159677395497
2021-01-15,32508.522342652763,674.7824495120213,366.09506579889813,454.7259080757819,278.077091492439,67.81845320551822,46.24862740712909,71.54684157906654,377.26385016215477,695.7478524799448,531.9531744575852,34.330556615783166,940.5957387490644
2021-01-18,32274.77587274443,671.6456433861337,357.9163457055581,458.2084838423428,275.08601945704106,66.88761955025794,48.49128555531803,69.73068434113573,372.54360653257754,696.1267159476713,526.6336219953223,33.40270192472725,926.1102361808009
2021-01-19,32082.52741280993,660.7909696176007,351.7822634068562,445.17367417687404,269.7837042749694,65.114583030028,46.946340203549106,68.82261263449969,369.6755829769805,706.4984397534726,521.3140942006606,33.35631592876768,909.7415115981693
2021-01-20,32388.57211425406,661.239042845912,353.388851454939,450.2234356703973,270.826054085564,67.24221485924424,50.5844331882661,72.45492083644712,376.4273834830333,710.8553078986365,528.5195969690293,34.09859314587185,904.7681617958506
2021-01-21,32732.419421126968,677.9195065377202,355.33615952998366,458.6065065779345,275.5392432655102,71.05424357588325,51.78052053328486,75.37031499373528,378.41904882993225,706.5930756304524,536.7890947725659,34.423341020739876,926.4965262625442
2021-01-22,32087.627997437212,667.214162277565,324.2277957904786,454.5268861417466,267.8350014016356,67.50817132668412,49.83688123298414,72.93285546327061,368.46063695760455,695.1795566696569,534.9514378749004,33.217131909422946,898.104740511076
2021-01-25,31506.783514219973,651.2806246944302,311.57023519091456,448.7557826608968,257.8648669587896,66.134071668598,50.13590152740732,70.78214291138575,367.46479321892076,693.853536512856,518.9445431722849,32.47485176299326,874.9279026864668
2021-01-27,31235.887389564734,657.2059785144218,301.6875995328131,440.29808244459593,253.96742513199874,65.20323414282151,47.843406515135925,68.10570394496517,358.1039138049476,695.2268743824932,520.1534474912922,31.639785072104285,818.9170515767335
2021-01-28,29811.953623672922,619.4137929622381,291.99972790749706,430.8453614859458,246.4444505908451,64.2280638654078,46.94633933240307,66.1939697413518,344.75966743524435,658.2398062718762,497.7146460496231,30.619147003200712,773.8186931225241
2021-01-29,30700.2933501114,668.2099725309582,307.8704035538344,437.81053288413324,258.86184056993363,60.23874702969784,48.341774846064446,69.3961391654396,348.5139737021466,658.9264639039899,515.8494416360832,30.619148214092487,789.0767954924092
2021-02-01,30975.991239051436,662.2349434133054,301.8336934077122,443.2831499080632,258.40868884844326,61.12526199790323,45.65058201234339,70.11303977636116,344.56050078305583,667.8772579391374,533.8874929379452,31.31503258551751,829.5397156765275
2021-02-02,33588.66023680371,716.2593364687275,321.3068528711029,472.86024971091047,285.50936136540645,66.488684938717,46.99617908633872,74.4144457768514,364.47733734178837,710.8553173311757,592.8860191274805,33.4954884951251,948.7076500652585
2021-02-03,34555.20156679741,717.0062330220496,337.858999712404,483.9796221736093,302.5040019403347,66.84329803889669,48.042753724506156,77.18646710407906,372.44399006209784,747.7951369461741,602.9446711821305,33.82023823473025,946.3899891055845
2021-02-04,34548.497517242664,726.9646567156145,329.0960511389607,482.06417485206276,303.09316613627914,68.35036010669032,47.54438602761499,77.75999371233303,366.26979846751124,741.6384192408357,598.4956777203032,35.722335344479404,999.4071509973946
2021-02-05,35634.53538329695,745.8856270175063,340.779949871716,482.586614410612,350.7686897261344,74.20136656281255,49.33851142296503,81.72685391084428,381.4065815734138,733.1139377693545,607.6839602021124,38.320324625436726,1009.160710017923
2021-02-08,36073.43254599389,722.9812907332857,322.28045262557777,492.38757903479666,360.7388788192706,74.02406072677832,48.790306260646105,80.24524161261418,398.33586691426063,767.2122882010688,601.9291138068694,37.99557826410417,1000.5177092870365
2021-02-09,36058.38278582923,732.6907859108665,323.6436113469322,517.312927400991,359.60592083161794,72.16237941795816,49.238838694362784,79.33717169918533,390.36914582953165,762.4764131313533,610.6338621221892,35.490372968966724,1008.1950913885099
2021-02-10,36041.93450010065,738.466623445978,321.30681940689385,534.327826433121,357.15863177067274,71.00991161474747,50.28541381821599,79.33716850464324,388.3774382072007,761.6949586277138,612.5681705304688,36.00069210686842,999.5037083273783
2021-02-11,35686.83668857753,727.9604458197308,324.76327876087555,549.2034792672646,355.11929919081194,70.61098605558149,50.4349200694657,78.66806554032242,388.2181011104293,749.215885700542,606.1847931105234,36.603797665588374,989.8466864283832
2021-02-12,35736.1879031714,732.4417165518977,324.3251678712611,559.7009499563932,354.39421655596686,68.66063824064878,52.67758020185161,80.00628421772153,390.36913983848933,745.3798525902982,609.2314148357126,36.18626174113208,988.6877977196784
2021-02-15,36500.9741981774,756.7403595031753,332.55251728061717,552.238277654501,360.2856891798072,70.12338750240346,52.42839744144499,79.95850036257703,390.3691266205572,757.7877914152841,633.5079030541306,36.4182238364088,1009.064218596554
2021-02-16,37492.16730919224,795.6777596486618,330.0210542287653,541.7905191331181,373.42816225930954,71.27586905039409,54.27236122717952,82.39595502262013,398.33586909860384,767.7804841834933,651.3041452267947,37.11411488207081,1031.3719748017807
2021-02-17,37041.51800625366,770.781705791948,340.77994955244975,543.6562549920045,365.27075202724177,70.56665174051463,53.624483318667444,81.44008179999912,401.3432814924556,767.2122372237433,633.3143234845642,36.65019016311261,1042.9604415136437
2021-02-18,37088.31837963386,771.7775420946198,339.12471016972063,546.5168905966923,385.25639404385146,75.79709826971077,56.614695659892696,83.39962671813086,394.1832020729466,760.5584237121387,628.6719275027538,38.96982287001628,1009.1607682453127
2021-02-19,36371.1266324689,769.686284844603,335.6196017364514,559.1536624558989,376.147273459964,85.061176838321,58.30914831628192,82.87389506277795,386.83394076140524,731.6932277267678,614.6477354005381,41.05748948463484,999.503596201173
2021-02-22,35873.8834460956,746.532998443807,327.9277129286891,551.7407784584763,363.0954503663463,81.0275421284415,62.794468577315165,80.05407542327157,386.1368052216739,731.7168916782571,601.5907088445284,39.48013914606425,1028.4264478169457
2021-02-23,35540.13963082048,729.3048556311861,319.31083624942875,532.8352826711773,355.30059790846593,80.05238007663817,61.19969177246094,76.5651543125675,391.3649980264066,735.8371394738815,594.5785688013192,38.32032446434264,997.7170952366737
2021-02-24,35204.99099332919,718.9979022932571,318.191094610098,570.0989312277605,359.8324854266827,77.48148213057033,61.5983827167203,78.47689112228217,376.2481252220263,722.931841154258,594.9170279499745,38.4595050536846,1011.38190970691
2021-02-25,36762.72016150625,761.819086385355,329.0960536724096,595.5218419235947,372.5217851670408,79.6977665889012,64.7381065285724,83.16065833050271,383.7965739245806,762.3579920072215,621.6114055637187,39.20178414021916,1042.9604869480738
2021-02-26,35806.23047929238,742.898117013188,325.20141919776205,576.1188308167235,362.0984289098423,77.03821624774132,63.29283614892457,81.15332990163527,372.24487220915813,751.6075036939108,594.8203376186088,38.04196942228206,1033.3033781879594
2021-03-01,35373.83893444791,734.9314101555029,339.8063366541641,566.1685783168592,358.11037759850547,75.70844266692667,64.14006156859989,80.91436148970186,360.6931132303054,740.6914095593214,587.6148115351774,38.413109557318236,1038.1318692058176
2021-03-02,35457.737836012246,727.4127502330297,332.5038719396891,577.0641222871028,358.01970884280473,74.46732192142035,63.54202048723088,79.8151028667655,367.46482715253035,746.2323286853281,589.9844237881347,38.181148651568506,1038.1320097174043
2021-03-03,35754.034461622796,737.4209768587752,339.80630228844007,578.3079466757804,359.3792850621404,74.55597613985697,64.58859644861742,80.00627737371452,369.45649164485894,750.1631036638017,597.7218718298362,38.413111694004805,1042.960305254035
2021-03-04,35575.23311708082,728.0600774822968,340.7799598045748,590.870080695796,361.37335958034487,75.35383405516176,65.73484132749229,82.87389392037764,371.2290826371163,733.3744859871274,598.4473386312079,39.89767730424784,1041.0289639623425
2021-03-05,35458.08716179999,728.9562892228661,342.72726079210713,633.8302513813883,358.0197070455635,75.53114021757926,67.77815914596471,85.93267915596462,373.53944334509373,725.0629432827818,593.0794682716344,40.454385700960955,1046.823245032405
2021-03-08,35462.03689172117,731.9438740959583,341.7535974796417,634.0291798856938,352.08294430864095,72.69428451215938,67.18011365768493,84.30770077315718,382.4024307655916,730.2723633294515,591.5318927303614,39.15539232334631,1017.8521071260051
2021-03-09,35705.48233043411,755.5452467103339,344.6745927720911,626.8401527739934,356.6148535707426,72.6942839970273,67.52897364098622,83.35182735005453,381.9642420927391,731.6931703125,594.6752556001715,38.923433069000765,990.4260569682023
2021-03-10,36111.83000819003,747.3794116202914,344.6745979787014,623.879969890784,354.48488173873204,72.11805963666411,67.03060114836941,82.20479044626563,394.99977962134005,744.4801043633497,608.1191128291885,38.969823998141,1007.3741873625221
2021-03-12,36496.92582696449,769.3874657568387,348.2771221295969,625.994498376512,355.0286741965049,71.58614582806254,67.08044690278852,83.39962374779485,394.1533333794926,757.7405377905536,610.730567918101,38.830641425295084,1015.9207235911124
2021-03-15,35543.83562708032,750.8649302859486,339.75760931040315,621.8651213891486,346.6900285660116,69.10389840677672,66.98075979943405,81.87024640993201,387.1824595742562,733.303371388489,591.8220919937933,38.08835893485057,992.5506383832823
2021-03-16,35351.587360597296,747.8773405565645,334.69459129187425,602.511872540541,349.499791590608,70.47800049288695,65.53549664469104,80.38864041703393,383.41814836459474,725.0155744712979,586.9377808972519,38.041971159546264,1009.1607886825584
2021-03-17,34904.64447725062,735.927234927235,330.0697343480663,611.4422514071451,342.7925358448598,69.76878968625277,63.1433246977195,79.9584904540429,379.0564210956355,721.8662655765469,577.9429530608669,36.97493473770278,996.6065733583043
2021-03-18,34577.09707048563,732.93975,331.043384843003,595.5218186139356,336.71984360801395,67.28655058113422,61.29936234190039,77.42543123006054,374.6348366755784,715.9463312672258,575.2348501263003,36.18626093803707,989.8467243360038
2021-03-19,33590.00666212164,706.0519507718374,326.17509259336015,559.2034509284987,329.8766751520337,62.809643465310224,57.810782414339975,73.88872183403362,362.17691241632843,703.2779062108723,556.3262649856949,34.516129138481546,956.0470409199124
2021-03-22,34088.0021751832,716.0103913161342,336.93399125648165,601.4919810317372,337.17300855756133,65.42487497493507,59.85409113916676,74.55782611210908,365.074792420332,707.9664936714229,567.5939436827399,35.675947358425645,971.4983497213811
2021-03-23,33747.55586829975,715.0145846914919,344.86930889150784,614.4272990594126,334.1819787871313,64.62699664745993,59.555070332821934,74.07988717861663,367.2656629044873,696.1741346833069,557.1000391565908,35.119230899764524,943.492849907518
2021-03-24,33894.30551384845,720.2427433703328,355.3848207133967,614.9248081321778,334.0006960908073,65.91244365029678,60.40229740072478,74.55783085980602,358.5022425271353,706.0720757291848,560.968812379543,35.86151754350647,946.4382537430047
2021-03-25,33420.362382393076,706.549923657723,349.59157932080063,611.9148132902469,326.29643942699124,63.829136422281366,58.50849593775948,71.88139130021662,357.0881665321073,705.7405405403921,549.4592117255838,34.330557272467814,925.820512228237
2021-03-26,33604.660733062025,704.0602721720342,345.8916646526184,579.3527033421059,326.2964869757782,63.29722196698377,57.81078123346152,73.69754423233695,355.5147598126711,707.5401996278873,565.3210612806486,33.58827360794708,940.4025821753318
2021-03-30,33615.50692509653,702.0685783789392,340.97472976227743,596.9894759103722,326.3871271390696,63.740479224197934,58.15963928327524,74.55782809062433,354.9371894169638,713.53120117621,562.9031566253199,33.77384477113745,932.8701518235638
2021-03-31,33764.408710586664,693.1060657016383,328.12240871853635,636.8152537339638,326.56836195930134,63.91777978044,59.30588587918943,72.40712151108708,354.2798932220107,733.1139368392285,566.7718717357828,33.49548786360892,928.0898707481224
2021-04-01,33587.608614932215,703.3631858616326,332.9420373047177,621.8898739794218,333.27560015473773,66.31138316871132,56.01665470588724,73.07622708212314,352.5272523551113,710.0975869218903,568.271031156345,34.33055699272441,930.9387086710784
2021-04-05,33648.758280783884,704.2595017358078,339.5142059112033,627.8601331574964,333.09434852068074,66.57733090711528,56.81404467579604,75.37031222340954,355.73387389580864,700.9099594168414,572.5750632521882,35.76872761246797,951.2185208414211
2021-04-06,32915.26667930568,687.230522291965,329.0960914088228,612.437192372776,322.39904497453415,64.62700061281627,54.57138204069475,73.60195427664553,353.72223061139755,691.4382599253059,555.842658952547,34.28416543589634,915.2943658682697
2021-04-07,32529.321761252937,677.67046926258,328.70660314944075,608.482038229964,318.3656520284423,64.62699503658581,55.31893545789534,73.64975376741486,351.74052517189324,681.6349841449041,547.9601054160856,34.37694591393628,899.0705378058753
2021-04-08,33153.81206994251,688.6247909751781,341.6075880763195,616.3923286616528,327.20285220919027,65.95677052522838,58.10980251338976,75.65707586827808,357.70560802683593,688.123091309579,562.9030588804562,35.02644782018832,916.4531963057443
2021-04-09,32636.521243610114,676.4754526521907,345.1127149045031,621.8899093114757,321.22076855275367,65.07025712713634,56.365511278918866,74.36665755215098,352.5272372242361,675.3362345728195,555.1173471325743,34.655301945879536,902.9332511381356
2021-04-12,31637.533149858613,648.2930819778234,340.6825973041419,573.6312569965056,311.7944125874405,63.82913433840509,52.827093995274005,71.69022224470083,349.98784891793895,659.7078551379362,533.3071782073054,34.0985939385754,853.6824098911068
2021-04-13,30901.44174644551,632.9571161543705,325.98036829975644,535.5716118317843,300.91787460192904,59.529533871818785,50.98312818656672,68.34466934204102,347.7073767749258,647.8681060041231,523.2484697116017,31.54699783312144,820.8484616901103
2021-04-15,31928.728697077408,663.6789243196687,321.89104949230546,537.7109763982658,310.07231687300805,60.06144392093669,52.82709363056116,71.69022072537891,358.5022782988048,665.3909109555909,547.3798090534764,32.103710048630994,837.7482639804892
2021-04-16,32161.07598970617,665.8698405084466,319.3594919695685,527.3626748619583,310.88802778060347,60.54902688489188,52.62774631567127,72.59828908220943,353.32388533334176,679.5747548202479,555.7459340877606,32.47485122406294,834.4648333575302
2021-04-19,30993.088439638188,647.2973004786572,298.08511335958224,514.9248883330291,296.5218839073633,57.62352339674042,49.8368784310173,70.49537888773072,342.5688521523573,658.286947940608,531.9530410391777,31.175858490580055,801.4861386734276
2021-04-20,31568.582591954004,653.2723676639815,302.7586428322304,509.9497352388477,303.72761401166923,57.57919472206951,51.73068226772894,69.92186364246768,343.56465598248866,674.8626741907973,546.6543958688338,31.546999502957412,816.0199584960938
2021-04-22,30763.14269575942,638.3347055046817,300.6165895477443,502.4870914082438,295.47957579432506,55.008301602435246,49.836880716131915,67.10204777910086,336.5440180242062,653.551168270815,533.8875538970873,30.804720107104494,802.5000586104011
2021-04-23,31490.23316497043,653.2723816339767,300.957396005947,542.2133809419107,300.6006270919663,55.495881264899936,50.53459582547123,68.29687951442926,345.33725522908463,667.285193457898,551.2001875870606,31.083072522107294,801.534368537454
2021-04-26,32316.27490844289,691.1143436056602,309.62290739213427,537.8103908478959,307.4891112825343,56.293752432207185,51.73068360921439,69.53951335293695,346.5521478329684,669.179600676809,582.2468965619786,31.778961565790905,827.6083892576703
2021-04-27,32228.574251089572,688.2262982823631,304.7546362747692,522.3626937937042,311.794381791901,56.648357200745615,52.42839590149345,70.78214027135853,348.54385923311486,666.4565150269433,573.7840448494992,31.9181407865986,830.070900652784
2021-04-28,32865.119305465734,705.0561657873892,311.57022926179604,544.775581050625,323.5773528662632,58.51004444980973,53.624480981703975,71.83360643327909,351.03346694723734,680.1904622383832,578.3781688725504,32.660422642286214,859.4766405049804
2021-04-29,33901.20876969244,709.0395578048045,321.06340153091463,569.6512048432115,330.82838370870775,60.68200035420128,55.119588434238416,75.13135191827482,363.50134144120506,703.8461619317026,602.1225985142227,33.21713373716715,904.7198469087778
2021-04-30,33112.0117644154,702.0685696532428,318.38582834933544,533.3328427669815,320.3596603770805,57.97813183902187,53.82383212207979,73.6497497278572,354.5189000270135,684.3343816732215,590.0811197457465,32.05731532353187,896.1734154377326
2021-05-03,32368.174956685074,703.0644896027882,316.34117488891854,472.1388511347863,316.87014067030424,58.46570814063712,54.023177928554816,75.9916342278054,345.5563542295927,659.7077762015139,573.1069898029775,32.010921478271484,897.1390781205929
2021-05-04,32610.02143903958,701.0727748943879,313.5175488326894,467.6612728166815,321.7645814985164,59.5738549580298,54.37203694750699,77.04309157206173,348.74306281324175,667.7351002247756,577.072462321163,32.28928099124489,898.1048106686352
2021-05-05,32576.719209321273,706.05191860334,312.5439067794616,462.6861089606322,323.12412819031704,63.91778299303185,56.16616332981376,76.89970650831211,346.75134754913034,663.4965435023666,575.7667234251652,35.76872945020399,891.3448206019391
2021-05-06,32900.36633682246,715.0146315531676,304.65728193447563,473.13388339915844,324.48367054163964,64.71565015020674,56.4153473048232,76.94750131985616,354.8574400048263,666.6222341637894,583.0206329483368,34.794486337410795,905.2993287053827
2021-05-07,33041.26402940863,718.0021040204264,289.176120855149,470.1487826020789,324.03054279292786,63.03126933883941,57.0133901529167,75.99162368152226,357.70563672567755,669.1558196668091,591.9188082591196,34.00581286240867,900.5673168843508
2021-05-10,33174.91367858231,720.4916975974037,277.4922522786354,469.65128183176,326.7496752919672,63.25289655008886,55.81730694081946,74.84459172486184,360.2947553697522,675.8098094461626,590.9516354734636,33.91302379424888,906.7961547206954
2021-05-11,32640.569099266977,701.869489351246,281.38690969545354,464.676137422157,323.4413928797194,64.27238992808691,54.82056816948785,75.51370185110743,353.84174608903965,661.1285516758652,586.5026053546546,32.3356727576847,892.2622330229918
2021-05-12,32717.270355303604,701.0728043566723,283.57763869559085,477.61144933228593,328.8342944438896,65.64649875327713,56.16616249836361,78.66806784173512,349.340534180948,662.9045297636991,583.4075489478822,33.170743568841715,909.6932834496151
2021-05-14,32494.773568008226,692.1101528641082,280.65665634583996,480.0990328047123,335.3602860532852,69.41418563645503,55.61795672256731,78.81143218493298,344.34141041799893,660.3471969061856,572.5750286399276,35.07284199523621,891.344832918439
2021-05-17,32437.470908866064,688.6247087007347,277.0054427668184,474.8751848676604,330.2845260868121,66.31138986891087,54.1726877689262,77.23426208746454,341.97132127254145,660.7260994627449,583.455938899069,34.51612790985728,866.3330737054745
2021-05-18,33892.707371984536,717.006235337283,280.65666083318433,475.6214224124118,353.4878474173786,69.50282940773388,56.11632612365103,80.29304111470385,352.12891472473854,690.9408628719897,607.3937697681079,35.583156843187076,933.8358381306676
2021-05-19,33716.7105675496,701.0727538563992,283.82106770107083,490.04927466254406,346.236805136607,67.9071002113402,55.86714322751446,80.57980665362349,348.1355768404976,696.2688083859091,606.5233143390998,33.68105978424461,931.904407331591
2021-05-20,33692.15990929231,705.6536296085293,282.45791093438345,487.5617245925342,350.7686435783252,68.26170877693525,55.46845013993904,80.9621557783521,344.958865261045,690.6567745433202,607.442181031065,33.866626586914066,929.9730710137629
2021-05-21,33559.41061117683,704.0602541146745,288.7867053502331,477.6611996384215,353.4878259055893,68.70496580086261,55.36877389681982,80.34084076257014,341.67261385826964,683.3872458173004,601.8807769259918,35.25841000407135,951.2184491495449
2021-05-24,34868.895395061714,727.3629971919069,293.75236170823194,490.04928336094594,377.96009851538145,72.96025129896404,57.91045192137895,81.96581104127017,351.2625024455911,711.9209177142021,622.1433804124802,36.3718365482423,983.955873487437
2021-05-25,35094.59263014522,741.3047844540998,291.4155378008588,489.0542186040199,376.23793413347425,72.78294174596603,59.70458428912086,83.01728057861328,352.606854577152,715.3543770125982,628.768647837575,37.48525756666353,977.2925755975568
2021-05-26,34756.74524752426,734.9314232508832,287.2288117274422,482.5865898462165,375.05960255248107,72.11805761379662,58.90718920993906,83.3518231565751,350.5455030888495,700.9100004512399,628.0432402525254,36.650187547039835,964.5934606078645
2021-05-27,34663.79795616114,734.1347553026613,285.91438175439214,481.5915786768525,374.9690356228089,71.71912192052153,57.96029356396968,83.16064835554276,346.5521743677079,697.6422519596574,629.7358551210899,36.650189558318715,961.1652218922858
2021-05-28,35345.2358979224,749.4706671794544,290.8800724035826,492.5368447366077,390.19620702755384,74.8219293157619,58.20947804126248,84.9290058080714,355.7139331291476,706.0721322104973,636.4578270895487,39.7121005772376,979.7068006284642
2021-05-31,35097.040158559794,734.831787643143,296.86801205172037,496.890057625758,381.58563350241036,73.58080559602402,58.95703166887725,84.88122080804321,358.3031069522023,710.3816459911758,622.6269768391497,39.29456979335803,980.1896479193338
2021-06-01,35639.336332065526,750.4167331780153,300.1297507937744,492.53685373295616,386.1627962299375,71.85209716416377,58.358985055702895,83.44742114776773,361.48978336170404,719.9955698673149,642.7444879173929,39.480138385212186,981.1553750669466
2021-06-02,35271.19259065426,741.7031022433187,293.21679266652166,491.0443065797507,390.46808356688643,70.16771622024501,57.21273822849607,81.96581184205725,357.10809541858634,715.1176501334982,627.221090506757,38.87703753646598,974.298850431183
2021-06-03,35536.03646352532,739.9105931138783,304.3652144449263,507.4622095259829,399.74450473610744,72.64995496915195,61.29936243296291,84.06871972113467,356.5105842185161,714.1703420890846,632.0087082156971,41.28945416047724,995.6408628899453
2021-06-04,35657.4371502714,747.8773365657305,310.54790779129826,500.4970034324546,400.20190798204277,72.78294639557815,60.55180947424093,84.212111935888,362.48565882721647,717.959185353156,631.5734701538852,40.407993964096185,977.4856238371171
2021-06-07,35460.39042651194,740.0101924252393,306.70196628570557,501.89005506711294,398.0065409057618,73.22619955215443,60.103277295984086,84.02093900870311,363.48146425854304,715.1175968039121,624.0294066460328,39.89767586162778,983.0867119576283
2021-06-08,35433.39049599529,747.8773326208817,312.49526161470965,511.93982650156147,395.399522537788,73.58079910909568,60.50197394560256,83.73417686714465,361.48978132003606,708.7479282364206,626.7375155842017,39.433748004876556,989.8467273633854
2021-06-09,35113.84008738201,742.8981228593167,311.47284858982687,500.8950252495127,391.0544427567875,73.5808119745237,59.3058854899461,82.58712672435102,356.490727071591,702.7570287371487,623.2556700607997,38.5522869125845,984.0524641435559
2021-06-10,34903.194063449395,736.375366147879,310.9860193879085,497.511981812255,388.67610762888614,73.22620699934215,60.003605956024025,81.24891030708734,356.05249322323704,701.9044590603982,614.5993118989177,38.13475092508666,977.2925718065061
2021-06-11,35324.238973771804,743.1470718292321,313.51756772031297,495.5219838580822,397.77782563360597,75.13220650318952,60.60164483835128,83.16064418863586,360.2947250985191,706.1194312271526,622.8687701920318,39.80488952631846,992.7438001303318
2021-06-14,34936.14469456993,732.8402002927605,311.0347490755196,522.3875897844262,390.5970900406469,74.46732203123139,59.85409113916676,82.25258490355507,356.49066901945514,700.0811928397461,614.8412065426007,38.784252717733594,977.2925082462705
2021-06-15,35037.643065140015,732.9397011041275,314.49119999909,537.1387948349035,392.60952864329266,74.91058152214403,59.30588730052685,81.96581319321034,353.68244633874195,703.7515338961059,615.4698186584785,39.80489173155276,989.8466778157833
2021-06-16,35195.84151294692,745.6864090678764,314.4912188971999,529.3527248956332,391.5118173487716,75.35384570743062,59.40555962368032,82.2047767286125,352.6965186775184,704.6987112068459,623.7392882904506,39.24817619574344,994.6751682771811
2021-06-17,34619.39827004945,738.8649767648072,309.52554955806534,511.44224253489466,385.1086068502287,74.20136858272609,57.81077939744018,80.77097790782959,347.9962028632503,694.2797401828149,612.2780839004929,38.13475036621094,967.635486418972
2021-06-18,34734.74403128786,739.064176618933,311.765002589479,511.39256646915,387.76134676758494,73.27052404426716,57.96029137895833,81.96581175894899,353.5131120484535,695.9372691383855,611.842853388987,38.50589550587951,959.8132847364615
2021-06-21,34109.051844306414,721.9854260869652,313.5662021313711,506.44235579971485,371.70754165462415,69.41419093462783,56.31567265577393,79.05040978087625,346.55215090757525,692.0775962076742,602.4127709849872,36.65019016311261,943.4928698421264
2021-06-22,35084.49215775887,740.1097849966816,333.9643942851541,529.8999865325916,386.93807938477613,73.75811243047654,59.05670357227696,82.01360971701932,354.518940358727,708.960992086573,614.1641206728506,39.01621750092014,981.0587693088446
2021-06-23,34911.445287111645,740.1097928664143,333.62358230894927,514.0044720315224,385.2000574524912,73.18187979783684,58.20947687220971,81.34449574188501,351.3322347604318,705.645854671328,612.9551850326598,38.505892601238905,974.3953852646213
2021-06-24,34687.2945936658,732.8401127947354,326.2724773750644,509.94974682631096,384.513985899629,73.09322090585131,57.711108323437806,81.48787906334951,345.5563375427949,705.6458725038901,606.4265790037326,39.52653291194024,969.5669333593581
2021-06-25,34916.243477116725,734.4832973594375,324.61724006304064,507.2383275538918,385.1086042207349,72.33968187847822,57.11306553054002,81.39229999625995,345.5563659667969,715.6385466601647,615.2279690658137,38.969821415350104,962.80696374419
2021-06-28,35487.78756904865,761.3709431359562,326.1750957206206,517.4124137187306,393.9816403852467,74.6889489657826,58.30914842092635,82.39595723328334,345.55636080352775,719.8534913437187,629.6391403081229,39.85128450096671,984.0524153381483
2021-06-29,35320.039369871956,757.8357834922856,335.91166633071276,524.1288564381578,391.0544317388026,77.9690598232828,57.16289966948961,83.59078181509705,346.1140096045749,716.7857178673613,625.093315470687,40.315212926601646,974.395412547051
2021-06-30,35001.493435935794,749.3710860481526,329.19344550896267,537.4123590948323,386.938095109136,77.34849776869079,56.066489398203366,83.16065534310334,339.7506103515625,712.5049495969985,617.3557603738263,40.129637528902194,986.4666855594306
2021-07-01,34865.59554500094,746.88154061252,323.6435986369821,518.4074532419924,384.4682425958838,76.5506262392171,54.17268645762985,83.64169027180503,340.55722189966895,714.4075246053683,613.1485855081484,39.34096258262192,976.3268263287866
2021-07-02,34727.696267112966,744.4914419215504,318.2884879101566,509.45223077229497,384.46825024993365,76.32900104839462,54.023177928554816,83.06351277717764,343.96300986960927,706.3217712448228,611.5043812565206,39.48014133657561,973.4296970409935
2021-07-05,35010.54140437875,753.9519291336045,316.0003841713129,519.8751128684421,390.1396910152482,76.15170689572055,54.07301347978782,82.53352903918613,343.9630062506367,708.6761078676606,621.6597745189683,39.34096398747793,977.292497540921
2021-07-06,35173.192219667566,753.8524149189935,314.29648780350425,525.3725938959807,394.8964087286917,76.6836197167112,54.42187033117316,84.21985933535512,344.36131152792325,712.029365240718,624.0294639213911,39.15539334098113,983.7627285888198
2021-07-07,35550.19005465326,752.7570110976264,311.0833850131315,551.7407367621528,392.7467185189113,75.57546036146216,53.524810045034556,83.73804845504998,349.7388957234871,729.627951175681,629.5423916613154,38.78425116091724,989.4122145312043
2021-07-08,35602.836016514644,756.8399356315366,312.5439112574884,554.725840447239,395.90258222017076,76.24035242503275,54.073013358395606,83.35259912759805,350.13718445374946,725.3472795930096,629.1554967770891,38.78424948941396,1007.0845297494435
2021-07-09,35163.342686641154,748.873120862762,303.87838425549023,567.6611350158813,388.7675489577572,74.06839323520501,53.02644107658416,82.91897457585668,344.3612967436291,719.425469171231,618.5164963152849,38.13475317449917,1004.3321458293963
2021-07-12,35284.639621107155,749.3710898339368,312.0570814559761,592.5117642085886,390.13970696271963,74.82192956899992,54.17268628512264,85.23164878739695,344.9588207867193,714.4075732356201,624.803125,38.13475216316888,1009.5470241349341
2021-07-13,35479.63896294364,755.8441435708421,310.59660153875217,595.0242963008262,393.34130279972993,74.73328209855315,54.22252620623072,87.06251440818568,347.1496933041626,711.6012051610156,633.6529819845153,38.088360226807815,1018.8179154104431
2021-07-14,35585.438456539865,767.7443655660431,309.5742744117091,587.5616606642108,392.4265372739253,74.9105861675138,53.82382947820826,86.24344795483398,346.55222195338337,712.2671884304233,640.2780974412732,38.04196982340201,1013.9893758468005
2021-07-15,35757.03299833447,767.296243777631,309.6229388703437,593.0343051403784,395.8111400579754,74.86624939584263,53.72415690480297,86.58070891774413,349.9380649068724,715.8344552077314,643.2764511548442,37.85640020309381,1017.8521777189222
2021-07-16,35977.532537092775,772.7734130345415,307.67559858234176,622.6362072326253,395.1708030523256,74.46731826865592,53.27562383532513,85.37618692065473,349.63929459553265,726.7502893243508,645.5493872475801,37.48525909043009,1017.8520845231964
2021-07-19,35070.09385074511,749.1719094335947,299.8863914853184,606.9148097011838,387.3039562318398,72.162389780557,53.42513188109706,83.35260315828545,345.33722980836006,707.2729809603507,624.4646842448664,37.578042602123375,988.8809486071775
2021-07-20,34790.74565042268,751.8607084023005,300.2758352972919,600.9446878299202,390.59708429152414,70.92126435986916,52.42839699246987,82.87079859491605,343.1265139002212,685.8693260228458,627.366223435358,37.25329898405855,982.1210627100405
2021-07-22,34774.147309155844,746.9810046367934,297.8416990861033,582.8352049459571,389.2706766176685,70.92125608377646,51.48149724061314,81.90718155586401,339.890006206341,692.5757594227039,631.089827148478,37.53165118911966,965.6074973580644
2021-07-23,34747.948629427025,745.8856809298028,297.8903837117287,579.601414382087,386.84659960481434,71.00991324870357,52.1792135255474,81.85900236671557,340.5771813816114,690.3878413695973,634.4267147427613,37.20690295779493,961.841261826757
2021-07-26,34947.44533397688,750.8648490515743,297.01405629270425,584.0790528171696,391.3288564591651,70.7439668642103,50.98313049350385,82.53352903918613,340.89583411744707,680.1616926345283,657.6874877343462,37.067723065008245,955.3710182503345
2021-07-27,35028.8918244511,747.3793473367459,292.0971138030061,586.5665358562459,387.9900123298882,70.83261442034272,51.331987728626274,84.3162153183031,348.94220930629893,683.0630447053469,657.8326707719405,36.6501903743353,955.0813512700886
2021-07-28,34839.04330336841,731.7446476941112,289.1761457570308,594.5267988593395,393.3413384299721,70.92126914802003,50.58443160748256,83.15988235972294,339.58133330896135,682.5635980986397,655.6564826169622,36.371832507568314,957.9784807038529
2021-07-29,34739.89787152017,717.0062657938306,291.8658993712857,589.8004895697969,389.6823083744162,69.54716048968709,50.93328836135463,82.82260560163,331.41539330520584,679.3292509173456,671.738525390625,35.81511845574076,963.7244111222691
2021-07-30,34698.346325373626,715.0643100797221,286.24840155998527,595.0242387193796,403.8609447572453,71.45316072241128,52.22905316955439,83.01533466509143,326.9639755355411,674.9295466561146,666.4033565311641,36.65018844604492,955.0812840826286
2021-08-02,34760.495503756676,712.0270365885923,288.1045867519896,611.4421352579418,397.6863713750025,71.76345157829162,48.491286055683645,84.70165692109522,331.61461563126494,682.5398220441142,663.5418296380883,36.882153670249515,957.785264184427
2021-08-03,34660.346212632336,720.9896008849354,295.0409819797055,607.4620917722195,397.8693121846302,71.71912808291053,51.83035443849612,82.91897969215864,331.61459448636003,670.6489317422132,662.5233695507073,38.50589550587951,953.1499468476675
2021-08-04,35387.73789238733,737.4210235995861,296.01798045702685,605.4720425493263,410.4013553558495,73.71378395901185,51.631007414579976,85.90618223197256,338.32651912034663,685.393645546079,673.1935601400174,37.578040279716056,993.7094663731302
2021-08-05,36093.52822675654,749.8690760443646,295.9202547970493,619.8998711376105,421.69843245945845,74.20136830005522,48.34177533300193,84.79802031629279,350.874145993551,697.8076795451349,694.0490023365312,36.650190626861324,976.7613403983651
2021-08-06,35875.38203571336,743.8940454862488,300.1212314195929,616.8899392564164,405.87337584549294,73.00457290374995,48.441444916137065,82.87079307620421,352.32805108513264,705.632037503602,683.9123013506,36.1862606272597,970.5325724975527
2021-08-09,35823.78362528719,737.9188734921771,295.52947696332967,622.0142874988225,400.5678090955559,75.57546312492285,48.84014382856848,83.83441083859175,353.961239036647,709.6511206336975,676.4916392046472,36.74297347710197,995.6408996633116
2021-08-10,35954.133735229836,752.3585912263414,295.9691470395538,629.3525890046102,397.3661872816168,72.69429015516,47.44470733157661,84.60530174939156,355.5147475262585,708.2243186988494,682.9907339113992,36.093474682392554,1001.4350896766849
2021-08-11,36217.8272236991,761.8190839479703,290.15621567160275,651.7406899059641,393.15833322593943,69.59148731756264,45.750256438647355,83.3526080172761,362.66563216085916,720.5432014040467,685.0762786559645,34.887266043230994,998.1516399068418
2021-08-12,35824.981767331534,755.8440913760024,288.3977121451564,641.7407067241659,393.34131870089925,71.58614149771137,46.49780875569419,82.0998969234789,353.71852764488864,712.0293756584126,672.7085514403636,34.7480869610281,1010.5609662924321
2021-08-13,36000.3300915485,754.3503113443461,289.4235013014804,656.7157549254676,391.1458999286601,72.25102933212494,45.999443485186646,82.62988947574702,355.4920074655726,714.027030603386,685.8522826669118,35.1192311712021,999.8416559844769
2021-08-16,36100.23039755204,752.8565520038755,286.73688746175463,663.8301656316484,393.34131380380757,71.67479940492633,44.85319028629198,82.19626155954732,355.49198487319813,725.8941785477451,681.3417846529414,34.933663943740605,989.7983211563338
2021-08-17,35934.63202472888,755.8440991525489,290.1562348101088,664.1783830031685,388.63035721880027,70.30071074840656,44.15547454390019,81.61808513942967,354.4956857612306,721.6371571363015,678.8196223814891,34.655304999377414,983.5671573440785
2021-08-18,36222.07815806983,760.6241231534196,288.20232917382657,676.8650252646346,386.1605476160816,69.41418858364017,44.255149106534994,80.60629507017116,356.3588392462255,740.424924369185,679.8380997878493,34.05220567607377,973.3772654671833
2021-08-20,35146.092443736896,742.6989691811905,283.3175159052925,661.6909250169243,379.6201319511905,68.52767159156762,43.80661882683878,79.35361105265763,345.1301112338751,706.8210905316265,663.3478233200453,33.356313453506935,955.9089623687062
2021-08-23,35423.785561652454,746.3836143858234,273.5479669615879,654.103829397116,376.0525904034102,66.7546405019955,41.91281610977075,77.57091748904877,343.6456302611296,727.6540182634369,669.2650026008532,33.12434707563909,958.9173549290714
2021-08-24,35200.34186634477,732.9397028082143,260.50556527316655,649.2531027270494,374.5890154843821,65.02593539546041,41.11542555480724,75.45097000220959,343.73529398339764,727.725379419533,662.7658955292947,33.49548810066472,960.9553650466769
2021-08-25,35768.43537534625,745.0890298003534,259.87054134560833,676.491868872641,383.2790740691864,67.28654684915308,42.95938730093327,77.52273559570312,339.74995760948036,738.2369714945701,678.9652293529431,33.82024002075195,980.0735520191736
2021-08-26,35485.53668614947,731.0475787193946,259.1378166349996,671.9396402550594,379.16272396150333,66.57732684561985,42.51086102822463,77.57092161528533,337.5181850645038,737.2380960643395,671.302038247598,33.77384642293305,970.4659319614328
2021-08-27,35559.33672837892,743.3961138518163,261.8733316722227,673.2829072571992,375.36653133773024,65.60216582690455,42.46101943569956,75.16188450260945,337.7573132526934,738.189390820678,675.2305841643647,33.217130943791275,967.5544783759447
2021-08-30,35780.63548255951,752.8565607247463,272.57098432587696,624.3774722914349,379.07124700345594,66.44434540516592,42.85971773698993,76.02914057171395,341.93194818752295,739.9016920090548,683.3788135104711,33.541884331677274,965.9047289292647
2021-08-31,36366.97722503486,781.6364134339034,279.36086031441624,647.7604978849422,387.715661004502,68.08441136914902,43.55743247892487,78.341823779058,347.53130605594464,743.6592338463132,692.593966767437,34.00580978393555,979.200165540329
2021-09-01,36591.02323786575,794.7814638221533,279.40972047649944,583.0839746837929,391.0544291910187,68.43900931570985,42.809882400995114,78.53452527806319,349.4641852405619,749.1290604651969,705.7862422805786,33.95941428899641,964.6430946397842
2021-09-02,36587.97158378807,792.1922913442843,279.2631863819084,577.113859717641,394.6219677974022,69.76878880920283,44.45449663572528,79.7872314453125,349.11548451890707,748.701014189379,700.6450768553976,34.56252135899377,973.0862266201707
2021-09-03,36883.22123740958,801.1548575112097,277.4557689542779,587.0889425069264,394.48474174127756,69.63580637644152,45.152211496484846,80.1726668087111,357.28541168383333,754.4086623001291,703.02166467893,34.79448355664936,980.1705755516422
2021-09-06,36877.82089209323,797.520055823533,279.40971264947734,582.0641535639107,395.1707787933234,70.56665668535405,45.8499300681103,80.46175289224878,360.27442547887034,751.4834619703639,703.6521850197431,35.629550253492575,976.2887209284654
2021-09-07,36558.424729887374,794.6819173088844,278.8235194163837,584.0044048404949,394.3017762099861,70.03474295436148,45.10237693449951,79.69086801895578,353.6089465354138,743.1836118359313,699.287183057176,35.026445387715,962.7507176767687
2021-09-08,36519.2763151672,786.7151604428908,276.47883524137114,582.5367866806641,392.426571283819,69.14822168761441,46.89650463806925,78.82361561425154,350.72956326704195,747.6783002895594,695.0189726673069,34.65530371843655,983.2760696396458
2021-09-09,36725.07372776557,785.7193204013837,278.43276690370874,583.0840049670527,393.5700002703732,70.30070332770663,46.099113070714075,79.93176235763178,363.861242659345,748.6534150154891,699.1900540675887,34.9336611267051,970.4658847978677
2021-09-13,36608.021842230744,782.7317562285126,278.2373415022944,583.9546606261812,393.4327789234805,69.81311566532611,46.74699492053802,79.40179619020385,364.35945051977916,742.9458295986225,696.3771004174755,35.07283552166567,974.3477825271349
2021-09-14,36639.52312469213,787.7110366525936,277.993103003978,572.1387187009135,397.91503518613325,69.76878614542859,46.84666619728787,79.49815074034775,368.64365924686325,741.994549462774,691.8663965731278,35.02644208426585,969.4954891332573
2021-09-15,36543.124693101345,792.6902238402973,278.43276012554185,565.1736404216396,396.0855461642564,69.7244624669225,47.84340625089683,79.30543062778408,373.426017585876,730.1035796320939,685.9008296395488,35.21201831358485,1005.4026338789232
2021-09-16,36945.570892618,789.2047765676705,286.73686388175605,570.2233488741391,406.92531346386943,72.02940336625933,49.737209208964565,81.37718485918067,374.02383210462824,731.411573732443,698.4140411072442,36.00069334799372,1039.3689577108569
2021-09-17,37929.05722149465,805.4867438949199,293.13592719442306,574.626312756074,428.10166809039464,76.72794289135135,51.18247421832379,83.3525966684551,381.79528824875604,746.2752622816204,710.9273190031025,39.61932340191836,1103.9050819599524
2021-09-20,37387.76279434971,796.6736624914124,278.4327618124836,546.7159010538392,411.08740166941243,72.16238376741467,48.541122688064476,79.97996273945243,396.5409876247103,743.8970640127071,688.7138671875,36.650187891369434,1082.0694959160567
2021-09-21,37237.964814092855,791.9433478277285,275.11108095982183,549.7507080775925,402.6259971362843,69.59148570257312,47.843405182828604,76.60730797801133,401.9211930239174,742.9457684361612,689.82939552629,35.443979883852826,1058.7782578462272
2021-09-22,37276.668008379034,789.2047287672981,275.0133875994615,543.6562552315849,401.4825853296179,70.1233958473634,48.441446226713076,77.4745667712504,401.8215156071714,736.7625066558845,693.5639963636635,35.39759063720703,1111.183472937748
2021-09-23,37240.81864405859,791.047095491759,279.165472887708,544.1786162103951,404.68415392077236,71.09857211603413,48.8401427908042,79.0163392085731,399.3307337708805,733.4330648045631,689.6839109285107,35.72233581542969,1116.035793439265
2021-09-24,37953.55715041999,809.1713983351955,283.317501911811,554.2282516091527,412.64247446805365,70.96558206167093,48.5411210682309,79.49814459915764,404.51163793972563,751.0315541325093,700.9361534107563,36.18625938048111,1137.580107879045
2021-09-27,38054.30604660945,799.5615020502813,277.94427999628556,537.3129132849033,406.9710111708125,69.28121022734484,47.0460154398294,78.43817767104122,404.7507524501716,768.4875526262753,702.779150390625,35.39758884099671,1137.3861837235193
2021-09-28,38359.553766141784,798.6652835021868,280.24011157083515,562.1635867018293,410.9044686740325,69.5028326120123,46.84666665566934,78.91998141136945,406.5043483341936,776.2403768870238,712.0913199559708,35.629553577170334,1125.7404706088896
2021-09-29,37600.665707323315,779.7442685169102,279.01891791246794,559.7009227373621,404.18106543544235,69.99041131016862,46.09911420832591,77.7636412351951,410.4697409095601,759.5930572752828,686.1432552374505,36.00069434627499,1093.81206227918
2021-09-30,37677.36425981785,776.6571980316405,278.432765461952,578.4073646436926,420.73799754782823,72.38400603543728,48.19226208515913,78.82362352722946,403.604971429388,754.361109397566,688.3258670863279,36.928546375649304,1091.774237993739
2021-10-01,37139.96583962296,760.2258051994039,275.30644400983044,577.1138491943123,410.26415104474984,72.20670778915505,47.04601395455011,80.89538316123395,397.93582499761993,752.9341573446038,672.223553973205,37.0677237027976,1071.3944224799097
2021-10-04,37391.71312036369,767.8938095226443,284.7829601461207,589.0541459927655,415.11226920872434,73.53647973027297,47.644057158260395,81.42536985742497,397.53734442886935,755.7880705800809,676.1521173636177,37.949182629510844,1074.7911257459336
2021-10-05,37499.366077271785,771.1800308606078,288.29998001679337,589.5516600455514,422.6132400446829,74.4229908347095,47.494547144321416,82.05172358263005,397.5174100081658,757.2149087913734,672.2235053040437,38.08835983276367,1083.816363296401
2021-10-06,37768.36039832345,778.9973869752648,292.7940267760688,619.3029262705501,425.35745981885697,74.20136752635939,48.04275415049887,82.77443077764609,393.76124000372664,759.1174947716279,675.7156064520935,38.32032371153907,1143.6455651198514
2021-10-07,37893.56086834115,786.7152222517018,301.8797196822642,607.9844757779017,422.70471208824364,73.93541520377246,47.34503769726993,82.58170087769567,392.1571478932802,773.6719736034911,676.6371513497528,37.53165016954525,1109.2425585444723
2021-10-08,37905.95941858374,778.6488894895244,321.41886004045125,602.4869903638304,422.5217014035661,75.13221647857452,47.843406677246094,82.82260730960738,388.570314426335,766.7276555881376,684.8337946980113,37.20690002482975,1144.5676621927719
2021-10-11,37782.310630428,778.7484644480985,327.2806057192465,607.9595480220297,420.7837655459177,79.52046137101948,48.09259092406893,83.35260544928951,388.37104024386616,760.9724350269096,680.9537081745954,37.57804248035478,1138.0168652447612
2021-10-12,38177.90634537798,784.723470897682,322.1515849747111,602.8850223832201,429.93122235094785,77.52580651051343,47.59422125788675,83.78623326534223,394.54830243194556,772.9109560129631,685.318756717442,37.57804371226918,1130.5927552061144
2021-10-13,38734.850405020785,796.6238116202156,324.05662440103976,609.4521372689887,444.70433623117833,78.85557523749792,49.33851193422932,85.80982080603607,399.330704740722,778.6186511655094,692.4483847012314,38.50589511064416,1153.010499211065
2021-10-14,38684.19903004025,795.6777210527802,321.3211392748522,605.9695845638107,440.908162183073,78.23501058229257,48.74046940354471,91.25422881243111,400.12779055305054,779.094254281992,688.9564170122011,38.78424725478266,1154.8544750371254
2021-10-18,39793.78779125135,816.5904273789322,321.4188681090906,602.8850245853098,451.88511993692896,80.22967006251922,49.63753316471124,91.54331798754991,402.08056778626576,810.9619966911002,716.8444363768378,39.851281878118634,1184.9387539519464
2021-10-19,39926.8353346774,816.5904490509306,328.2087177561872,609.4521111861465,457.69376263200274,83.77573972894345,51.381820989886585,92.5551189079259,400.90491892285,796.9068483595202,732.3647735901549,43.51630186289267,1185.9093743456867
2021-10-20,39544.98796340791,797.2710648093228,308.71838531747875,589.5516847127146,447.12843516657637,78.9885503266697,48.44144730813211,89.47154685763576,406.9028671925117,803.3992848197823,724.3621160046894,40.73274460983114,1154.8544582940467
2021-10-21,39676.09004418118,804.5905627231618,312.38198879055125,576.0939334232264,461.8558839542996,82.75623832522083,48.740471528438974,91.35060192126168,404.7109309709324,795.1708493673277,726.4476869364179,40.7327449476796,1169.4113730281713
2021-10-22,40192.181210334675,808.6236688308849,311.1119792488536,589.5516047109248,461.581470943858,85.28281396203948,49.93655196878419,93.66327365581881,429.4000977877761,799.1185583853392,735.7598238428742,41.9389528110089,1156.843926703755
2021-10-25,40960.77222736883,826.6484293984477,319.95340742323424,606.9645742791969,463.3194885253906,84.66225891903892,50.33524894011706,101.17946643364138,428.822206466676,803.8273231078144,776.0156276682939,41.057492923269535,1170.3334018592493
2021-10-26,41057.27163485288,844.8723871393199,305.7875190097835,600.9197750363438,464.325716525764,85.90337992196828,49.58769668067193,99.25223391663795,429.3203494380488,784.8019211145486,803.8551542110383,42.07812678166991,1145.1498090940427
2021-10-27,41234.07001911297,836.5072265625,301.87970890671227,630.8450810984027,469.9056384217324,89.44943841716255,53.32546039790318,98.96314538771644,438.38701505447875,786.109950708577,803.9036865234375,42.866803226123096,1121.8586277226898
2021-10-28,40914.67109435102,784.2255967618328,290.30277491190475,632.3376975923728,475.30269247473933,88.82887286694881,52.17921216258394,96.6986586153188,436.0456488361006,784.8019203094409,805.2131540654456,41.75338299543509,1137.3860805796928
2021-10-29,39424.09407730428,758.8316357553487,294.6502384912062,611.9396705591811,458.74575189412275,85.90337936691343,49.78704511220161,94.33779782086897,413.9867934823311,756.2636126504593,774.0756438712536,38.505896471105885,1132.4851087155917
2021-11-01,39431.69134389287,751.8606852130474,272.57101077188315,614.1287212444141,465.14897708418124,87.23315819966005,50.23557769753883,94.43416595458984,409.4933327209732,753.8854894500015,783.4847683435156,39.48014133657561,1123.799576850717
2021-11-02,39796.435241260035,749.3710461596503,282.7802073520719,604.8252866085375,470.91185470185064,87.72072636262072,50.48476248152353,95.15687863462645,411.715156767736,763.8737406643846,784.7457789574072,39.29457004327708,1183.9683264523753
2021-11-03,40040.18399904455,756.2921805916807,298.9488478255502,621.8899059986561,479.3275322272319,91.04517205042212,52.27888906332067,98.91497389489307,414.47501109839015,763.4457998232535,781.8357826218131,39.1553954280592,1179.1162138024902
2021-11-04,39668.63951379436,753.8524230012273,297.9230605940986,606.4670115848081,486.18810394397906,90.7348835189012,50.38508605957031,97.71045859334899,406.5043158191066,758.6417765602017,764.86043165069,38.69146576463259,1159.7067294302383
2021-11-08,39673.59101741613,757.8357641072641,292.5986548615793,609.452142405098,488.8866906211392,91.31112461028887,51.18247604370117,97.90317964522673,409.4933161554779,757.2624587445608,769.2255312127747,39.201785917037896,1096.626491540665
2021-11-09,39517.392800923866,746.8814561339452,290.2539278993235,621.8898907069382,481.3857239162526,94.14796611441295,51.33198704331686,97.85500027248435,422.4456861471121,758.4515312291761,760.4952731993542,39.526530985392654,1049.0736355093027
2021-11-10,39205.743969404524,739.6118789434885,299.33961783968175,616.4173470098094,480.7453767019264,93.3501186919305,51.93002684897982,98.33680222909561,415.47131273363084,745.7996692151582,759.0887779652497,39.7121005772376,1035.2930582985628
2021-11-11,38912.597451848575,744.8897797102615,299.43732543890957,604.8502226558796,478.27555445162017,90.6905700702719,51.97986590429514,97.22864947460143,413.08013716365247,737.2619310557671,753.4141354289994,39.34096463007617,1001.7148634316454
2021-11-12,38706.69952264663,739.711435544917,302.563600861714,600.397476562916,468.35056153596366,90.64623127476683,51.182474395545945,97.2768187449349,412.0838306174976,737.2381265594817,749.5340980513727,39.15539232334631,1009.2845188648974
2021-11-15,38848.99829263539,734.931482969922,303.8336218965864,601.9894617853196,468.71647784739696,90.42460426470033,51.83035594477719,96.93956276745571,414.4949104344038,742.9933537829838,753.7052342876302,39.01621695085217,1011.2255283892298
2021-11-16,38710.448430940975,730.2011299971876,305.9829318840094,602.9845543050459,464.142737141441,87.76506148937136,51.08280096481096,96.12048636919391,418.4404414477786,739.6163891144192,750.1161135428322,38.830639997269365,1011.2254639454956
2021-11-17,38112.9561975825,718.0020578106239,308.6207021057124,617.9098547925176,451.7479334539905,85.10551213765852,50.086065639149055,93.85599690560726,412.4823605691065,731.0072118067511,738.0878578031025,37.94918736036375,987.837253810193
2021-11-18,38071.455919507316,712.0270213753964,304.0290323280112,622.6112390725805,456.5503446929596,86.78989314610295,49.33850973116744,93.61509280396184,408.4969838934968,725.8466618423676,741.9679932427853,37.902787819307626,1001.3267969076674
2021-11-22,38231.70598107975,710.0352684310782,298.94881608959935,607.4621764432221,462.86209561777235,85.54877051696224,48.84014365891047,91.83240939782893,407.30137995399343,735.3355639518028,745.2659566034415,38.64507434725491,993.7570520790081
2021-11-23,36786.57205756083,678.1683827842854,286.15072505509403,584.5765603639156,443.8810659761522,79.78641289808755,47.34503565079127,87.68886638137529,386.1790990077002,714.407566305228,718.7359659573292,36.742975684577225,965.6136444970588
2021-11-24,37384.317068641365,687.1308952172991,301.000429565804,598.5069199517474,453.5316489509367,83.1108561463948,48.84014203976362,89.85699596187352,394.45865422522087,724.8715849784808,727.7571681382037,37.81000570554216,959.7907539539824
2021-11-25,37361.617218822685,683.1476099157932,301.87970542714055,608.8054201235309,448.22614823051543,82.66758821359025,48.590957470171304,89.66428080621715,402.51900533176644,720.4956996177941,732.2677527313655,37.53165261119081,939.4109604075695
2021-11-26,36830.47112449723,666.2183289565723,302.85664943653416,591.5417056422588,444.7958179437392,81.55944792549589,47.843406301731946,89.27882076087415,398.93219853314537,713.4562710293536,716.8444114844465,36.882151913333246,922.9130718721123
2021-11-29,36224.02836877486,662.2847705581851,277.45576824212736,556.2183007534023,429.93119995496176,78.10203549659649,46.24862663308171,84.79802149341909,397.1387955974255,710.9829426666183,704.9617000159554,35.44397806157904,899.5248882886245
2021-11-30,35958.38366217206,645.3056728761508,263.2899010735422,549.7506832696847,428.10171289395703,76.63928852070248,45.25188758085044,84.31621224306829,403.11679359548657,711.0780789007943,695.2615423819902,35.026447946102515,875.3603011030843
2021-12-01,35902.48192223586,662.1353417735068,270.861333716442,547.7856081315914,424.85434273313274,76.77226216089794,44.85319059060001,84.31621306162637,394.34905328525394,711.0779946654629,694.9220306508784,34.70169917995073,864.6851648978795
2021-12-02,36281.42842164524,672.1932944920667,270.0308891676477,559.7009234059328,434.04754363565826,77.21552732319972,46.14894828843873,85.27983614566772,388.0821291396655,715.5966817276724,702.8761220492831,35.53676453186955,907.3856803536767
2021-12-03,36496.875407997366,676.2762719907342,270.61708108431725,563.1835523530561,435.1910010036649,77.83607959836277,46.99617965846315,85.85799341692105,391.89806230018183,725.7277436410184,698.8990448845714,35.768727751450264,917.041754421831
2021-12-06,36252.32994887625,671.1974750166372,271.5452122536498,568.1586345086029,432.81263765039085,79.07719936738006,47.14568843503314,86.09890207479326,382.59234517432714,719.6395135046063,697.4440401239817,35.72233787335848,923.8835915987257
2021-12-07,36086.529616937725,669.2057433815502,268.6631700936939,561.6910225730777,429.1994236565711,78.41231656823322,46.796832758067794,85.52073127298553,380.9981755144817,720.0913740885894,695.5040093861126,35.53676453186955,895.6430403202133
2021-12-08,37052.31910364957,692.1101721820118,274.52492941360396,566.6660892298038,439.9019296864058,80.00804896994474,48.14242388632509,87.54432221357128,392.5556512979128,730.5791619431004,725.477697267346,35.954298907086766,908.3560876160874
2021-12-09,37331.317423763365,695.2471237947947,278.04195487744033,578.6063626169721,450.3300326137153,81.86973238017455,48.54112308137701,87.20706003812344,383.7879076389165,734.9550484079257,736.2933747168162,36.65018844604492,919.0312915448898
2021-12-10,37082.71901055248,687.2305508904733,276.6742093640758,580.5964729628901,446.8540078456145,81.73675685249113,49.288674671332366,87.44796748724404,381.59596400510645,725.2996212566436,733.8198119392496,36.650189077927294,931.6472611802064
2021-12-13,37357.76449315635,696.0935440063477,276.4788114481842,580.0989162959389,455.31539897448926,84.21899408789504,52.52807097596514,89.95336247873932,380.5996551844366,725.8227874165515,740.124828227319,38.273933718663564,926.1156493436315
2021-12-14,36778.52087060411,698.0852318279826,274.4760727231593,579.5268002960067,444.567185835096,81.82541398432882,50.63426971435547,88.17067261580583,373.2466855555206,714.6453871321823,728.5331505780205,37.206900421173124,904.4742790086996
2021-12-15,36929.07259905767,709.4379156913883,273.54798425297327,584.6759455568518,448.22614873064373,81.47080139850056,51.03296577792927,87.92977208786533,367.76683787731247,714.8832114257813,734.8867240174936,37.16051156132236,917.0418163541291
2021-12-16,37092.51709655233,716.0103779113722,274.7203163902294,580.0989319978343,446.716775349339,80.67292532324664,50.28541409133584,86.72525886768588,375.79729548334285,719.5445382181609,735.1778196752333,36.92854257933159,917.0903384101285
2021-12-17,36491.37656845912,704.5582205288981,269.4447362965103,572.0889724550535,439.1243849600465,78.36800325925567,49.33851219182823,84.99074881793965,369.6399751851164,712.0293739008451,719.7544271440265,36.41822757219013,898.6514842809935
2021-12-20,35123.94520596271,678.1186757320387,257.9166400388268,528.855224212448,419.86899195387633,74.20137212761888,47.5443841455694,81.66628269461356,354.6949485658402,690.6255642535593,696.5709675066236,34.79448435257893,848.1872294049083
2021-12-21,34862.94624835966,680.160011571793,245.21620625966108,498.08411151913214,418.08521012509567,71.63046926104397,45.75025831881651,78.96816381671988,350.91886630238355,684.6802413864573,698.4140568879703,34.237772492870626,829.7968364873262
2021-12-22,34864.845654867684,667.214155123315,243.26229188095417,515.7209011158056,411.6362717126858,70.4780051287495,45.60074611668973,79.40178594156602,348.3184190424533,690.7683691083477,704.4766454942636,34.56252135899377,836.007875023016
2021-12-23,35350.08798649207,674.1850356144819,249.9544517966455,519.9000173610077,421.6985111677289,71.63046841985158,48.09258891903237,79.01633749134554,355.6714042653244,691.220197770224,716.8929569013119,35.02644817452682,853.9130114995777
2021-12-24,35281.788013753845,678.3177539418923,254.00881617583582,519.8999826648873,423.1620908843943,72.1623797265262,47.74373159846202,79.49815538194444,354.6949717035159,687.5339711179728,711.8973889628089,35.258411847777325,852.0691248374629
2021-12-27,34573.24779897619,660.2930861494143,237.79132675512176,501.4920263568406,415.02084125115795,69.59148934096649,45.65058186054574,77.33002610426684,347.34198478067265,679.6384584249116,702.2941526330036,34.144984578125836,818.1027594384866
2021-12-28,35307.889173637384,674.483762847966,249.1240282481527,506.9646510436635,421.8814392089844,71.80777406053062,46.64732028397821,79.1127104048639,355.6912949939327,694.7636690981695,718.2024817946877,34.65530536002148,838.4825995585626
2021-12-29,35168.44388141819,671.6954653837358,248.14707080675856,491.54179068566657,421.69847007131534,71.36451363479826,47.046016856540916,78.77543507101062,353.4993457352051,692.5520526429435,715.8744046334617,34.70170124071562,828.826415460621
2021-12-30,34977.24318336054,665.22246728959,242.28532598212968,500.4971004863274,414.15178807532254,71.40885267917373,47.04601503625224,78.96815719081374,350.51034265532263,693.7173135335258,711.3153010555776,34.330558650326275,838.4825549340519
2021-12-31,35113.988661307674,670.1518252436034,243.26227648696658,512.4373148629703,415.5239295385626,71.00991058572781,47.494547474078935,79.20906348244696,351.1081313364836,695.1442190705774,714.4678551932623,34.56252148324023,855.4657501829714
2022-01-03,35584.78703524051,677.4214974662981,246.8770286774083,517.3627554532775,422.61319979926327,72.339677633693,48.64079263509103,80.17267448164719,358.08247322170456,706.3216999908345,720.772979859294,34.608913647332216,861.9678732737542
2022-01-04,36550.823682085975,698.085278973215,253.17839563358496,533.6064364006703,432.2180541865951,74.55597782367519,49.488024419762915,84.79802397819562,364.6582933036515,722.9689818191866,744.9265659335229,35.3511933653447,887.9763070357121
2022-01-05,36943.1220130249,708.9399934717029,252.73875778018325,565.1486533346878,440.81669320318196,74.2900316620837,49.039490246707985,85.23164932767499,370.03851845033046,730.9597335226943,749.8251667459118,35.351194125098445,878.2716629225424
2022-01-06,37242.116171825764,716.9564869601546,255.2300183728621,576.6163424533135,446.1222608697689,73.97974396078278,49.33851076361278,86.43616674243462,380.02178424649094,733.9086147431605,751.8135989795604,35.44398015690185,868.8096190365319
2022-01-07,37666.61412230199,730.9480821877754,260.89634091106797,584.5764884979973,451.38205355798243,77.21552505766189,49.836879050450534,87.49613984454486,376.9929109179703,734.3842462029526,768.4495088790554,36.00069174298554,899.1366872479839
2022-01-10,37930.11031517277,730.599447662603,264.80418318315634,613.3327747290716,451.29051774588135,78.10202976345697,49.23883852539524,88.50793502002469,379.4538537642794,741.0432152309048,776.2580937359975,36.13987363640149,899.5248695193399
2022-01-11,38369.55552385211,739.811025520687,265.7322892694432,617.909874555559,460.11786021688926,81.73674774169922,49.836881066326285,92.45875242853454,388.17178103888926,742.731769713943,785.4733332316896,37.53165261119081,899.6219384265357
2022-01-12,38719.15243595666,746.5330353394957,273.05949529207305,652.6362258029626,466.4295887582183,82.09135600335324,49.488024585254166,95.10868968933508,389.52677144212856,745.7996585183731,794.0579645991324,37.16050860664145,900.592385952482
2022-01-13,38717.10260261493,745.8856546290267,276.67422699039435,644.2779689026725,466.5210671549638,82.09135467342125,49.33851076361278,94.91596468272829,390.5629750722542,739.6163836574055,796.3860744078269,37.067723212208215,920.0016945798332
2022-01-14,38301.9070397266,731.7446631332328,284.7829623817193,648.009361552165,465.60632937024053,82.534616870664,49.1391619832938,96.79500784931807,380.40037580237373,727.7254757495119,796.3860351562499,37.06772460781391,891.9552427544174
2022-01-17,38212.10551067158,716.01040102747,291.1331861221623,628.0590693771302,464.691600755031,82.57893940203202,49.0394895723326,95.83140616649179,382.9908198222502,727.7254140843227,795.4160250326835,37.160508730824084,891.8581439530572
2022-01-18,38336.9516437718,714.5166357829792,295.82257738713867,633.7307838273615,470.18003215786865,83.19950607372448,49.238837727466816,96.55410413375814,384.58495794414773,729.1522929821604,796.38601737993,37.11411408774585,893.3139031928783
2022-01-19,38145.307382380764,722.1846159372082,285.27144912757024,628.6063536189021,461.9473703112355,81.78107879879181,47.594220215494936,94.91596584106118,387.57399421628924,729.6279369589961,791.5359564713497,36.047084398684824,870.5079607062736
2022-01-20,38105.657179594506,728.0102865400066,297.4834115425727,630.2979238635777,472.00953933912194,85.06118737600816,48.64079290109653,94.81961003602025,383.58867242484547,726.9881258170541,778.9256714959455,37.021332792820616,868.567006295903
2022-01-21,37521.91466737574,718.9979752604166,292.2078779798959,620.8202372207287,462.2217346199869,84.75090498152555,47.494547026685176,93.51873811712404,372.28026184506547,713.4562826460474,778.9256470409367,36.696580109073004,844.2083482639943
2022-01-24,37601.511920817844,712.0270697770632,292.98940532495345,625.2232805583452,459.56900352713996,81.82541131677706,46.447970588566804,90.48334121956988,375.43862545893694,718.1887633531915,788.6259190532194,36.00069304499553,833.6302418892253
2022-01-25,36597.62614515124,711.0311520284127,297.9718825914419,609.3028937996063,448.2261760103681,81.55944793236436,43.85645395706896,88.6524766559229,361.6095207758306,693.7886458927823,765.3454397112157,35.16562429483401,817.4719160970892
2022-01-27,37057.76854956436,740.9064641820595,312.5285320951079,614.427311561304,460.62098729239676,85.99203410125585,44.95286534234788,91.92876609453953,366.6509765584459,689.6743715648455,763.3083379428434,36.18626336372298,848.38134737631
2022-01-28,38246.157594464494,774.8646320065294,316.92485746146247,641.6411831076164,488.47500415393523,92.59657518994571,46.29846298307652,97.08410591107537,377.610634820439,702.7544584132536,779.6531914591883,39.06260621050331,870.5079012005258
2022-01-31,38091.35802145327,772.2256773944843,310.6723039645677,631.8401631680729,483.9012787789612,92.15331020387268,47.84340663644719,97.80680624666925,382.59229880787143,700.4951197241377,765.2968937941276,38.13475353420321,900.0586480834054
2022-02-01,38460.00052557831,774.8646166151174,311.50271685104656,658.7058453464296,497.57678023994976,96.27561394554614,47.24536422785827,97.42136527878462,375.020178436477,717.4991893169476,778.0041745847009,38.78425425354311,853.0395082034149
2022-02-02,38841.09943172468,786.715182823867,313.40778294280886,671.6411591750326,490.89915813343583,94.72420724929401,47.444709254241715,97.325009794442,380.75906303299337,719.1401203787386,790.56591796875,38.32032171780989,902.6303608582019
2022-02-03,39255.243239803356,798.8644694960547,313.6031797198764,694.0291862842419,491.3565024646841,96.7188617275484,49.13916129087933,97.56590805431404,386.5577344390981,727.1308172000766,789.6444026820711,39.804889914693376,938.7801524590298
2022-02-04,39127.54685936882,793.636352288609,318.87873760720134,688.8053591900033,495.9302112821434,97.33943588332231,48.242101251259925,97.32500996488395,381.39670014443107,726.9643375245986,785.5218385784158,39.43375047430935,929.7063241437028
2022-02-07,38591.602444073695,799.1632198473101,312.6262300272798,672.3376785502772,486.5541149330737,96.45291545906397,47.74373176202374,95.39777071392116,368.64362388831444,719.211497186438,774.1241179345495,38.50589599415629,923.9320155091225
2022-02-08,38175.65844241026,790.6986060167801,313.60318321820995,669.6510677207335,489.8470957843641,101.06279493157218,47.04601728629021,96.21684406707804,365.6545949201948,702.2312794492199,766.3154905301163,38.87703805541345,910.2970483445687
2022-02-09,38283.156144207205,797.6694429684779,313.31013597988556,668.1087858929101,489.34405622756935,105.0521137143168,46.89650253484878,96.07230046793892,365.7742183288453,701.0897241264689,773.3480321331704,39.06260889177786,914.4700074065607
2022-02-10,38800.99852716137,804.1921559017477,315.26404295731214,680.596350195417,491.31066395179005,102.30391466682758,47.145688018058465,98.77041584401412,365.6546502613983,720.1152104926523,781.7872896935493,38.691464705520715,937.4701331029061
2022-02-11,38567.19863096341,797.61963836871,313.50549426760574,680.0988350204486,490.5331950851254,100.79683608476108,46.84666682927378,100.11949347346305,369.46060021890946,713.5752115705957,772.9600369655885,37.67082999819749,926.79501165595
2022-02-14,37663.56151759803,786.7151309578435,302.85669089044416,641.8899645592256,471.0948345620402,96.6302155379489,45.102374718764054,96.36138143119514,356.69757446252083,708.6998749228623,748.8551060073834,35.35119662540787,930.8709466269157
2022-02-15,36989.3692387603,773.7691720042592,306.7645005249285,624.3774913583725,459.2030716920032,94.50257797826781,44.10563852148389,93.27783592221408,349.91256111311077,702.0409964179948,730.3762033282566,34.70169808180542,915.149339750931
2022-02-16,38296.054608126055,791.6943759362891,322.20039379742605,650.2978249105677,481.6144139827795,98.44757686100714,45.55090970147867,97.32500547117985,361.68918385716233,729.7943552747017,752.4441841678203,36.00069339879776,937.567075396336
2022-02-17,38041.65811223532,793.6861356706753,318.48797487084414,634.8750045324399,475.66859225767956,95.8323510632473,45.25188961253421,96.0723035964278,365.65462532421674,719.6871085679842,743.5199649675193,35.72233645149334,951.0566381097314
2022-02-18,37344.014682405104,777.9020249191803,312.5285559095449,629.3526011837656,466.6125331647754,93.35011033891769,44.304985959597374,93.47054512139971,360.48362545191065,712.6476505919669,724.4591053521793,35.1192311712021,921.94261359912
2022-02-21,37399.565815608046,780.2919957855303,311.6492808153675,627.4122759632397,467.9389379855899,93.39443709443222,44.155475293765875,94.24144677552313,360.27441032570783,715.3588072476773,723.8770055260499,34.84087130138185,923.8835299665664
2022-02-22,36832.57265576282,762.9146122958196,297.97186886529477,620.3974421090497,458.1968716860123,89.71538814478163,42.61053226480695,94.19325734497063,356.687600501504,708.6047551441089,716.2624787902446,34.14498596476248,897.680956471813
2022-02-23,37628.11444507428,780.242175983389,301.8797068609937,633.8302354597377,460.11788088928967,93.08415353159894,43.60726986164454,95.83140443836074,369.22148504735355,725.3948047223228,731.9767460218848,34.51612814554851,916.1198148285703
2022-02-24,36084.779083422356,749.2715732290566,298.70461897678746,611.9396620508556,439.07868356986904,91.13381451187743,42.161999737323406,93.47054285439513,365.5251172245273,689.6268790132194,691.5270023764157,33.35631349244818,892.3434204152189
2022-02-25,35901.283470258466,739.2134988721236,293.08710556092353,594.999366863551,439.0786453039202,92.19763903106693,40.66689310069911,91.97694376534096,362.8549160411809,684.8941874749454,703.2157045982457,31.361426929700116,872.1577844652173
2022-02-28,35938.53044735812,746.7819252024416,296.84838611506757,610.9446623699998,436.2429352502415,92.64089951812015,41.36460927622052,92.60328897738832,366.0531354616354,678.2590203220859,701.2755871612912,31.686178937366112,888.9467331541281
2022-03-02,35381.48817576046,725.6701092821028,293.6732757570429,589.551732387066,437.2491495618081,93.92634118357522,41.613796395743144,92.50693111209006,361.03163641125127,659.4714573982826,695.5040227620968,31.918141267886664,880.2126747466841
2022-03-03,35620.73431871012,752.8564998281435,291.1332014718917,604.029314951865,439.07864596755644,92.6408936891447,42.311512238012966,93.90416225452005,361.26076300614824,656.8553739251402,696.0860517799904,33.3099197160576,890.8876739025247
2022-03-04,34525.70175509357,719.993712952087,273.54795872933386,574.128838994793,421.05811917340276,89.13916015625,41.11542660765853,91.83240603063325,352.7022752982916,646.8670352805982,670.2834442368592,32.24288953077237,869.5374719575982
2022-03-07,33277.76088633603,690.1185455355372,258.84477836860015,531.7407847829244,409.34940565923307,86.96719075559677,39.86950500448346,88.65247872826201,337.4583756970653,627.1280940741168,643.607897038943,31.500609311041654,852.0690646713692
2022-03-08,32531.520975180167,662.2349773312305,249.12405307725322,522.8850226775048,400.6593065446795,83.06652649381637,40.36787231775565,83.83440699436328,338.75360017455824,619.3751468768733,624.0134935685846,31.73257087591498,806.5542189762856
2022-03-09,33278.510166289576,668.7079427993228,256.93968285057406,552.238270253721,404.3182558349919,86.87854304726744,41.11542577873576,87.49614074219272,343.3566709407075,632.5978550025679,644.7720213722183,32.79959957328697,837.5120841036377
2022-03-10,35153.53895841762,704.9565911357905,272.0824913611779,583.0840108685753,429.83974542673155,90.60190513013302,42.80987969476286,91.736041268847,358.6803067291926,678.7347392382749,673.1449971929803,33.68105889083224,882.9298475067036
2022-03-11,34330.60016316442,689.0230997106047,258.40511708639656,572.1387862811412,426.63811049833384,90.24730648548208,41.9626524592587,90.9651511337761,347.7206249923728,660.1847895222286,654.4236695822449,33.21713571199256,873.419360358331
2022-03-14,34659.84741565458,691.8114449296223,258.8936235254061,594.9744721694285,430.8459441310982,93.03982957778362,42.2616744485871,91.88058376288066,347.81028032047215,673.0270836488999,657.7702140371608,33.68106252288971,872.4489379304185
2022-03-15,35467.53780342269,710.0352987151276,263.5341441938502,563.4322683033448,447.3113797305622,95.21180040210334,41.962653005968356,91.88058874109156,355.49202832528044,686.5827934179413,680.4686586846724,34.23777130562262,889.820270836893
2022-03-16,35555.33816717645,708.043604576157,277.2604217689752,587.0640942415761,450.97038602708017,95.30043699359626,41.514123244075954,91.49513468743497,350.70959513029254,688.2474998619687,685.7068059466105,33.21713384890354,885.064924210986
2022-03-17,36301.57959057054,733.9355639656694,291.1332015864687,597.0143453074647,456.4589022342406,97.29510237382664,42.46101960832277,96.02412634654094,356.68764420394064,700.1384408684183,696.2799534211983,33.68105747641029,916.0713076730306
2022-03-21,36545.42747421494,741.9022086334431,296.21336797766077,587.0640428899783,459.20310667199715,95.65504854463998,42.66036811577526,94.86778941498287,361.79882370794957,707.2729750042046,699.3841067973971,33.49548670570134,910.297021626117
2022-03-22,35975.1840160894,725.9687806938647,283.31751946514447,585.9447013239992,448.7749957825625,94.14797099744656,41.76330646198633,93.95235001177404,354.1170885577439,704.5618974676001,687.4044154513306,33.12435022161812,888.9467458564419
2022-03-23,36627.27173762234,733.039247491637,298.50918829322524,597.5367740256665,456.00148034979554,95.07881464341108,40.965914444547955,95.39777277426452,361.6693085343855,716.785732994576,703.2641573226852,33.26352349156358,905.4447373453379
2022-03-24,35633.28391387192,716.109960582676,294.55254962686934,612.9347664955942,443.65238956518124,93.483087839704,40.66689139086459,94.72325307679985,341.7425713154694,697.2845910655177,681.3902952515019,33.17073973688139,894.7695846923192
2022-03-25,35699.98491873274,720.292501527448,293.1848066325804,619.9745058530871,449.82695903940345,94.63556326589277,40.268199395577675,94.53052129575518,344.33306448901,690.1500239764209,683.8638064534825,33.03156078456927,902.5332901062753
2022-03-28,35488.28772802542,722.9812774658203,292.7940073544252,604.9745510907594,449.0951780929001,96.58589031539317,39.7698323755409,94.24144598131271,344.3330911805519,680.589685374062,680.9537053887425,32.84599392935447,895.7885765539212
2022-03-29,35931.331047738815,738.5662670600748,291.133172626726,609.2531227054309,457.37363256589333,99.73301821985541,38.62358116417309,96.02412946695821,346.3257691969966,685.3936701441318,692.8849609072935,33.40270399270547,912.1894551689801
2022-03-30,36241.1299831637,743.8939837774747,292.9405603102851,607.3625962863422,456.7332512350694,99.95465283644828,38.22488634565125,94.96415098618408,348.59738579165975,700.1383545686673,699.4325767058435,32.845994693870004,911.60719616711
2022-03-31,36456.77637415228,759.8274518586874,294.06404035468296,601.9894830977307,452.15954064106813,100.08763097295164,39.07211535280105,93.66326798746069,349.7332449447632,699.6628137051833,717.7174967447032,32.61403146450504,902.5333249725916
2022-04-01,36297.9278916015,756.8399178359851,298.8023300675682,616.4173038252268,449.14087909358597,98.9351598958531,39.52064596688009,93.85599241120286,348.57745569693503,702.2312005284535,703.26416015625,32.56763520547204,901.9995215393516
2022-04-04,37824.50942092961,776.7567936155403,313.5054965138035,640.5715427934066,465.880772188398,103.0131344812696,42.36134908664877,98.28862453553735,356.08982533460403,751.5072706543655,719.7544866073363,33.8202393766428,946.2043098041119
2022-04-05,38730.851682693545,772.7734179454744,315.5571198374512,666.1684899924809,470.54602384395844,103.19043835391119,43.65710799797109,99.44494987118743,365.86385409955864,792.7449569360995,724.4105221128956,34.330556364551256,964.6431498141696
2022-04-06,37710.862368648515,773.7692376506365,307.741455078125,653.9297368057605,463.7768642264401,102.52554398305467,43.25841430660702,94.67506918700467,356.1894347679488,755.1695625534752,710.3452853489703,34.144982711359816,938.4404936214385
2022-04-07,37421.31407960242,766.3003923787808,311.64928459565755,656.3177316141221,466.5668189709018,106.24891268423131,43.35808571575177,95.6868679592478,352.9015712978735,733.1001422646726,715.0012979159649,34.98005588196446,932.1325082312117
2022-04-08,37619.2632525424,791.5948486328125,305.7875302607528,679.6012930488998,475.21117603315696,106.20459215078905,42.5108588408494,95.87958846800991,353.7484504281166,719.2114176149829,727.369131169894,34.88726794407533,942.3224318447963
2022-04-11,37591.31275648078,786.1673808301309,316.3386441797709,691.4919172251722,469.72271895190704,107.04677942843851,41.76330797621417,96.36138515332833,353.6986086948189,716.3101402599004,729.7456517780823,34.933663943740605,954.5502181224881
2022-04-12,37406.964878168925,776.8562689130436,314.4824260898734,695.5217438432453,469.03662988748397,106.29324075041326,42.26167611804225,96.40957842011285,352.91149788885315,705.8460676603825,734.3047916894062,34.655304999377414,948.1452309614732
2022-04-13,37886.86228134054,802.4494882066423,328.8437026255315,699.4023258939524,470.45447342024204,107.13542575606628,41.563959785341844,95.39777011951202,360.21465796402475,708.6998371784712,746.5270815163059,34.191377530078455,962.702245887637
2022-04-18,36832.72144890834,776.7567833948308,314.091707451399,691.5665572497055,468.35058881256134,105.22941546917944,41.16526180152087,95.1086875812855,353.81816327310617,674.8583237972184,728.4846893815499,33.77384719854333,943.2928581593441
2022-04-19,36806.37350593983,801.6528015313107,317.31561049939415,697.5117877556042,469.4940277402288,101.94931463676187,41.01575181567071,94.0487141531995,351.30739140653736,656.8079038056561,738.9608400036045,33.77384539424886,950.959558492142
2022-04-20,36482.17773927052,797.5200215617418,317.4621992421837,706.6660085700858,468.3505965878075,100.8411726887728,40.06885328995633,93.42237241454457,341.34409796115733,644.2271829644586,743.8109742610528,33.26352349156358,937.033398417502
2022-04-21,36512.675411368786,791.7939717477979,318.4879985811685,713.432177973159,469.6312630416218,100.66386482613103,40.218359425487776,93.3741853679915,343.7352987333433,649.2452444448392,736.2933320721821,33.40270373427552,947.2717360234981
2022-04-22,36513.72502568608,792.6901770613831,328.25754784490914,712.3376512819256,469.1738621663764,100.1319510514688,40.46754311986852,92.98873208148049,346.72429506644096,646.8669864904109,734.3047661218444,33.263524002268426,951.0565590554656
2022-04-25,35791.93695303597,768.7900199116738,318.97644698718364,679.1038826466382,452.79988432002824,97.8270090785164,39.670156066319294,91.54331732626673,339.251771483817,642.1106379350289,725.2351047451931,32.56763638822867,917.0902721289119
2022-04-26,36514.92840638845,787.7109983776461,329.0879437053988,688.7803818211246,456.4588972595396,100.08763086746771,39.67015582360278,93.27782764774747,347.93982905730536,652.5746446077407,744.9749999999999,32.79959957328697,933.5881787581474
2022-04-27,36067.13236355247,762.41659184877,327.2806290069471,699.0042633032418,457.373617641167,101.06280240347617,39.76983244525776,93.32600297615195,343.5359934116669,646.8670900654843,726.544569706298,32.706813695581566,941.44898136191
2022-04-28,36189.53003388049,773.6696509077843,330.6022371947621,691.5415693003397,456.5960473905313,103.5007142419105,39.76983244525776,93.66327026403015,348.5176700228087,652.5746178665507,716.9414777965625,32.93877804504041,949.1156745152233
2022-04-29,36473.62834302381,761.8190424835194,329.23449099662986,706.4669873165609,464.78307837439434,103.36773685079775,39.769832277752286,94.43416293462117,352.49306438875743,656.5462894086016,727.6116854689747,33.031561021241906,960.761260691756
2022-05-02,35627.18594204003,718.9978924052576,322.39581217206074,687.9595985502086,450.65022703722053,98.75786350637173,39.57048441891515,90.57970485904059,351.81553397866566,647.8420880799416,710.0542486399291,32.38206823514008,943.2928566504102
2022-05-04,36265.726631830694,729.9521713782924,329.2344947807309,691.0440441500722,450.0556172608926,100.88550176976375,39.221624583150884,91.73603896643056,352.303789704016,665.8925284326605,723.8286237907864,32.70681314123842,995.2128026654077
2022-05-05,35704.93590573501,713.0228322851003,321.4188660311662,671.1435449613604,443.65241050720215,97.25077659921035,39.02227691965588,91.83240053402497,358.8795566667024,654.0015630179496,708.8902955029491,32.150101820293756,965.6135737029166
2022-05-06,34568.69947577647,687.1309272032069,303.83363506297553,646.7655376425746,430.8459374700862,92.37493862564976,38.32456223806968,89.61609279688835,349.74316702255874,632.5978061066471,694.7765257261593,31.500609076068372,891.8582167493425
2022-05-09,34091.35369733804,657.454860827805,309.20689398096675,651.7406280590343,436.42589383933114,92.15331900363549,38.47406807747038,88.3152144459569,347.72062827707856,618.32874885627,684.1547579747249,31.315037812759627,885.8413241627584
2022-05-10,34180.80039231131,660.9403016502521,306.0317773776627,630.0989439037251,436.3344305832364,91.31112512267462,38.02553978485754,89.80881242818685,352.7023088009121,625.4871236116026,683.8637425509091,31.08307419930018,861.7737672205257
2022-05-11,34685.898516913716,658.948700892127,307.7414348277479,635.2729917734099,434.7336302694935,90.42460666232638,37.82619379534265,90.14608584792792,358.2817412270996,643.5375799338344,696.4740262598158,30.99028994521501,883.9973980013083
2022-05-12,34288.70211954982,664.2266262089357,302.85668417250906,628.8054216524926,432.6754334647198,88.65158379235466,36.28124858931138,87.25523375468535,359.2382314057829,635.6706993369925,686.3373046400917,28.763441088970676,888.9468317078575
2022-05-13,33925.55310566718,653.6706429323234,301.92851745197873,641.790392543355,429.42811979506433,86.87854132401316,35.38418402188344,84.65347248535606,355.6912555919811,630.353891041967,681.3417619266664,27.325269826332075,859.8328212495124
2022-05-16,33255.61334665584,637.1894952793102,316.7294559549118,651.7406673962352,407.0625191154061,85.10550868272485,35.03532750437085,81.81081915538341,354.89423165821376,625.0368734940553,656.4122649212347,27.650015899915438,850.8074805335237
2022-05-17,33795.80665525528,640.2268014634527,334.07043308710047,659.203348776332,419.2286696957922,89.31646324726894,35.782882415568366,82.48534482936786,363.2634466590897,631.5807479648557,665.5303767085076,27.510840961273143,863.7146496128825
2022-05-18,34447.797463240786,652.0275383363619,335.047388091994,661.1934146253748,428.010184282805,90.55759055986476,37.07863838295112,84.21985646932626,368.03587014040073,637.0901630861314,690.9933468694189,27.97476464722038,880.2125884541748
2022-05-19,33460.611594049624,640.6251864543913,316.2897958836018,624.3775663773642,410.76724282787416,86.43528376197114,35.43401956534653,80.94357246571984,361.0714997510634,618.8779477207698,672.3205351215821,27.18609137654242,861.7737097537879
2022-05-20,33764.75594289894,657.0067424535753,314.5801665309367,636.8153119519902,416.0727953538191,87.05584908254725,35.683204822910035,81.85899543788103,360.8722545624393,626.9615731938593,673.9695557224218,27.603626614766405,861.7738051406511
2022-05-23,34320.99914144521,670.2016657306767,312.5773787317572,657.7108582865607,423.6194190471002,88.6072477048007,36.1815723478718,83.06351384085907,369.042152581306,632.2544265466233,688.2773924810416,27.928373192979482,873.4193322088545
2022-05-24,34222.80155917254,666.9154111045085,308.22992045321996,666.5665570299539,422.9791331929813,86.21366021146642,35.73304007346825,82.48534668177645,370.22778959042193,625.5180642227122,689.7323324639221,28.299514394061763,878.6599149804974
2022-05-25,34491.40057662053,665.222450290766,306.66677976663993,658.1585678324099,428.27954538016223,85.32713841809586,35.18483616743784,81.81081466148063,378.1785595174548,639.9531102298189,690.7023654114074,28.16033696130702,880.988942508199
2022-05-26,34670.20022405733,670.1518970058704,303.2474574895911,646.5167733292394,424.4240910264561,84.13034335051239,34.03859054887484,80.89537930225228,381.58598773318585,645.7993054909392,701.3240726342656,27.835589322176848,875.9425396938583
2022-05-27,35326.19083334436,686.1350897885424,311.649266552905,666.1187589983778,437.9413722079097,88.031017172047,34.686466900452125,82.43717502710638,382.79154768165654,660.0659236596756,711.5578609393312,28.485085561418124,881.522722032841
2022-05-30,35958.381274277126,692.209730339595,318.53679313942007,655.7704554996419,439.42783380561843,88.47428541840374,35.88255253790391,84.70167286205884,387.62380317703304,678.5668121550864,726.3021362345459,28.48508550656787,908.3561268975776
2022-05-31,35614.885226401544,686.1352009746385,318.48798387376144,644.725766778078,440.3568396046054,89.84836538607705,36.28125182105878,86.67706979665294,376.8334932461474,671.6620219389589,718.7844070554162,29.273757685731173,898.6514184010723
2022-06-01,35358.53820005896,680.1600817704741,318.48796778709146,634.9247242781697,434.78270584507754,89.53808895686886,36.08190246557257,85.18347382726004,366.65097083649437,664.0115306279351,725.574590691841,29.088188675227673,903.3581716189638
2022-06-02,35470.53681534414,679.1642208915783,324.64280783918764,646.0690017133197,433.7607749847262,90.42460726652526,36.0320674096566,86.43615867274828,368.2849436686592,667.4999765351084,728.5331693324507,29.041795958488137,893.7990917772095
2022-06-03,35929.133014882944,694.4005415217281,323.3727659222508,651.2431455801519,439.66010922533576,92.81819781058901,36.67994282303424,89.519742907093,374.42236650771025,672.8169034842749,733.4802397792098,29.784076315529134,921.9425714838701
2022-06-06,35158.740035825824,674.1849974462752,309.6953639478331,630.3476489084037,431.25244480314507,90.42460461346222,35.384185459938394,87.25524367499342,367.6472719311736,662.2312223234171,718.0084446723899,29.22736689830187,892.8286139384253
2022-06-07,35080.393546842715,669.404931304969,317.2179406232418,630.5964370587067,429.069211704857,89.89270249301447,34.93565244927644,87.06251807708773,371.4333330070185,655.3505322636607,718.784460353754,29.041795227163004,896.9531169623748
2022-06-08,35165.239635806065,667.2141342450982,321.22345557497067,638.1835608448436,433.48208961754125,90.77921916260289,34.885814308908024,87.44796151954428,370.6363112541567,660.7876929692908,714.5163876883088,29.041795993719933,901.5627763307043
2022-06-09,34801.847029128105,654.2184046436244,322.15158178976367,631.7406640258208,435.66529676149,91.48842700762049,34.3376101512027,87.3997725788574,366.40186938977524,655.4707065684587,703.2641480783276,28.902617905192436,881.1830323191867
2022-06-10,34686.544504742014,652.7743687267948,322.39579864623045,606.9148840372329,429.2085616259813,91.31112402760607,33.93891525268555,87.11070197526271,366.6509710680812,654.436222491499,703.0216552734374,28.577870553971053,885.5501541953081
2022-06-13,33728.25798193151,644.2599640420058,310.3792486245873,587.0640787636382,421.77639544593,90.60191463513314,33.440544524410065,86.72524269990778,347.3220904808155,636.873696288998,681.19625319991,28.067552838150572,868.5670275600755
2022-06-14,33180.216361655286,642.3180373869993,300.02350691490244,576.3178294210329,413.41515905678415,87.85370827807628,32.79267028651937,85.42437361745047,345.84748848540596,630.9312384303023,661.9413275034606,27.835589224972797,838.4825471773482
2022-06-15,33317.41430840226,651.2806740833373,307.741452842761,606.4670631487173,417.0848343951183,89.53808458902677,33.091687718700705,87.15887500429201,346.3257313206539,626.3120453531265,666.8884399458468,27.835589863629988,826.8369248152968
2022-06-16,33648.40988993613,654.7660742888861,311.35617313609515,631.243231768326,422.84478009816445,90.07000077568973,33.04185363177542,87.39978090774157,347.12278899973467,630.3297546494468,679.0136844688421,27.97476689370404,828.7778564506759
2022-06-17,32393.072425857183,627.3804474380369,303.0031972817443,615.4223409620589,408.77004333634494,87.57680202280608,31.54674530029297,82.91897962570688,330.9822297468152,613.4888961209325,651.125652583453,26.90773632444126,786.0773903670506
2022-06-20,32873.01538049235,632.6086138743802,305.98293571141636,621.0442338190105,410.1635656141952,87.30283152666564,31.646417887492245,84.31620901697235,333.4929668217069,627.7795517185277,665.4333768292418,27.13969871870423,790.541584488597
2022-06-21,32977.666552320356,629.3721654372054,271.64289206890385,611.9894996742278,408.30557225587563,84.10660854536974,30.101476828714713,82.72624944182377,336.7609187687922,643.2731943331319,669.8469335645228,26.62937948668983,772.5393601854922
2022-06-22,33051.2632200148,629.919878425449,276.28342939898056,603.9795444345218,416.8990060056877,87.30283060272382,30.151312880754066,84.50893207319348,331.7792638020439,641.0356997049206,673.4360538929959,27.831206197331202,776.0331119909841
2022-06-23,32927.01414166887,624.791250126632,275.94151797405345,597.014295181861,417.1312517514312,86.93755141186713,29.10473775534603,84.1716713896164,333.77196106739217,640.1936496695923,669.5075219542216,27.831205214624383,757.9339205315202
2022-06-24,33434.41239410323,631.7124120241225,275.50185589093746,608.9546353192944,423.44861057491323,88.85529914403607,29.951963291811428,84.60529522167272,338.7535876213341,644.067099221751,689.5868869182846,27.831207468168667,770.5014503463798
2022-06-27,34125.80101247146,641.3222003007019,282.63362409132213,618.158609603862,427.3041143865337,92.32548246275401,31.496908597653942,87.44796579232663,342.1809926016304,659.1998582409274,706.9987927837507,28.257919950199625,795.0057191931992
2022-06-28,33577.80933976157,631.363820855087,276.4788366001165,618.6064118632713,426.32858071866406,90.81869673081941,31.99527541896805,86.82161446526901,335.7446962353675,646.6894682409041,689.7323974837518,27.926031467482787,794.8116249179509
2022-06-29,33273.164020046315,633.7039943727677,265.73229222114225,591.0441975231021,427.3505192076278,91.5949279988413,31.397235037482567,87.68886953776779,328.7902714242714,640.5545375901551,683.8152681505,27.926031467482787,781.2250223165454
2022-06-30,33180.31532766437,621.4053356497556,262.8014561112058,591.0442191806766,426.4215043535202,92.18849914391429,31.496909019986695,87.88159034081484,325.2034641152592,642.8401831561805,681.6812647663088,28.16309451397382,787.8242297185615
2022-07-01,33264.36257434838,630.3679790022765,256.4512153738994,583.0839316127935,430.4627449629893,89.12925504943695,31.24772339629875,87.25523778064507,327.7939318188514,646.6653918015329,682.3602323115849,27.54672874365815,769.5794194628196
2022-07-04,33558.461472188166,638.8823856901697,258.8936056346664,580.0492066869754,433.71435975090793,88.58133585781442,32.593320984519394,90.82060796499198,332.0881501645695,651.35673163144,683.7181896295328,27.92603272622606,788.794715185493
2022-07-05,34084.30155139204,653.3718408615937,265.7322957320033,567.1636151099231,441.425191042522,90.04246386999345,34.18809916340387,92.02512568125931,333.7719392411976,656.3128389795442,701.3726007825674,28.494980419478136,808.3980838789932
2022-07-06,33929.00458345541,649.2889615470638,266.7580905623228,557.7108964722489,441.4252250729725,90.45341678953827,33.39071032129387,90.7724262089197,335.166795484145,648.6140594732794,701.3241603619987,28.06826925215451,805.2926166926721
2022-07-07,34626.99559501868,661.6970560340285,273.5479423392421,581.093997794038,449.6470912782486,91.96019725583028,34.287774948786804,92.89237607142722,342.34040856207855,664.0114788767993,713.8859100794957,28.54239578118875,816.1618483628683
2022-07-08,35258.48670658513,665.2376145110337,275.50185344625845,583.0840433304004,454.29218662528615,96.66323128582206,34.43728186397089,93.75963459354826,349.713310386191,678.4465781386755,728.7756526421427,29.490648609486005,841.3940124409302
2022-07-11,35017.19277706553,664.7888636884087,262.80143543590196,577.1138979754055,450.5760961604987,95.7956809276857,33.49038093277918,93.42236552262567,347.3220506300568,670.7479156721298,732.3647700477684,28.92169544316279,820.043693450839
2022-07-12,35298.287119265864,675.211265219412,268.46776031153695,580.5467004125592,450.57610288995386,99.35720879018405,34.03859221577723,95.87958780809542,343.0378032961649,676.1610141176355,742.4044179205171,29.20616912841797,824.8959671400924
2022-07-13,35259.38949217214,678.2033491323923,275.501874611862,577.0143814512944,453.1309136197599,99.99644760044455,33.88907806085556,95.59049973984804,343.5359697182959,668.823255561398,741.8224269796456,29.20616912841797,830.864365132946
2022-07-14,34817.544938824,676.807004269972,273.49910427303035,565.8203343709812,452.0625027409425,98.62663061995215,33.78940764362563,94.62688295226592,346.7243019947932,655.350489555198,727.5145810257897,29.11134674379809,798.7904952701133
2022-07-15,34734.04627407356,668.2296956952334,269.68897506674364,552.2382560997988,448.2999911595239,96.80021853576929,33.68972833540797,94.24144531734807,353.16058297123567,651.0199203901375,730.6672392097897,28.826867898893116,799.8094855726821
2022-07-18,34841.44740161468,666.2849180222244,267.19772451668,552.2383078655997,450.1580268670489,95.9783309918631,33.68972866021655,96.36139360446374,358.6802894130883,648.6142070978419,736.4874131395409,28.92169588661868,801.6048787390175
2022-07-19,35112.84297488848,676.806969045998,275.30647852413557,547.8104193675139,453.3631749213971,98.26134898640457,34.188100608987966,99.5464629401013,365.6546263914566,643.3212566690205,744.7810017811212,29.538060797886477,816.1618826614731
2022-07-20,36060.8817760722,704.4338395811476,282.38941947023864,575.1238034565395,465.4404881732386,103.83192448186139,35.334349183953094,106.3626945395459,367.8963788769765,654.3400285637287,765.8304019544345,30.201835944873757,859.8328221155925
2022-07-21,36026.130939226,706.0794678500154,276.283410430211,572.1386708347758,473.6158751794091,101.7772025433844,34.885816240644125,103.46947167437743,363.6619442709052,654.6528133808986,761.3683659501904,29.727711367334653,876.3307055576693
2022-07-22,36322.47747801615,715.1055440886397,279.11662331575826,589.0541534407228,477.0067884794819,104.83646753439285,35.98222608730634,105.77424039999737,358.8795486912998,657.2751172050325,765.4423615783869,30.249248352819404,921.9911177432801
2022-07-25,36766.27297027975,731.5619363572848,279.4097015139974,579.0044368499321,476.9603680284706,105.65834888369784,35.63336961274828,105.13675238854445,361.8685820893583,671.2290446761094,778.9256892232296,29.96477508544922,912.2379572378953
2022-07-26,36688.125661226906,720.9899831615178,268.51664599007336,577.5119004023657,480.9551936134014,105.93230362920802,35.683203572275076,105.38193713968812,356.88689183872884,671.710190933296,777.5676051652617,29.869949487252182,930.6767636183744
2022-07-27,36370.12978288592,706.0794790469809,263.4853147041486,578.1089048287901,478.7254522151504,106.6172156948872,35.48385728386856,103.37138793611172,350.93880091392913,668.2938535156615,771.165563713231,29.869949052068534,932.3266125850718
2022-07-28,37102.01882316425,723.0844092891822,273.5479594891934,579.6019933330351,495.35503134884004,108.58061485146449,35.98222583506563,105.97039006070737,353.6587562263423,680.8764259957169,782.7573032983998,30.43889801238791,965.0798556116231
2022-07-29,37716.860645117995,731.9609314477744,276.38113491496864,593.5442714424843,497.07367724099106,108.16967230918667,36.82945679680012,106.36268717938145,366.1827131211415,691.9192814074022,796.0465096608059,30.533725561135224,992.0102408122777
2022-08-01,37593.71063033792,724.0817742489264,271.49633284622695,590.7558415364497,491.4994873820828,107.302124638719,38.872767890634314,104.69540718663262,361.6692812923173,692.4003980885738,796.0950467342799,29.917359988701442,1009.2845211702179
2022-08-02,37767.260787798936,725.0791229353895,274.4272036902852,601.0631104663362,494.14730280546866,106.20626900444913,41.86298100122615,104.69540503964015,368.9823735209422,693.8439682372236,795.4160033843817,31.529388784009505,1002.4913972598604
2022-08-03,37954.10977817859,728.0711453520705,275.59955295784647,617.4453682264341,503.4374944319357,110.95496312743023,43.45775661828371,108.5203516430231,373.6252685084429,685.6399502739025,793.2334567936133,32.335405305275344,1032.1390131495923
2022-08-04,38110.60916182261,733.2575240751968,280.19123526467956,607.9347721829051,505.06338175462685,110.90930181951656,43.00922957059635,107.68671402208021,369.9587790560346,692.8815166078793,799.2961428013563,32.3354026825485,1029.761329404505
2022-08-05,37867.80920313661,722.0870849776938,273.4991402987532,633.9770246593305,497.5382080751771,108.76326052275766,42.909554765806334,106.21558185295248,367.5975139068634,689.5133762386452,798.4230432594383,31.67162997930811,1024.326807495727
2022-08-08,37846.91079248344,728.0711768745725,268.66317823629004,642.3424017402508,486.8079911951748,107.66740807804848,43.258411548299996,106.85307034708198,364.6583054512635,687.1076072249125,816.3882174189047,31.719041576981375,1005.6938464765582
2022-08-10,38298.40612206288,743.0316327292478,269.64013150666597,647.8197534412512,484.53187490892833,107.9870325854555,44.5541706886975,107.83381244389591,368.24511479380214,703.154439415044,821.8042265163255,31.671628341319966,1014.525191569843
2022-08-11,38712.498038912374,741.0867290440332,269.64013791733476,646.9233753169212,483.0919020217961,109.3568529706646,45.351559422951375,108.22612132349192,368.6661506620457,715.2558683433389,839.2716961670366,31.481977764464816,1047.4038991019188
2022-08-12,38941.997252627385,756.6954396058588,266.8069798004483,645.3300482111473,488.3873259134069,112.32477864379166,45.05254164495614,109.10880118803716,370.8594126145072,714.534075300651,843.0774784715667,31.624213192240642,1053.7626888277603
2022-08-16,39283.64401349645,762.97881166594,268.3212182839756,630.3918711871507,495.4478629776831,113.23798626169219,45.10237776601509,108.86361878054826,368.9552800017806,719.2495616686834,860.1547348322915,31.67162997930811,1061.4422808717068
2022-08-17,39350.84502859512,769.3618347593822,274.1829664578176,644.3341289704726,491.31372279588953,111.63986742872227,45.15221272593075,108.47131231437449,369.6631062169337,721.7516859147646,860.4962130919745,31.81386500318644,1059.4856019038752
2022-08-18,39323.9413560481,769.9602748524701,279.89818993246973,640.3506858806437,489.45571197812444,114.7447842331103,45.70041915217598,107.63767531111434,366.672305983003,721.7515867041628,859.276428878953,32.52505198414926,1058.9965543386327
2022-08-19,39732.18663378138,769.9602232879538,282.2428578509677,652.3011781853029,494.24013050861817,113.42063320730234,45.351558899692684,108.8636065760768,382.62326308521585,726.563301596116,863.6189534069804,32.38281894012557,1080.9590936999643
2022-08-22,38693.19852163497,751.4094243809856,276.4788418217876,632.1843731553467,482.1628561373997,109.58514675277485,44.25515209612928,104.94059795709641,364.26972884885686,714.4379561754013,844.6387624066966,31.339737132087766,1032.0936641440494
2022-08-23,37955.008615763974,736.0500351847808,270.6170877514908,627.9021447703461,472.1758708824076,106.84551887856487,42.90955226057034,103.51851359906078,363.6814873531249,699.2811184238794,824.926856148958,30.486313917492833,1012.5278440654832
2022-08-24,38552.251732503515,743.0316124102129,274.08524104150445,643.935785774242,482.16286332109064,112.32478118674719,45.45123168599281,107.34343979334594,369.06495828710547,703.4191637412739,836.3441890909899,31.339739485986517,1053.6159518941724
2022-08-25,39189.59487239689,751.9080991938424,292.1101412949005,653.6954770860942,484.9035056236676,113.32930352266432,48.74046997195223,112.54144062324985,373.8701601090987,712.0801600941289,852.2015966285933,31.861277849956725,1084.9212212743607
2022-08-26,39129.1936563052,746.0236084533811,291.13315948207827,649.7120019533276,486.6221923828125,115.52101484859726,49.388348650381566,112.93374343783731,373.3218621722943,708.303013425697,853.0310514850003,33.66296033751415,1074.1600695255902
2022-08-29,38111.15817075209,728.0712723430171,273.3525289175752,624.9144850510818,475.0093533981979,113.28364974793692,45.89976711150368,107.88286862270134,370.4606398606673,691.4380811198513,829.5132931497114,33.046593299989276,1027.202192563622
2022-08-30,38516.50017055356,731.0632845636851,271.9848178701619,631.6864623703565,481.4196887418067,116.29723643059943,48.840142380175436,111.6587639735538,371.82646875368624,695.9850421787525,839.7108264248318,33.805194968593604,1048.52892033843
2022-09-01,38806.24793859346,731.5620130372369,270.12859782596075,637.3132582926823,485.18221468066645,118.30630139677238,48.740470141116774,112.83567042530466,373.850208146927,704.7905427827354,842.1503691707358,33.61554659546112,1073.8177067964114
2022-09-02,39421.84373491926,747.0209929366981,273.54798062835704,642.3423768538647,498.88529342761575,122.96366675850562,49.33851066202009,117.49424226742036,382.21451341727743,708.351141283871,852.9822456312818,34.23190875002183,1092.698557065125
2022-09-05,39411.59440265754,748.2178591908524,270.61710336852343,646.5251247223374,498.8852246906846,119.85875054463102,48.39161009686899,118.08269153388638,381.0281832856818,715.0633864131738,850.4938677754845,33.42589723654574,1075.6274248804857
2022-09-06,39892.485649837174,755.9972342122395,278.4327260948782,655.189235454933,499.8143559729734,122.87234920109033,50.78378307242603,122.29992293512417,387.7973100016084,721.2223729044177,861.1792732309683,33.900019709268804,1090.7907999194124
2022-09-07,39337.29433730401,741.1865406465258,275.25764937820634,644.3341803718793,496.4698770971638,121.82214868756927,49.43818424412501,118.62210892296838,378.83489298297195,707.9421400567993,857.324756787144,34.99051545101753,1071.2251914295987
2022-09-08,39763.43487583637,759.7373772095548,280.0447124259502,641.4959354846521,497.95623936941655,123.60292341864147,50.4847597071593,117.6413565159311,382.8425578366214,716.9881044068499,864.1068423208869,35.98617594668604,1079.051355439701
2022-09-09,40520.28003159838,785.868090822061,288.20231293088534,654.2929667969112,510.6374895329618,127.39273168240719,51.23231329924161,116.90578433175621,388.8042229225697,719.9231885431478,888.1613233024965,36.5077158610026,1094.7040140376293
2022-09-12,40539.97695334109,786.9153723556004,288.0069141473801,652.0024062128194,515.5148315429688,126.93613205264276,50.2854118347168,117.83750194070954,383.81957718560346,721.7516408855068,883.1845116863607,37.36114385461447,1119.454697075515
2022-09-13,40801.62582782897,802.8730352047573,282.3406030985962,660.0690361895684,520.2528824344759,127.39273456000869,50.733944332781384,118.08269975239216,385.41467591058966,721.2223124269915,891.8695359284446,38.167153309840714,1120.1395139424262
2022-09-14,40308.33303743262,792.3011136338723,284.2944761737894,667.0401951141961,510.96257592164955,124.19650452586883,49.338509817411655,114.89524646926098,377.2398031877518,718.8887165967504,876.5488379819374,36.79219027701329,1123.661459189738
2022-09-15,41533.214966570275,803.3717045264908,302.8566776938049,678.1940840046738,531.9121025185649,129.4931287597718,51.78051825541141,119.40671401079355,392.29348329019945,736.1866756721654,897.7733155832948,38.26198411004391,1192.5328855907621
2022-09-16,40976.724239621006,783.9730647789332,296.01797356509786,676.2022838351038,528.7068427636351,127.39273421490778,52.62774605176918,118.96537534073205,384.0687982029679,723.2432582308112,892.7965807927752,38.30939479943566,1169.8854715995626
2022-09-19,40685.127549124045,787.2144747467518,284.88066323079306,655.9361316419265,520.903158514852,124.92707161847365,51.032964613094705,119.21056237699948,383.4407226636407,716.4588155669953,883.0869132125273,37.787853171197575,1199.380802410514
2022-09-20,41303.66987068642,804.6683086603971,286.2483982172656,656.2847320220457,536.928815145089,130.49764718058384,51.631005813247185,121.36821585654214,387.6078980619147,728.4879914821296,887.2342830774511,38.68869487910067,1214.2998323259305
2022-09-21,41282.1201707635,807.1117623877986,286.19959131526747,667.3389417033296,534.1881531589202,129.31048624019715,51.08280332217663,120.73072093474212,384.2183289900828,725.6009801321287,889.9665797425566,38.593868505201776,1232.6426116276546
2022-09-22,40888.5751184573,802.8731108354957,279.6050969988717,660.9653777337544,526.5237167258603,128.57991657721422,49.88671545108609,119.55382316199199,379.9414917983545,722.7139425983661,884.1116247444652,37.930090633439434,1192.5328658160795
2022-09-23,40428.88033187166,786.9153382162519,279.40968809970224,661.2641421002984,524.7121256104904,126.38819787366104,50.53459765936011,120.63265291985914,372.8732394626168,708.4473309391279,879.9154752286213,38.35681065775039,1183.728254468252
2022-09-26,39027.397555632575,756.9945706982912,267.68619690635404,630.3918374080333,507.06062458888744,118.71724480195007,47.644056821213944,112.78663016654349,366.0741681850128,685.8324662197185,848.981282433677,35.89134636933724,1144.5967437509842
2022-09-27,38811.24865257446,744.3780457188012,258.8935955686015,604.2002103751033,505.89943020477307,118.21497482837245,47.145688185521784,109.45206886704652,365.3164644808933,689.2247583187195,844.0533279671298,34.42155897837085,1141.1237652420268
2022-09-28,38080.80877615548,731.9609751144757,254.7903747967763,600.1170796189456,495.07630512312164,115.47534942626953,46.94633831797517,110.53088913866145,356.90235115253404,676.5218139126857,823.6094393761035,34.42155933345156,1130.1179834901307
2022-09-29,38092.40889002798,720.3416937137015,251.3221970116532,591.5525539714835,491.45312862643,117.62139593292639,47.34503481400574,111.31549565138016,359.2949691552134,671.8545371114053,837.2711683643056,33.42589628439758,1134.813950844003
2022-09-30,37659.56208323766,718.0976211190294,254.7415220143799,600.316231326615,486.8079858742602,116.52554135963028,47.69389133989875,110.53089417880206,352.51583287640716,663.4340639656767,823.511870280738,33.75778228385157,1116.2264009917235
2022-10-03,38444.45221148561,729.0685954085686,259.87057144386904,614.408003182185,490.1524567024575,120.45234154488566,49.68736797741269,117.05290032033476,360.4913251690146,678.4224718418965,838.9301969435782,34.70603129491296,1152.4230232263512
2022-10-04,38699.950058689654,731.462275033306,259.87055347583913,603.5031211033911,495.16916792023426,119.85875185617235,51.032964519894755,116.51349285489125,360.49131279980753,687.8293370288237,844.1020481193237,34.46896959686146,1159.17330192416
2022-10-06,39343.24147957582,748.018357914177,264.75533954635097,623.420698933002,496.65559788661494,123.28328972494137,53.67431963333797,119.11248306526204,363.88090300757284,702.4808255656671,851.9576577243595,34.94309605382549,1198.4025170127425
2022-10-07,39093.043955076486,751.8083648013422,267.6862049109434,602.5072190428452,497.4917419504565,122.59839333300326,54.073013179707075,118.180766038419,360.9898188992266,688.1901682297433,856.0073651218893,34.61120919340962,1174.9236507251935
2022-10-10,38641.102890138834,746.0236745860083,262.8014183255892,576.0168567368094,488.38733378954294,120.954605494473,51.331986396257264,118.67114976643113,359.1155599215502,677.4842424911661,850.933002884002,34.27932397128144,1167.1952276587162
2022-10-11,39058.39832410177,777.9391631264514,262.4106640531274,587.270275938998,493.0789401003736,121.1372449226515,53.823830809622464,119.4557466398831,360.86019739554644,674.1641338324686,861.9111794381765,34.848275842356195,1188.6196945768434
2022-10-12,38783.749966670875,787.413951261387,259.2355391757789,583.3365034204892,492.38213885807085,118.89988279800842,52.92676335818434,120.92688152036364,356.50357315329774,675.1745875438293,846.9808542844545,33.994844114061415,1149.5371251211425
2022-10-13,38957.195338231824,804.8677706064428,261.14059561254174,580.896620939895,495.16919835658643,120.54366619403547,55.1195871737849,123.1335772488669,359.89314790141884,674.6213229862772,841.5160829256583,34.51638536908562,1163.2331828304502
2022-10-14,39445.59211690753,813.3951720065256,263.28991594416635,587.5689456709999,492.5679524866068,121.45686856655458,55.61795876427619,124.55567216045479,364.47905154018684,681.8147602518703,862.4479709434735,34.75344724129137,1175.1682031003752
2022-10-17,39295.14399463325,801.3769558950071,258.89360893571,597.1294100653384,489.03767889540234,119.2195227771981,54.32220082646528,129.45941649462333,364.4890081959299,690.4757528984051,850.9329794415917,33.99484499549936,1152.4230717922799
2022-10-18,40251.582806702085,817.8334959990514,264.0714580076189,616.3000902689204,508.26845479089377,125.56632729556097,56.01665513306061,130.24403875002636,372.3448570590357,701.5666873690876,874.4020060554508,35.274985518674136,1180.7933750023951
2022-10-19,40556.17755757661,816.2875062007095,265.7322994061487,625.4123906386435,523.039935784048,128.48858074351318,56.31567432425409,130.24403330280964,372.6539011688642,704.4296436407238,878.3053078550508,36.98184145865498,1201.239657290328
2022-10-20,40149.0345772265,822.7205274770317,262.6060443878532,617.3956811643112,512.8206087382911,125.10971373231398,56.564860381742406,128.08638137496337,370.85941566504636,694.8062769145736,868.2054068661961,37.07666214726891,1187.6413962499646
2022-10-21,40370.28213359293,857.827485971986,265.390356647892,592.896966121704,517.6980206478074,128.7625451850948,56.91371553148184,128.4786709526294,372.85330366237406,698.6555450817992,866.546454336231,38.40421805352521,1140.6836781759548
2022-10-24,41347.87058829255,913.5797394826685,267.8327357193975,596.5319600020558,526.7559881853911,132.1414035569384,57.11306381225586,132.45073838738796,379.33335483686625,699.7623104281301,902.6525007513261,39.2102304903968,1134.8138658071337
2022-10-25,41513.16734496403,903.3070450596039,262.0687397761839,579.3530014665848,531.8655682588908,131.77613849435184,58.20947676979467,132.3036202959593,381.02816669239775,703.0342306280569,919.2906455454911,39.067994047298235,1120.9710594290525
2022-10-27,41440.21710499562,906.5982805713661,263.72956250003233,574.1246129150963,542.5029660780416,135.4746491607808,56.81404478871043,132.49976074579806,375.58487690092335,704.6700846745274,903.6771788960313,41.24897894748421,1125.0310063935995
2022-10-28,41236.32135932722,912.5824400423613,265.82999413191976,578.0086493543226,538.7868289392258,136.9814347247688,56.91371620585397,132.40169976984416,373.6508471449701,697.6931978037887,895.8216143723628,41.0593258753549,1120.1394938009141
2022-10-31,41265.21924083606,905.6009780176429,254.00882572697685,577.4608046155086,534.1417633453428,135.15500812166368,56.01665296843942,129.41037584383912,378.63550655459295,708.2789972666101,890.5520803773597,41.34380335078107,1129.9224065921492
2022-11-01,41551.91491010484,901.6115073621667,235.3000987184622,591.5027771409361,535.4423001724173,135.52028635360938,56.21600090890562,129.65557234201847,380.4299655809161,723.4356897777316,898.7491899037128,40.96450204357274,1121.6069437821236
2022-11-02,41472.12122479492,872.6880694591467,230.51301633726595,611.4701243489897,535.0242932214652,134.37878818601484,55.56812253483366,129.80270594978631,382.57340009401577,729.931460645262,898.3588476426912,37.88268380074289,1121.117875611826
2022-11-03,40873.2236904437,855.6333146216878,226.16555479626234,612.2668150458394,528.6140117679199,133.145958059226,54.87040229765629,129.80269825345547,379.7919483989979,720.6449717888227,879.2811466233138,36.98184296433572,1108.840326764598
2022-11-04,41314.37043692542,866.703981874365,229.43836211144165,610.4743128481905,544.4074086062908,135.97689340120712,57.063226619711074,134.85356822877418,380.03123263503807,723.2914009917648,884.4042462761049,39.58953573764519,1128.6996132974998
2022-11-07,41740.16343564171,873.9347621796405,225.18858783969236,616.897749667032,569.4910492043815,145.2003311740084,57.063227692625404,134.36318969726562,380.43001170897827,726.5633397491442,888.258895965493,40.68002448276829,1132.8573687673486
2022-11-09,41914.36566130992,872.7380103658246,222.45310416589697,616.7482636368773,576.9231710597669,145.74825868103545,57.113061998761246,135.34393530008546,378.4361134704457,728.9932685473082,897.7733543768877,40.3955481635371,1130.9007492928633
2022-11-10,41462.36882792137,841.4708251953125,223.72315197032162,636.8650307225167,569.5839725657406,151.59279847856635,57.212738199361716,135.04971939653151,377.83793987072227,720.3562225050898,885.6240764996556,42.67135590104234,1118.1830317335175
2022-11-11,42162.90985093517,844.7620953389646,220.98766381866216,632.3836707877838,573.4394492513424,153.37355146760487,58.109800658537424,137.25641430778984,385.41466744189324,743.4041999414936,903.5308051085799,42.718766815623844,1115.248046875
2022-11-14,42177.06133025349,848.2528469565332,221.0853796367125,623.3211031202475,561.0833761211366,148.16825855223038,57.56159758257757,132.79397423394667,379.40316365388014,775.6424002436796,883.135738311916,42.57653011412896,1120.8242835742608
2022-11-15,42234.360976193566,849.0008751701187,221.2807668501745,634.2757859819283,552.1182806785682,149.7663679427397,57.312411015430335,133.72571810954844,383.81957463852734,781.0074169195871,878.7931823299733,41.91275277447726,1132.7105309072574
2022-11-16,42371.30659441794,855.7329985271361,223.7231576634829,629.3959932294739,557.367212375709,149.99466724954678,57.01339140376608,133.03916322986782,381.6263079264055,778.8421514086572,890.5033333770526,41.67568620250119,1126.0092428172861
2022-11-17,42399.156927018914,853.1399053900328,219.0337682585463,619.2379868573513,556.5775066914088,148.761845877562,56.86387856854499,130.44018006162992,391.55580936338026,778.5775416526076,890.942481763275,41.86534031474873,1116.666532563997
2022-11-18,42545.25655643274,857.02958204018,216.83559644796142,611.4701225339061,558.3427079901772,149.85768275582788,56.11632595304537,132.6468895929422,390.9875143024949,779.9729198902146,897.578167748702,42.05498892190686,1126.351616177925
2022-11-21,42286.457723989864,857.7277860755099,211.80427732361878,609.4783871237601,559.3647125184377,148.5791879656948,55.51828344394481,129.7536487489225,389.7114262909959,773.549312831949,891.9670624306098,43.4299568003663,1095.2421259405428
2022-11-22,42466.90613004378,872.6382987175317,206.72411063131244,615.6030270504908,555.6950493243781,148.57919318335775,56.166163809692634,130.3421180931619,389.5718591120954,769.8684242750784,901.4327522857458,45.373874271987916,1118.183063396914
2022-11-23,42668.05539050716,871.5910419173123,209.89920901893888,618.2420822793916,558.8537390242528,153.28224020958535,56.913717194566026,129.60655180620572,388.90393883473894,772.2741699253228,904.6042558044601,46.037649563116716,1150.4663714914595
2022-11-24,42837.854314034324,875.6802251023557,210.97386171439334,622.4247570343176,566.471607357674,154.46938894776852,56.81404478871043,132.3526588731436,389.701480031885,772.7313917879773,905.1409813373169,47.93415675580083,1154.3795779610318
2022-11-25,43191.94679342608,880.666908515537,208.09183354321277,633.3794640122746,567.2149011984452,156.11316777027096,56.71437259954158,131.42094491214655,388.6048607679783,784.1590590980275,917.582868510347,48.834995976775325,1154.379619861666
2022-11-28,42756.70227834148,885.3545627983984,215.41902262544752,627.1054648536525,562.6162515826591,153.83014392474354,57.86061636285648,130.68539037695024,382.02512004116585,771.2638148082744,901.6767030234083,51.53750974178864,1154.3796273168878
2022-11-29,42958.899529756054,892.0368599199336,218.7895272081585,636.3670979487089,564.0097780174993,153.55618726201868,58.80751715035274,131.1757543826826,385.13551114175795,768.5451734076865,910.9959675424216,50.68408936685106,1166.1190575377593
2022-11-30,43122.247355526306,892.6352877676404,231.4899552661892,625.4124648627768,565.3103961576169,153.83014896118914,58.059964471236725,130.24405173431967,386.61095453488156,768.4729621678146,925.1456773495776,49.78324729939135,1154.379643882509
2022-12-01,43511.59472728786,907.0969491334744,235.44662754196523,639.3547963443456,564.7065260219437,152.96260917030568,58.55833435058594,129.6065482446946,389.8011490121821,780.454140154658,932.9036212569308,49.072059631347656,1149.488202105757
2022-12-02,42976.20069252874,895.9265460777018,231.3922725469386,635.2716944730148,564.3814166405217,156.88940775917416,58.508497487828116,130.34210938254046,382.2444542299523,774.6800661706023,905.8239860431103,50.541850065928884,1144.2543551018555
2022-12-05,43268.84839580863,904.6035364822504,236.57012676674628,647.321816062739,565.3103892852598,157.34601136890964,59.10653968310789,131.22480340350873,387.209157390831,774.6559840761946,914.3626205552238,51.4900992485826,1156.3362052276113
2022-12-06,43093.39895504571,895.128632946124,235.39778912887402,647.3218532196116,571.1168371932469,157.8482844409429,60.20295424204117,135.19683617643895,382.93229294176416,770.3495948908293,902.6525766407452,52.29611812987219,1172.9180521587764
2022-12-07,43156.85088205784,900.4146711757867,239.01253960397275,646.1765234522524,567.4935934113071,159.67469783038132,60.15311443065152,132.40168881635927,385.3149419739745,776.6769624240152,899.7250600423364,52.91247998205004,1158.292760166246
2022-12-08,43141.74748266118,913.2307698998422,241.30837496990713,673.6628863434134,566.471711256473,161.63808997408802,59.10653721524376,130.14595242186482,378.6155646126501,774.6801267872993,902.6525404024692,52.817656233028956,1139.7053024655056
2022-12-09,43764.79143424212,941.5058058572178,246.5839340054239,670.6752502578108,570.7916893478897,172.59661677220797,60.00360352729079,133.7747276036067,381.6262990413334,782.3787950839879,909.4833843786498,55.47276306152344,1169.5429771248862
2022-12-12,43455.346688198595,927.4431016046588,241.01528968140366,684.1693453293303,571.1632656554611,172.1400033415985,58.45866333991128,131.37190355509415,371.8563558878808,781.897599252911,902.7012999402709,53.81332085754397,1175.2172072679082
2022-12-13,43793.189279821374,937.7157883092424,245.2162107099057,676.6504755294361,569.9555899098569,174.51435803821784,59.0068681793344,132.00938770550925,371.60713031307586,793.9267873639345,907.0438603945855,55.75723612643911,1186.4674953077226
2022-12-14,44078.08950104827,943.1514470955915,245.80239049843152,664.251749510965,574.6006001839154,177.5279277802135,60.30262555814283,134.31417441932857,373.07263786424977,795.3703041942985,913.3868077451181,57.32185199507635,1214.7889012113517
2022-12-15,43939.59253701847,937.2670739526305,245.50928440340317,669.3805756935758,581.1502869681508,174.92528836932738,62.79446757976465,134.11801897978535,373.959895312951,797.319103295872,893.8699973988869,56.18394949700996,1225.5500554762116
2022-12-16,43261.24560114738,929.7868270255402,244.971969641859,657.2805742401349,568.5620106489584,168.30451675589646,61.89740264383716,134.90260254442063,369.802693968188,779.5158401167187,883.6236941724553,56.23136289738296,1208.185380274995
2022-12-19,43345.84843854809,932.629303519984,241.69916036116425,667.0899433076813,561.1298409450822,166.79772091260082,62.04691621398926,133.62763700518767,366.98134308009236,791.0397589631783,886.0632612266272,54.09779223423535,1207.158228829359
2022-12-20,43152.14693519366,941.2564535961869,238.76828560332837,664.5006535516883,560.2008180296101,166.15848396658177,62.54528511183581,134.0689640327291,367.86862786969687,779.5880032718654,884.1116067771366,53.05471740956321,1188.6196149447483
2022-12-21,43525.2433390054,950.5817624990193,239.54985345478588,679.1401385289321,562.8950131289239,168.62412946430092,61.54854734453394,132.99015242146618,370.9591278274151,789.5962507751079,888.2589176484736,53.102134120302125,1209.1636930523937
2022-12-22,42863.50252955492,933.5269094651918,242.23649082734715,668.2352754844273,554.6266864124063,162.96224119422206,59.2062137636876,128.92001751064137,364.08029182731167,780.5503096365309,878.7444522871822,51.110798551864534,1181.6248913887887
2022-12-23,41950.86389423782,909.5903465081575,223.33236199266034,658.774406271341,548.1234592344703,158.8984826147742,55.916976163552015,123.67298987918903,362.0764636554347,763.6132225912555,861.7160235243845,50.54184628998991,1134.8627949567572
2022-12-26,41715.86610274812,905.6009565307057,221.76923364649483,638.3589149578671,533.2590787626473,154.3780762739437,52.82709249334776,120.38744950887121,363.2727725299042,769.6278667926638,859.8131424263865,47.12814419800236,1125.030943809676
2022-12-27,42827.250370396294,929.9863389741026,230.31761429039224,657.2805876452362,557.7853597232435,162.91657638197216,56.01665572166703,129.21422775088888,363.4123485109053,785.7469942121562,876.0120665940304,51.77457386361542,1175.559631031483
2022-12-28,42733.106558728214,928.4902611865951,231.34342103401127,660.2184373098444,558.2499017736284,162.50563727858915,55.81730543438304,129.9498221006644,363.76127919851024,780.9833552219441,874.3531310298059,51.34786606769358,1171.988835465429
2022-12-29,42684.40114229347,920.3617949883478,226.89827026755123,660.0690625029993,557.4138212607661,165.79319810811435,55.418607748699245,130.58729676652504,361.76737696835676,779.5398699494827,876.207314018528,51.63233980486626,1179.8151049503247
2022-12-30,43401.194388739525,938.7630203430911,231.92958892800024,662.6583738284941,571.5813315569454,170.67887182467354,57.36224756765142,135.39299548345886,363.90082408242006,791.5209337293505,886.5511238731773,53.10213245290977,1211.1202617213164
2023-01-02,43038.25,929.7867896608932,230.8549355384127,654.193405092579,571.3026155836609,170.40489500594018,58.30914820525828,137.06026019504878,364.43914007742165,782.8599557722763,872.4015345595462,53.86072885489507,1193.6089676122572
2023-01-03,43151.44921875,942.2538282071222,234.81163061633058,656.2349051607578,570.8845802218594,170.31358182779948,61.29936109570793,135.5891468027326,363.3325803906295,780.5502688048173,876.7927916486487,54.47709977880678,1199.9189764775963
2023-01-04,43417.5,960.9542909190053,235.3489364905858,649.3135945731982,568.4226584190668,170.86152983914795,61.149850859188184,135.58914942315286,365.8548485449038,786.709274515468,877.2807356586387,55.093460670594744,1230.6860924574598
2023-01-05,43073.05078125,957.4635394400373,235.690878156317,639.155591496432,563.9168383606225,167.66527614763933,60.35246260486481,134.26511738858065,362.8839425029578,777.085950452134,879.1348111478047,53.76590826649025,1202.5603754095157
2023-01-06,42649.69921875,944.0490803274756,236.17935328802184,632.3835399357483,564.2884821443881,168.89811086456328,60.402295119190754,134.3631858037493,364.08027073896614,770.8306910669477,857.7150822158359,54.0503838302292,1187.6414185935423
2023-01-09,42404.8515625,944.2983589138793,237.40054515688195,632.383635831029,562.0588874246389,168.3045297232114,59.8042542755759,132.84303689535577,359.0956122419605,767.9437146970364,853.128646577258,54.0503826655876,1164.3093471097147
2023-01-10,42642.0,961.4529432194536,241.50377415950268,630.2923095655433,565.2640136601837,169.67434218982572,59.505234907934025,133.33340540640881,360.60094530626225,769.8684118966518,854.2508913830072,53.95555618630232,1188.6196573419688
2023-01-11,42071.8515625,950.4820135387191,240.282574190304,622.474577495773,554.1157057067913,165.29093893116917,58.608170384987694,133.13726051972583,358.89621499713263,754.4469115539331,842.0528443311998,52.438354115342186,1205.6418267555907
2023-01-12,42238.5,946.8416511641793,239.35445628071528,622.4248441205992,555.4627887853612,166.1128149080244,59.804256101371614,132.64687702704336,360.29191342802136,763.998177755398,844.5900418696975,53.48143010674974,1187.6414005068166
2023-01-13,42171.25,933.0282324261028,234.9581547905417,628.8482151576447,555.462786881279,166.02150614325052,59.704584366334245,132.89205935685607,354.8087486529829,769.2669218933805,843.8093564017448,53.1021318718028,1186.6631274781316
2023-01-16,42622.5,937.965223470109,234.17658440504556,621.0804214840994,560.2007446289062,169.40036602204444,60.25279052640193,136.5698766061017,356.30416237401204,777.0860095167562,856.05621828147,54.00296950667173,1213.0768554884507
2023-01-17,42241.19921875,912.532534594739,235.6908695699137,622.3749938024516,560.2008665458281,169.49169872441394,60.551808968726895,139.75733798483142,354.90849760026225,764.9605254372576,846.0050363579256,56.136540437000804,1213.0768535494549
2023-01-18,42271.80078125,919.4641667501235,235.3977865930516,627.4042509168363,553.6047441160317,166.29547997531944,59.256052845285474,136.03047627695875,359.4843945145361,772.274237215273,843.5654250474721,54.85639628437542,1205.2505126354251
2023-01-19,42416.30078125,921.1597151347594,234.17658997801325,625.9601560350335,549.0525298677518,162.5056547245554,58.75768222475984,133.82379758201012,359.5941045582806,787.6716113274065,847.029646532359,53.76590604680903,1188.6197321052177
2023-01-20,42516.05078125,928.7895323246271,230.90377962268184,625.2631034544509,551.6537723185195,162.96225216002424,59.156375885009766,133.38244060608704,354.68913245095445,791.0878917418223,852.3967365563113,54.47709397240956,1182.3586571738779
2023-01-23,42891.44921875,933.5269866413041,237.4005615874458,613.8104425678405,556.0201811934469,164.78866309380305,61.29936422569139,132.49978947953446,356.90235641041085,801.7458215030824,860.6914050079915,54.287447315369825,1186.3696378262412
2023-01-24,42994.44921875,932.5295668790604,244.04385820855583,639.8526881384374,560.6653160406374,165.29093782259864,59.106538350869116,134.06896513984537,357.4406719269439,805.9800286815163,857.7638806877826,54.05038060368718,1180.1086665277796
2023-01-25,42703.6015625,902.6087877221352,241.30838315202917,630.8897623265939,553.5582645072653,162.91659167400164,58.60816987839536,132.4016918622253,350.3225807168946,813.8471429635326,852.2015435388557,52.58059570327501,1183.7281327428966
2023-01-27,41382.3515625,889.9922375871389,240.72218437597672,616.3001186863562,527.684995977524,155.7935565739503,57.312410723586424,130.3911548277088,349.34562242522634,785.2657804091282,818.876621159135,50.968564040545424,1137.7976721587966
2023-01-30,39856.1484375,849.6490873686962,234.4696697024025,601.5113458440721,497.9562907999654,144.37843702975007,55.26910191634428,129.3613520404182,341.5695259684804,767.4626270039054,780.6724821645415,48.45569188332826,1085.8995014066022
2023-01-31,40563.8515625,870.6934445467299,235.64203537036204,606.8891183600715,506.3174777560764,146.57013088286067,56.56485776717907,131.12670921735804,345.03885032368817,779.3473843212695,806.0442748819686,48.3608688705098,1073.2307216452623
2023-02-01,41115.0,873.9846395179304,239.8917963117137,619.4371208682684,521.553471182178,154.78903895886504,58.757681683777314,132.84302453064979,347.929961310351,781.4163428934012,823.0727675844201,51.442691585968376,1070.2467948120848
2023-02-02,39943.3515625,848.7016339690617,230.07336780063983,607.4866466375177,483.2776668207723,137.89463977223843,56.81404329630303,126.07582778320719,342.94524946506544,773.7658324138648,808.3863483354639,47.41261771213528,1012.4301153215522
2023-02-03,41019.3515625,870.693394455164,223.72315684447167,625.4124532862553,497.95625051241154,143.37388909770755,59.80425542460663,131.32285036560592,353.03420762933274,775.1612302770866,843.7605304527782,48.59793441872518,1085.8995084445376
2023-02-06,41530.1484375,869.5464186317218,223.43006297528507,626.6573495628944,519.1379903948726,151.1361834704504,58.80751956955658,127.49793851339203,353.91154085909864,798.7385552846413,840.6866790648273,49.21429952557259,1084.9211444068576
2023-02-07,41513.1015625,884.506744665385,230.80608832510708,629.8939126224841,509.10457595234817,153.32789888075382,59.70458221435547,130.68537841680396,349.3655446662782,798.449739262286,834.3437126381102,48.88240686289563,1109.3782982294413
2023-02-08,41542.05078125,879.7693458320437,230.70838080494622,648.2679053134241,510.9626024080548,153.8758094878424,59.2560491969759,128.92001153622613,354.66924306170785,795.9717934088378,831.9040805956793,48.97723270851105,1119.1612689173817
2023-02-09,41634.0,873.8350955880709,233.4927057567776,649.3135554720399,512.8206493861524,153.41921130654228,59.50523583670543,128.82195431035336,352.5058678027148,798.738479108453,837.7591186687812,48.88240458004721,1125.1777199196836
2023-02-10,41452.3984375,869.7458624222388,235.78857315135446,639.3548380795887,507.710993148678,155.06300437000533,58.50849864555859,127.15466961116478,352.4959224894086,793.3494214707791,834.8803764054466,48.171216645062245,1134.8138953277512
2023-02-13,41563.5,864.9585687010346,238.47521163145612,645.7781843331852,514.6787012854288,154.78903259737385,57.9104542288438,129.21424354491174,353.9314843879978,796.3326188427218,832.7823162892795,48.74016784522616,1139.7053615906573
2023-02-14,41410.44921875,860.2709943420871,231.73421243336,632.0848533380512,501.6258885721999,151.59280566187843,57.26257689114671,128.28253289672003,352.91461284039553,801.1443083812574,833.2703498541101,47.79192010075063,1135.4986842244634
2023-02-15,41674.6015625,869.6960345142812,230.610708659173,632.5827401369257,501.6724240631483,153.41922376998008,56.81404345968495,127.1056373915867,352.60554823665126,807.3995485525281,845.4683000864001,47.839330348517095,1129.9224265234075
2023-02-16,41925.69921875,870.4939285640548,237.4005413119886,636.3671132315388,508.0361017308311,155.61089628789128,57.6114342965371,128.23349493982238,357.69987281448334,805.0898752375481,854.787605159296,48.31345817212498,1130.2647625054599
2023-02-17,41514.0,858.7250937802401,235.3977755499023,623.4206636486349,500.2787979901847,154.33242259343606,56.71436987460994,127.35081892175056,355.52657361515435,799.2196298038508,846.5904820244143,47.934152494736914,1117.2047430346986
2023-02-20,41221.55078125,857.4285526319146,229.7314311709799,611.2709534578156,494.2401571444544,152.50600104716634,55.81730568625711,124.65374013416456,352.52579087883674,798.7384045852328,841.8088986592531,47.17555491129557,1092.9919391010792
2023-02-21,40784.8984375,846.7568188104417,230.26875513309554,604.5487891898107,489.6878962759404,150.22297104379854,54.970079904547916,123.96721318013029,347.9299504129053,789.1150855033404,833.7582903972411,47.12814143065033,1085.8994878531314
2023-02-22,40494.1484375,837.7805863154392,222.06233362895497,600.515438490527,483.7886509710897,144.92636754652395,54.22252569315085,124.35951730526624,343.7328738332879,788.6339109553685,830.6842687366475,46.227298361124625,1072.937199250699
2023-02-23,39983.69921875,830.8488877972475,223.1858308018016,593.54421860089,480.2583733415285,143.9218350427399,53.32546159611192,122.79029995988562,340.43298262276903,776.1235754720026,816.3394563163132,45.51611075129534,1068.9750354517419
2023-02-24,40259.1015625,847.8538987685147,225.18859496231886,594.5401539488231,486.9938277019231,142.91731325700516,53.97334396290715,126.12487842994834,341.5496074530861,778.4813560195853,823.560652457791,46.08505775148844,1056.5997211310414
2023-02-27,39820.3984375,849.5992567522266,223.52776768419244,595.585853329837,484.11383686759666,141.09088926495247,54.07301439052429,124.55566748102228,338.618578953241,763.0839740657053,813.4119068231814,45.04198526527532,1056.5019203853315
2023-02-28,40302.69921875,853.6884782219203,223.2835210007514,594.2911433452123,489.8273088696529,146.34184469067074,54.372036475282336,126.27198080948737,344.1316317601966,766.0189795071293,834.2461663394178,45.753171978077205,1058.996610756188
2023-03-01,40473.8515625,843.814565001129,225.28628767847542,590.5566341372074,486.111228651769,144.1957904254751,55.06975117353304,127.35083102821956,344.7895956846898,775.6423810879135,843.1262893169088,45.84799827498542,1053.6650431655767
2023-03-02,40604.55078125,863.7118776816358,230.07337693018306,608.4824600917818,497.9097672057026,150.17731570116098,55.51828626054792,131.51902752181772,346.0557159515297,766.9813446479279,832.3920183025423,47.55485473864538,1076.0676923246872
2023-03-03,40671.3984375,847.5048546086999,230.1222180236283,613.7108491177642,503.53042431722355,153.4191998110699,55.418610278336175,131.46998893151283,345.3379144708515,767.943731924865,836.0514379926584,47.55485824885134,1084.9211284264406
2023-03-06,41418.3984375,854.6858146198489,230.26875293155,623.3211587005637,524.8050992044442,158.48752538638556,56.51502170957912,132.79398046974828,350.18302929220397,779.4917852900815,850.6890680812614,49.356533027651736,1107.4217919368887
2023-03-08,41178.3515625,856.2316930866406,226.65401807473478,615.9515742931634,520.2527988045408,156.15885425436085,56.913716771951634,131.32284122777466,346.1354490797902,779.4917718675084,845.7122342431666,48.36086910210767,1085.5570295400155
2023-03-09,41532.6484375,860.2211566155239,225.77476306999688,629.395938752505,524.6657803610302,159.44639423074943,57.61143060664437,133.57860263788092,346.79342289939217,784.27938296168,846.2489584201631,48.834994562745024,1148.7544560149313
2023-03-10,40805.25,857.3287150190869,219.61994189199197,613.4619023343674,513.8425223260048,155.88487450761858,56.6146939978018,130.68537386557213,340.3532801267398,774.8965254691125,824.2925755972103,47.83932902409331,1130.0201396825564
2023-03-13,40356.1015625,843.365747946297,220.7922790665234,616.4495690188439,508.17549904877285,152.5060041801077,55.76747032857237,129.4103879330304,338.75816839276354,764.0462404475056,821.1211220704034,47.31779350337989,1094.7040617599105
2023-03-14,39522.3984375,825.8122531130239,212.87891784708117,593.5443633030594,490.1989440527501,149.76636237407976,54.621219635009766,127.00754745692423,333.574117624261,755.5536842804477,807.0201425209714,45.70576379202527,1037.0828471501127
2023-03-15,39777.8984375,835.835689825817,204.18401394970635,594.291215997783,492.1962953100218,150.1316522064539,55.46844980447525,127.00754653192489,332.5771730856272,759.2827424375032,816.2418837869195,46.322124036786605,1056.3553038631508
2023-03-16,39061.69921875,819.3294536392584,201.05775116930556,579.6020514083235,481.60550483684807,144.92636574739052,54.421872746398066,124.16336748581192,332.9759336635468,740.5171674402086,809.6549809174596,45.23163450584586,1017.419294677534
2023-03-17,39442.3984375,832.7938167758774,201.30199709333863,588.6146847676519,491.12794681882934,147.9856295417627,55.66779369606313,125.3402679683233,334.89005328238113,749.4187927190782,811.7041893648593,45.99023847227542,1015.4627491167397
2023-03-20,39512.1015625,833.7911436751785,201.25313346338626,582.6393621043877,489.2234291835881,145.8395616623859,54.970081588798315,126.026806889928,336.3655146262675,754.4469617185391,816.7785827424584,45.37386880207935,997.8536097670379
2023-03-21,39599.6484375,837.8803087329111,197.98032434099972,578.8052358227898,484.949984035069,145.65692230089994,54.42187022706122,127.25274231708734,340.46291909515804,756.371588709314,822.6335934511657,44.947165836643485,985.4782015423057
2023-03-22,40036.0,853.3393206214389,200.03195131497043,581.7929285395729,485.13577844622523,149.62939402082512,55.81730469123459,126.81141257175861,340.95140212356813,762.1697342790129,836.9297092178792,45.46869824944646,1005.6799050476129
2023-03-23,39836.1484375,844.7620800965633,205.64944903205424,576.6143066871556,482.53450058691243,151.77542658577804,55.4684471992641,126.4190970146277,338.7880301527198,754.350750068819,836.2953779024698,45.184225804538684,1005.8266135163765
2023-03-24,39555.25,844.0141063949059,207.84761248416834,567.651439455068,477.9822736866617,148.39657152776854,54.920241498590705,124.5556685680309,334.18220559505596,750.6216774626521,831.9040787866177,44.56785566728193,996.8752637395305
2023-03-27,39484.69921875,838.8277998735553,199.29922631460676,559.6844347976818,471.0145931632608,145.65693383032038,53.67431957623048,124.40855570132597,339.08714072555637,751.6802900278751,834.2949265553112,43.14548208771392,991.9838805958638
2023-03-28,39545.05078125,835.1874828184127,191.2881656042317,564.5642610144292,475.1487618497131,147.48335387139446,52.976604116804154,123.32971844984294,340.74206721310253,753.3643152523856,834.8803919931624,43.192892291872916,995.6035317822
2023-03-29,39611.55078125,830.3004281081028,180.8347425772015,561.2279176011871,472.87263014609675,146.38750795859895,52.677582166557634,123.18262064648489,338.9774768089835,762.1697080199377,836.344192498566,42.57653212717767,1008.6147820673614
2023-03-31,40231.25,852.6412256465586,187.57574533045977,581.5937480274486,483.69576597871674,151.82109924457023,54.770731052203054,127.20369759194487,344.04192160807594,767.7511762682442,841.1258033201476,44.2833840735329,1039.9199741308541
2023-04-03,40695.80078125,861.7171614119438,193.53518496169534,578.0085981697513,487.5047168414854,154.42374782614323,55.01991776554704,130.44017328209407,345.73669723950104,773.5012598964762,858.9349345674241,44.425616006365765,1049.7027264538674
2023-04-05,40972.30078125,868.6986979828679,201.35084645493035,562.572461148534,489.59505881314976,154.78902060685758,55.66779150516572,130.88152915138835,347.9299209702914,778.8181422765023,865.1802578730985,44.89974423040502,1065.3554082115165
2023-04-06,40940.69921875,859.5229861540353,201.2531252478683,556.1490221964252,486.80798790702346,152.59732591456915,54.6212188935631,126.02679505747358,348.9268697530275,793.2291334002176,860.6914189453125,44.28338496926075,1044.028738442471
2023-04-10,41116.1484375,852.5414731343576,204.52594147264153,567.6514104365035,491.6853615153094,152.96259631881247,54.82056925720579,125.48738435326112,350.35251463887283,800.3022433921424,858.7884767219354,44.75751182195818,1058.5073364334373
2023-04-11,41232.0,846.0087653724299,205.89367485573194,565.6098595836763,493.1717293157566,157.98524546152635,54.22252788333564,125.48738069142054,368.3072794477628,798.2573710049368,852.5919065557086,45.184226402159155,1054.0073016022488
2023-04-12,41426.0,852.6412558734322,205.1609712913199,577.4109881843436,495.35498352755394,156.15883217964108,53.8238285620454,124.70277608696358,367.27045265775917,802.5878572606912,862.1063873379366,45.08939869886353,1050.1919351929591
2023-04-13,41680.1015625,851.3945429743361,204.28172929050945,627.4041969577138,491.7318462158536,155.24562111018824,53.823829650878906,124.8008599178908,366.4728993006189,812.3554958466677,869.571475609275,44.66268721882117,1049.7027081275078
2023-04-17,42603.55078125,879.6695920665803,201.25314479070323,667.2892220362099,490.524091832778,156.15883321620652,54.17268819059455,125.63449713246047,376.63167057335903,827.6085198214015,895.1385344204618,45.184223632087814,1083.3559357362597
2023-04-18,42406.94921875,863.063563291869,202.03471289884058,685.1652167679398,506.6426052589142,161.8664107552938,54.970079602690134,128.82193592101777,379.02431684497134,803.550177070361,886.0144835702572,46.32212575575871,1105.4652034691426
2023-04-19,42280.1015625,862.7145765841642,208.0918381889288,691.1405271113568,505.3884765215721,162.91657946014985,56.66452936880574,128.62578959993786,376.5020654743536,801.1442851788886,874.2556575010774,46.464361494704484,1118.1830119835695
2023-04-20,42218.5,872.488653826795,210.09461073846225,679.1899709737147,502.7871931508796,161.72941741120965,56.36551177996065,129.16520415455037,375.70449743836605,804.3681477069183,870.6937889701342,46.08506393432617,1094.6550940620982
2023-04-21,42252.55078125,868.4991631302372,211.99967205713665,677.6463717504449,506.31748561912224,161.95773075421602,56.21600250319387,129.65558444939106,375.2459439281912,803.0689611623811,872.9381803026192,45.99023690495466,1101.7476833053463
2023-04-24,42469.94921875,865.7066060820845,215.7609457057204,659.2723550559889,505.2026478818052,161.18149110548913,56.51502447247769,128.57675712548502,376.88091008894014,811.7300315452851,883.135744818471,45.99023820906121,1106.198893441479
2023-04-25,42731.6015625,882.6616898361922,214.8328325981789,664.2517441455162,515.6076442134857,164.83432718522678,58.259311850858026,129.55750653908794,379.2336365540703,812.066755339811,884.4043078093315,46.93849026535969,1095.6334432601557
2023-04-26,42559.05078125,875.08183024202,216.10289582708955,647.2719616607209,522.1108726535115,167.8935792960179,58.45866318912692,130.58728813898438,374.34869699640007,798.738456878835,889.429955738027,47.12813924380899,1093.481228391206
2023-04-27,42753.8984375,885.6537654480087,219.32684106685198,641.1473316230545,524.8979661864694,167.61961910413004,58.50849692210786,132.54880344107505,374.22906410665604,803.7907560168101,887.5270423599347,47.649680409365445,1115.2481522302905
2023-04-28,43045.5,882.7613790119196,221.7692464533963,640.3506185527391,527.4991662626207,169.72000080882046,59.80425668063982,131.76420291295983,380.03121969922034,810.6232785465422,892.9917223591818,47.98156673898843,1123.8081501731624
2023-05-02,43395.05078125,867.7013024431587,225.67706486163323,667.1896043017953,538.833215305152,172.59661757841647,63.292836482295805,132.94110431753347,382.42386766432145,812.547950500037,901.6766917183744,49.83065826242009,1133.7866444840797
2023-05-03,43154.8515625,861.5675564094298,225.62821403065996,676.1525217329171,530.1469444766262,167.0716808325582,63.59185915744704,133.28435437536808,382.62323369196486,810.7435373497618,897.3342422175527,49.26170802227809,1117.6938738842173
2023-05-04,43236.1015625,857.7277569166305,226.55632352551626,681.1319204174757,529.7288993852984,168.57850165532057,63.99055066749213,135.0497328022382,384.80650812723127,811.7781309061464,897.773371044411,50.020310153129884,1121.2646040728048
2023-05-05,43110.6484375,864.8588814516036,227.63097390547765,683.1735030088404,539.0190608734192,169.1264155691797,63.392508210949764,137.30545671018834,389.2329040241568,788.6339045566583,902.6525189158281,50.589258769949005,1106.443624513419
2023-05-08,42796.8515625,863.013687929964,224.7001071396317,674.3599083131062,536.6500331448386,168.1218914717329,63.04365331494831,126.51717405552657,385.99286362913983,786.7093355416769,904.6042195927597,48.83499218975491,1063.3988091980339
2023-05-09,43438.55078125,879.8690735863491,229.43836084403807,691.0906480374206,543.4783797193426,168.0305707704929,64.04039397627015,126.51717981737644,391.76513703916106,793.8787132056606,918.2660247654843,49.73583302511607,1110.3566950045458
2023-05-10,43275.25,889.6431330272819,228.9987222861659,705.9791730565205,534.188166838668,160.7248890306791,64.38924648884571,126.07584291409856,390.79812248413435,791.2803925786036,912.0205661468576,47.08072982049492,1129.9224316617615
2023-05-11,43535.1015625,888.6458302181073,232.02729383662304,696.1198994209067,531.5869512756125,163.82980240653177,64.09023135377714,127.25273688105344,392.7919883232212,801.216542964019,917.3389010960858,46.27471316638061,1149.4882108518143
2023-05-12,43447.1484375,892.8347664423467,234.37197915759958,700.7009394161787,533.9094229370257,163.00791890604512,64.58859794133926,125.83065425788614,389.60176453063156,792.4833249747595,917.0461850344827,45.990235357003414,1166.6082206599744
2023-05-15,43821.05078125,908.2439536374151,231.5388057786591,709.8630465613917,537.6720048826024,163.37318668097123,65.53549660100472,123.47683964204728,390.2099453039952,804.5124814304968,920.9495639221207,45.99023975235563,1182.3585998920396
2023-05-16,44144.1484375,913.779312757632,239.35446016647256,713.9959540935376,542.5493549355248,169.30903211288435,66.83125811226438,125.73256387911908,394.38705721500844,813.641207320555,927.048597490951,46.74883806712305,1193.0708496317309
2023-05-17,43948.5,915.275357867754,239.3544586543828,725.8469246008915,544.4074006716053,172.3226451310236,67.18011914691132,124.65374369940628,388.76438017179737,803.0314612780545,924.4138288097396,46.60660464929863,1190.6252728670352
2023-05-18,44006.8984375,917.5691873556405,239.30562390652617,727.9880743048352,548.4021918988014,171.1811369866544,66.98076013102924,126.02679645004122,383.62015752009626,802.0580796447568,925.0480984422347,47.03331330764559,1220.9031271735369
2023-05-19,43930.0,918.4668189387249,239.74522999559508,744.5196256145206,537.9042299383079,165.29092522287144,66.73158158793838,124.75180942511686,384.8165005697144,802.0581085513332,928.4635071511756,46.32212507911559,1216.011759146666
2023-05-22,43935.30078125,920.5612837744666,228.6079365848898,750.6941090915144,536.5107432551475,166.2041399230512,66.68174894175773,123.57490947197213,387.8072982970509,800.5980440930408,928.0731760048811,47.27037339482477,1219.9249045473161
2023-05-23,43978.8984375,915.1256956371483,236.86322271210372,754.8767874909861,537.8113856521496,165.51924438777502,66.28304728976889,124.06529009884332,386.85025775594204,802.5447954516952,929.0002544091722,48.12380285598703,1218.9466176293095
2023-05-24,43751.94921875,908.7425871157698,247.85396037643275,759.557435598218,538.647424884356,166.61509035730163,65.78468322753906,123.13357745856023,383.21145362388216,792.1053982534182,923.828323327991,47.649677841563324,1227.7512517546259
2023-05-25,43630.25,914.2779119411406,255.4742344211929,760.7525051756696,540.6913350554436,166.1584754930423,65.78468479829675,121.17207475092818,382.4238622784496,786.3380947431477,914.3626159869317,47.46002536092526,1241.398297891408
2023-05-26,43765.3515625,915.5744897215402,257.4281555486491,764.5368545043088,539.9945509718547,166.20413607530983,68.12700976940188,121.12302960607106,388.7942364791369,787.944211421121,917.0950028696642,47.175553074297575,1229.16958889274
2023-05-29,44276.80078125,928.5401032424976,255.4742716534728,777.0848894727284,548.1235013048188,168.94377333452914,70.2699992093272,123.67298414879868,391.4162010014329,792.5676872978805,930.8055912909057,48.028983189311305,1244.5777334488191
2023-05-30,44277.3515625,928.3406903665873,256.93969273120797,786.1972137560496,552.7686543075964,167.11735683366948,69.97097802164737,123.52587323652573,390.36943292546255,795.0498137776772,922.5109142673763,48.1712131784394,1257.0509393520979
2023-05-31,44318.0,934.8733518090171,260.84750593954055,769.8150194088491,552.9030719118671,167.61962026554863,71.46608445462705,122.83934783935547,395.7727892762891,793.249109394473,926.5606365918726,48.74017090923938,1261.0129536281763
2023-06-01,44172.05078125,919.5639303932444,261.0429177859267,774.7944380341121,551.0088964611522,168.9437690734857,71.26674166102431,122.83934537727994,392.3932019481802,788.3822976265084,931.1959059694744,49.16688243982288,1252.2084162140104
2023-06-02,43997.30078125,920.2122403047441,262.3618020338509,770.8108442058821,553.7554783910537,169.67432389946944,72.91135480278058,123.52586787226566,387.79731503163595,784.7563519232599,920.2176662665535,49.11947123490509,1268.3194198325446
2023-06-05,44103.25,925.1490774704517,259.7240472534456,762.0969017922854,557.354356472538,171.04415768830702,73.35988434252408,124.50662964762509,387.80731572073773,785.7541372012771,920.2176729962289,49.830661388003165,1280.781084465939
2023-06-06,44156.69921875,948.5869905944751,257.1350794057499,746.9097452498675,556.8808077766311,169.49169330535184,73.70873916882465,125.04603839082252,385.7935258352306,782.4203085516023,923.6330776996152,49.64100802606356,1287.704197835411
2023-06-07,44318.69921875,970.3793029478247,258.698196748995,753.8809606728042,556.8807700208413,169.21775088430925,73.75858273212978,124.06528609686092,393.19076411818355,780.3762267164857,921.5350543493884,49.45135890351844,1295.5668254668883
2023-06-08,44208.30078125,970.4790025315168,259.3820838133225,762.7443351729288,558.7276422332659,171.18115234375,73.35988886942185,123.82010338222983,386.1922689664696,780.278861070367,913.9722653565424,49.735833452033795,1301.9954423995864
2023-06-09,44045.75,964.4449766892352,254.44847729474574,754.3291034819836,556.8807949778836,171.31811950992892,72.11396064411076,123.8200979599633,371.25820723975636,786.4355374130215,918.6563698311431,49.451361425535154,1284.7371590253158
2023-06-12,44035.19921875,970.429135033108,251.12677818359313,763.8396808585593,549.3041644401906,168.85242664454913,71.56576240442035,122.5941584308407,373.82029524405937,784.8051052341397,915.3385351627903,48.74016865572077,1322.270414804737
2023-06-13,43889.69921875,971.7257076265167,251.90836396550515,757.8645029098778,548.783285043374,171.31810301099625,72.9611905952834,123.08453702776927,373.92001894265735,773.8789730190645,913.2892496101983,49.214296394028885,1321.3308699719364
2023-06-14,44181.6484375,983.394818048502,255.9627243285151,763.8397239902068,546.462938992896,171.9573861483267,75.00450449890734,122.39800958680529,370.0519047707949,783.7830313619872,923.1940358059712,49.49877490214119,1320.3913104699686
2023-06-15,44054.3515625,985.7385964089794,248.24477278515437,769.4166426666216,545.5158387577229,170.77019564031255,76.64912395703804,122.2509000710111,372.4445736286618,780.6439096325554,917.9732552476846,49.11947082291162,1300.5613935760202
2023-06-16,43583.3515625,980.2032402270959,242.2853298052553,773.7985313158357,538.6495217087493,167.80226709012712,79.24063680886974,120.33842353914592,366.2635777393297,772.4432372595309,906.848667243868,48.07639133603287,1282.8579241641921
2023-06-19,44015.30078125,981.2504969948915,249.36828184937744,775.5413255688538,541.0172686527673,172.32264550884645,81.73248040521936,121.56436694696534,371.6270543888936,784.0507042851576,910.9472166078564,48.69275376018024,1295.6163889381073
2023-06-20,43597.55078125,963.3977830250602,244.09271355282877,768.9186916477313,538.7442468937137,178.0758604074766,81.48329918227267,120.73072677370337,362.88394929249364,780.7169656771292,898.7004270111945,49.16687892609015,1280.7809843902496
2023-06-21,43894.3984375,975.7151823757298,242.285340611405,767.77339577143,537.3710020274224,178.44115273232975,82.82889676107443,121.31917818906562,368.2773699203698,786.4841646307309,905.580003016445,49.35653028025024,1283.5008651233081
2023-06-22,43874.80078125,959.6576827331883,236.0327994915083,747.9056659130923,536.3765795536382,181.1807829401082,81.63281482971142,121.31917790213694,367.97827503506704,798.1646301932708,902.0670994269971,50.399610406789336,1272.473233582452
2023-06-23,43641.6015625,957.4635460788033,233.68809486536284,739.5402657737728,532.256799763519,176.52341121458892,77.34683336467495,121.36822266651552,365.4760004387454,796.9722855006775,903.6771633220311,48.79309129613073,1258.7258425358925
2023-06-26,43714.75,956.9648713775646,231.14801769849643,733.6646303300139,526.5743681702502,175.29056605356251,77.64585767536413,119.79900892991826,365.2666367774215,800.5979965482512,904.701816042341,48.55296680215526,1300.363706883147
2023-06-27,43804.55078125,964.4449806242776,232.22267225229263,745.864097875232,528.7052460586985,174.51435490888684,77.84520829183619,119.60285943731107,364.41923808843086,799.6003360457688,907.5317710784503,48.552966602889114,1304.2702811861159
2023-06-28,44419.5,976.4133526351345,234.4696735730254,750.6443687966532,541.9643300759469,174.69698658206033,78.6924339496396,121.61341099513474,368.06803857401314,812.7651716503821,921.1935016587148,48.88914053083611,1310.4516633423427
2023-06-30,44666.0,974.5183133320694,231.53879190107236,750.8932723411017,543.621753554977,175.48473026169614,79.78884929480348,119.99515769656489,368.44683455274935,829.3124901661796,917.7781134297853,48.55296682093092,1327.1661099474895
2023-07-03,44957.94921875,987.3842168463997,240.33142012505016,756.8685227669763,544.0952635802307,180.18689808033994,79.68916495384137,124.75181550646833,370.06191637077586,833.4493066629323,914.36260024857,49.945682959757455,1364.7982154769843
2023-07-04,45310.55078125,979.5050965987062,232.4180529344042,757.3166964289908,557.0702178075081,188.74483206590418,81.23411812785817,125.5364287405303,368.86554258531606,838.778513734139,924.3649684244667,51.96271913908395,1373.748980188158
2023-07-05,45169.69921875,966.4397446918043,213.9535733276228,773.848324382257,558.5854903048938,190.5316447874841,78.24390462639467,130.19498826057708,371.41769997383165,835.2744057361592,919.2906163148466,55.08432521883558,1356.2926666898716
2023-07-06,45060.55078125,958.4609136389415,221.28077081688758,765.2837319043992,559.153741476405,192.74165200198556,80.08786119757471,130.44018915039194,370.859424470618,814.2252369257229,931.6350338444386,56.04481736408454,1379.9302686486512
2023-07-07,45118.05078125,974.6641831465856,224.70011194417583,784.0062751855656,558.7749361423764,192.31846830377168,80.23738033959518,133.33338786231792,373.25205276909077,810.3317601084606,929.9760462814668,56.57309126546344,1369.3478942515133
2023-07-10,44958.6484375,975.1134229796711,225.8724460941924,758.8105780435369,563.1787957972151,197.2557339552778,79.93835275965722,132.54880234122206,369.46372384142563,808.3850372058562,923.1452024012996,58.590123987736064,1346.303612932988
2023-07-11,44998.0,966.3278064604591,224.1627811745497,764.7360438172215,563.5102635613317,191.84825531376046,79.29047949378699,132.49976893227753,373.650827276319,809.3584077333511,925.4872675187265,58.350006578696195,1356.935550019615
2023-07-12,44872.6015625,955.1459770502267,219.082613026023,764.2878889275659,557.8278671866714,192.64761951725262,83.02824765763887,132.4016873663364,373.83033131653485,805.6352319869237,925.4872246023599,58.20592903409936,1356.8861116247897
2023-07-13,45009.30078125,954.7466102990345,218.74067459749412,769.8647786677917,563.4156674537284,192.78868931804212,83.22758971994635,132.4016927685258,376.6416380320647,806.2921751723549,924.8041153240754,59.358524483254506,1368.8038834021454
2023-07-14,44860.6484375,962.8833651853291,211.02270268126387,757.86546875,555.6969192600167,185.50034107316972,81.5331369566336,125.58545977424312,372.8732268335077,804.7835035114284,936.5630336523335,57.629632618262995,1361.0894728980597
2023-07-17,44951.19921875,958.4405566209024,214.44206088805797,781.7980612381153,555.933724407829,186.6758792015814,82.28068943893622,128.4786709526294,373.0925724249377,803.0314502823962,939.636950320126,58.39803018588931,1364.847711030205
2023-07-18,45754.80078125,962.4341238989889,211.90195656800782,766.7903269108771,571.1342759530944,190.3905770727093,81.8819962341349,131.02865201673328,377.90776304251995,826.3923403152943,954.3721096526649,60.41506492519341,1382.6501354649006
2023-07-19,45622.5,962.4340810493464,211.21811332232528,767.8374077649954,563.1788513109324,186.11160316203257,81.18427783182904,133.48052242889136,377.7980685249557,818.1673927652148,956.3238120497173,59.40654563107616,1414.2987125067311
2023-07-20,45689.05078125,962.3342650400326,209.6061180792098,770.7292290384546,569.5715597582258,188.0865233503164,81.48330184255498,135.44203659460393,379.03427903193335,818.1917641303833,952.4692630685562,61.75976037140796,1410.3427181674351
2023-07-21,46063.94921875,970.0217295031625,206.87064235582264,767.8872348799583,577.7164436119874,187.19311032537314,81.1842776978212,134.16704396164906,389.18309660110526,817.6320741412428,971.2541449921898,61.27950835830764,1406.436129340061
2023-07-24,46131.8984375,971.868719566255,214.9305311594042,737.9216239752262,582.4991762065254,186.1116143872238,83.127916574107,131.91131977763519,388.8042313310361,816.9019892100436,980.6709603529139,60.60716134433455,1393.0348578901535
2023-07-25,46154.69921875,976.0619382847129,214.44205939808901,742.9075665817783,588.8919257906668,188.46268942514618,83.77579795945849,132.00938850683582,379.03428974710835,819.8951884245319,974.8647427328618,59.98284334964074,1421.2218786366898
2023-07-26,45935.1484375,965.2794076024823,213.46509284043364,735.927240090292,579.610620027468,185.5943832291919,82.8787339148228,130.1459597522843,374.8471507775759,827.1710534459679,969.1073019747433,58.59012622268142,1405.842550255609
2023-07-27,46285.8515625,987.7428718400173,216.88445605394827,732.985522855381,583.7777730624562,185.26522172379822,85.17122605037699,131.71517101634163,376.6416189210456,827.317122690067,978.3289377697675,61.27950747204031,1417.4636150678061
2023-07-28,45560.8984375,958.3407708775003,212.63466544884943,729.8444024917765,583.7778004197922,186.86395534021935,82.72921928252971,131.37190287201997,372.7735497444089,808.6283856221597,964.1305412210621,60.0308648722175,1399.6611565693277
2023-07-31,45546.3515625,953.1492132082983,212.48814182368625,713.989033491104,584.0145391310097,189.96738814881078,85.22106127681421,133.33341356530178,372.05575905920415,803.0558374366854,971.9372800941444,59.550623100129606,1393.8754346670348
2023-08-01,45740.0,954.4470700773103,222.0623180330925,728.0494489921277,587.3766262120196,190.71973475234253,87.36405535270184,133.77475378686594,368.86553955078125,805.1971747453257,977.4507205075173,59.55062255736565,1405.1503766270973
2023-08-02,45234.6484375,949.9543860919007,221.42729707221253,718.1274164964011,577.5743429390312,188.83886623396077,88.01193133320007,132.20553919204147,366.9813360758711,799.1379875966741,961.4469550572353,58.830251693725586,1374.7379100678734
2023-08-03,44862.8515625,942.5664341596897,219.76646799818425,726.7530939866035,567.0145102168711,183.38436186490028,87.01519266231494,130.19501013326817,362.9038786598391,798.1646183703506,952.9571039838418,57.24543602499017,1361.1389306649571
2023-08-04,44754.75,945.4617140197354,222.30657324457908,735.4286757263134,563.32081394777,183.10222279997484,87.41388777854868,130.3911324274786,364.97872257175345,795.8041560498854,945.2480024411116,57.34148815164731,1355.0070089368764
2023-08-07,44993.69921875,950.7031813527487,223.7231464074151,727.00240190868,546.46297490863,177.74176786692271,87.46372405755653,132.5487902543194,368.1715423477949,809.4070457041624,947.492394919989,57.7256809957261,1394.5183378461184
2023-08-08,44888.94921875,948.4567982683412,225.188590397545,722.9637899276241,540.7804504311654,179.15241376258936,87.41388777854868,132.05842719594898,365.47758492173983,803.8588478451442,952.1764341081312,58.06185794404945,1399.710766015909
2023-08-09,44973.44921875,950.453599403783,228.9010116379577,723.7615030440984,544.5687939346745,183.38435965102863,87.36405033881209,132.89205603217542,365.97644697805754,804.4915557001548,959.2270199754856,59.69469527741456,1389.5732804114953
2023-08-10,44797.6484375,946.4600482280028,226.654030504373,715.385178585564,543.3849066549969,181.97370729268363,87.7129102945321,131.71517726783975,364.3301580443711,801.5957522263969,955.8818683285078,59.11839721579727,1387.0511529381304
2023-08-11,44568.1484375,935.9771127935795,225.10118668550535,702.4714970711885,544.9950425510931,181.50350409607213,87.76274689139764,132.20997179339682,358.79262149874813,797.385890968424,947.8633070091408,58.92629835973158,1416.0295184100116
2023-08-14,44066.6015625,933.4811853346018,223.08521822233132,702.022744191165,542.6272364301581,181.12732407345086,87.91225144467602,131.81470458895052,356.99664442678295,784.0507318876311,933.6954693282672,60.07889456266076,1379.6830228050612
2023-08-16,43726.25,934.4296152490268,223.18356455734533,700.0283923660674,529.2261668704698,176.80131888230002,87.5135664475118,130.3325293900112,356.59757167346214,770.4721710730195,939.057657191525,59.454573571875954,1368.8038537688315
2023-08-17,43897.25,934.4296855182831,220.87257011489373,700.0283411459612,535.8083789270145,175.86090114763132,88.16143618591578,131.0242251970643,355.59979732700907,777.529087744607,941.5173104722998,59.11839939764284,1365.9850904652694
2023-08-18,43724.75,933.3314350729253,225.7404057347253,701.4742873496737,539.8334329901751,178.4000643339701,87.86241979116996,132.90164814265893,350.63102118098124,772.6379419530916,932.6132578915899,61.1354375070641,1353.9684880242585
2023-08-21,43952.8515625,942.6662329755741,226.08459425622743,709.1028116087732,542.6272655405768,180.89221847784518,89.10833955633422,132.5557996455816,349.4137444047193,778.9405181779168,935.368103582327,60.51111756377213,1359.9026852149261
2023-08-22,44125.0,952.3005472024149,226.72381332838546,710.2496182475094,542.2010852877467,179.95177893555,89.70638155935039,132.9016442368267,353.0056515132327,776.9207377849476,940.9762212582668,59.88678990858125,1387.5951659233606
2023-08-23,44064.5,960.4373227378255,228.64145260842005,726.4041042158491,540.7805133977928,179.152418093806,92.39757215053343,134.92728962907535,353.16527776567256,768.9634840803492,938.6148847885249,60.030867886703426,1385.7655646639325
2023-08-24,44704.19921875,983.2002673424388,234.8860756368675,731.9384761031973,547.5520301413071,183.10222132613154,92.69659577989768,141.59707793701534,356.9966599401493,775.4364030038525,956.8165287761593,61.13544062314717,1392.7876107007648
2023-08-25,44276.19921875,972.4178579521714,230.90328038727463,741.7608093638875,543.4322918904455,179.15240695636734,91.00214749630804,138.3362909212372,353.4446582647216,766.3110504597091,947.4205610479281,59.982843452644325,1402.3809677600561
2023-08-28,44253.6484375,978.5079223942115,232.32921897083915,736.8745786376616,542.4852505231413,178.91730644849366,91.55034571080633,139.76904428569617,354.9712283628961,759.9597651143588,954.3076494260563,59.310498107910156,1384.628173356219
2023-08-29,44655.75,988.5915015078543,232.08336604999718,736.0269158852824,543.290312559334,179.38751983083858,90.90246700627776,143.07924517813063,358.58310565295454,773.6843204138314,957.6036107629861,60.22296552517338,1393.9743035644813
2023-08-30,44706.55078125,981.4032174251885,232.08336976450371,729.9441316701494,546.1788293829949,180.1398673274945,90.95230567746046,143.72150311005075,357.3957856267185,780.6195643753474,954.7996350612804,60.46308955416063,1389.7216386397943
2023-08-31,44265.8515625,980.2051453744111,228.14974507322557,727.8998715443025,539.1704412789,180.09284062322718,92.69659928416908,141.64648858587856,354.1830252186417,768.4768083488655,944.5181103324641,61.03938694289536,1377.160981309489
2023-09-01,43996.1015625,972.6674063929545,226.67465345155617,722.6147471113987,532.9197778538285,176.00195599908287,91.50051253668104,143.3756950772427,351.9879437597628,764.5833196769412,941.4681903275599,60.55914036363392,1366.8257674818935
2023-09-04,44647.6484375,992.1357999293365,232.82092569341106,723.960940396152,541.727551909577,179.76367801752872,94.69007298335606,142.14054800331957,354.68189534503347,773.8303310146484,953.0778374045047,63.44062414727264,1408.2162615639452
2023-09-05,44625.05078125,983.849276444457,232.57507142335993,718.9750125088133,545.1369963939355,184.0426544925217,98.57734894800284,142.04171552133124,352.2074590542247,773.0516417713671,948.551951794262,65.21753696380591,1409.3537068220478
2023-09-06,44494.6484375,979.8557450584462,230.9524613859144,714.2881683287543,543.8585428142632,184.79500251183143,99.42457597482215,142.28876101076,353.40477597653324,767.4060807161218,947.027018710753,64.68926281455121,1406.1393670706618
2023-09-07,44418.05078125,963.4823594503813,230.11655181308961,722.4651558119423,537.9392393188474,183.38435004167496,97.58061233912713,142.73338851872188,354.2029721802158,776.5071078478363,941.9600737763301,63.24852073153085,1393.1832106602988
2023-09-08,44953.6484375,976.6110161977904,235.8694774055331,726.4539491048704,550.2512460973644,184.74798832744963,96.48419920085952,144.11676082793244,358.5930813182325,782.7366896240351,951.8971485126772,64.35309044125292,1429.1340691562434
2023-09-11,45340.80078125,980.205140866197,241.1306914426183,734.9300884648616,555.9337399799246,186.86396226625305,96.98256905008836,146.63645028163654,359.1917188128917,792.762427572447,959.226986017833,64.5451844324982,1433.1395789736314
2023-09-12,45893.80078125,1008.359363575727,240.3931355963961,736.9244615088584,562.2317073977355,192.22441181806425,97.68028549693281,148.11863269676311,362.98319186287654,798.164658821722,974.1326718812546,66.75432515921013,1434.1780531229742
2023-09-13,45449.3515625,1001.3208651433481,228.59228011803808,718.1273715540689,557.2596541767706,187.99246735112672,93.04545668652895,141.3006202332708,359.3114364112938,793.9304547919241,973.8374633789062,64.16099074162045,1414.1998510554101
2023-09-14,46013.30078125,1012.8021036052967,234.05018348446785,725.1576220236353,566.7777593769611,197.6789316186218,93.49398694862676,144.66021270246512,364.7791470808394,800.2330026157181,976.2972153487822,70.11604837512523,1443.9198112273205
2023-09-15,46122.1484375,1019.3415327961677,237.000392132817,741.860541495452,567.6300722204844,199.51276997779166,93.69333788864522,145.74714827899388,362.4244433007611,803.0315033597159,974.3786547753372,71.07654366107421,1448.3210147171185
2023-09-18,46100.94921875,1019.8906349456726,245.16263423999717,727.9996328932249,567.109228683467,197.3967960783325,94.19170170058915,145.40131012045984,361.38680625754955,804.8565635467733,974.132655768785,71.22062596079492,1438.035259878047
2023-09-20,45493.69921875,1010.6555317748637,241.62239502647762,725.5564891506307,569.0507065380637,204.02685041524944,92.69659853709618,143.5732966974988,356.5876094068658,778.2104866731253,965.7205606456862,73.76593489395815,1425.1779204631528
2023-09-21,45179.6015625,1024.932412581354,240.39312765676084,754.5248695754212,568.2457179919575,200.1710852254583,93.4441477684634,144.75904598661936,355.9989197312585,755.8229580049356,964.1464092816628,73.81395291570962,1415.2877242921902
2023-09-22,44707.3515625,1008.3593486258594,243.88422094995278,743.6555041858124,562.0896643296132,197.20870323435082,93.09529510546847,144.11677358478576,350.8105832811088,758.7430770496563,941.0745732661131,72.80544147863684,1400.452520328878
2023-09-25,44615.0,1013.5509522256357,245.7035313525941,742.4588479106792,569.6662630363052,203.415575468331,93.64349111560335,144.1661618327013,352.00787874517636,742.195730377536,934.9745211428321,74.82247698732148,1435.5627397409326
2023-09-26,44722.5,1017.3447217274799,248.60455463348734,740.9131906895874,562.5632240608297,204.54408733155518,93.89267939893368,145.35191508757222,354.422468024626,742.1957693327212,943.4850895612307,77.03161310728295,1424.18901412689
2023-09-27,44465.8984375,1008.3093799827367,248.16202931163212,745.8493509224066,562.0423402102848,201.25256750336106,95.33795511400541,146.2412254869915,352.00790166127223,741.2224021033014,931.0390306872603,76.6474138985008,1409.3536247350519
2023-09-28,44700.3515625,1025.3316529177218,252.58735338526824,743.6554866316576,559.9587875621745,202.05194002421737,97.33143178500951,149.10674811522668,351.6486902857667,746.5759362770035,930.2519986326986,78.42432168081035,1421.2219572613953
2023-09-29,44445.3515625,1029.225485543987,246.88360898219253,722.1660543503925,561.4740302773386,199.6068186034132,94.83958178516708,146.98231278776734,348.0168724429419,741.5629997895483,931.4326152919225,77.03160858154297,1399.5129717096524
2023-10-03,44561.5,1033.3186660572435,247.81783651416154,712.7924097339906,565.0255828135226,200.7823577374491,95.3379561819585,145.74716454331212,345.22316264806096,743.1690816035621,936.2535565130627,77.03160436771533,1416.2768337611406
2023-10-04,44108.1484375,1033.6681363421294,246.539413963488,702.0227412350441,568.2457481010129,204.02685023960927,93.19496678656388,148.51387973649645,342.2298808918636,727.5951410981291,919.9212698646451,79.4328421814773,1409.2052917837711
2023-10-05,44181.3515625,998.3755796590767,251.70226862088384,700.0283570829912,558.7749204115613,201.15853725426766,92.2978977279419,146.48823958983536,345.2231608749258,747.0869560565192,920.118033512241,77.51185367260052,1393.2325270185138
2023-10-06,44395.3984375,1003.3674445023389,246.63775646806624,717.878100231298,561.9949962079626,201.25257817188086,91.94904737328048,144.5614129650969,346.28080861872166,751.4427800948807,930.743934599139,74.39025360135611,1389.5237948689244
2023-10-09,44057.80078125,993.1840570274306,244.5725988196534,706.0114776997627,556.8807601865917,199.7478874158158,89.7562255859375,143.37568926841132,345.2231615523584,743.6557518162614,925.0866714522842,72.99753498262089,1404.5074536099546
2023-10-10,44027.55078125,998.275738170682,244.1792425144409,713.0417421501708,555.9337191138808,199.51277499809459,90.00540632694712,143.77092106879388,344.72429859402087,740.0300286548502,925.2342295793238,71.12457098072996,1418.2547863539737
2023-10-11,44554.8984375,1017.3447668895379,246.83443971566817,716.8809233560372,565.3097044901236,197.490849697317,92.2978973997503,147.0811187382122,351.2196657430243,744.6778768359782,939.5003896293223,72.80543927335513,1415.2382830200004
2023-10-12,44571.55078125,1020.3398755325106,246.73608046854508,716.9805757720845,559.5326085412145,195.60998608604092,91.20148982408533,145.9447799249167,354.20293986790335,747.5979877590232,937.4833935799946,73.66988208098797,1417.562619061497
2023-10-13,44322.05078125,1007.3609689365711,245.85102933434086,714.2882025981268,547.173196531182,194.57550163916028,90.40409527450718,146.932894342695,350.2119444971497,749.4960266639874,934.6301694921657,72.13309330711051,1405.5953081488242
2023-10-16,44204.75,988.3918390260908,237.00039144012587,714.936356860704,545.5159017966484,189.45014335637998,90.15491336284823,149.74903220523103,351.4092856685669,745.3592240817852,933.2035679262765,72.18111272721221,1446.7880088830343
2023-10-17,44589.80078125,1007.2112249339127,241.91741869411118,712.7923991168055,547.1258616987968,193.9172120901896,90.95230608031936,148.95852328847073,350.2119299433335,757.1613181665532,939.9922889934013,72.75741518237373,1438.9254148050022
2023-10-18,44404.19921875,1008.359410492035,236.21366871973277,706.9090105017029,547.173266107088,194.66954362095683,92.04871633392972,147.2293385015734,353.80385129777403,750.0800099587005,933.892332658969,73.7179086779945,1421.221847058319
2023-10-19,43616.75,978.108604901474,230.06738862952105,703.3190978591422,539.6439799329851,190.43759274093676,90.35426439033623,144.56142191968107,347.61779074276336,732.6567520860139,920.9051479428266,70.98049779482756,1435.5626902417057
2023-10-20,43584.25,987.3934807466093,225.34704843572362,702.5213454719858,539.7387483748817,192.03634326331974,90.45394083537664,144.95666536275377,345.9216057624482,732.4619708663353,916.9696757843909,70.9804996666442,1432.1010610254355
2023-10-23,43822.69921875,978.4080906933191,222.24933095416662,697.2362942177399,533.2985796647226,190.24951041052685,88.659805081346,143.22744499342804,353.0056250040145,741.4657259067877,926.8084170823352,69.63580541046196,1452.8705811397538
2023-10-25,43308.30078125,958.4405458687386,218.80741237365095,694.1948097739704,529.0366808435873,184.2307410563555,86.16796361735074,141.59707229544685,349.01460985660987,740.2490577379119,911.1155983660612,67.23457281538052,1429.0846206111682
2023-10-26,42708.3984375,954.4470317750139,213.93956115914793,698.0340020633981,522.2651596499072,182.02073997639633,86.71617438883563,139.32439237102486,344.76421035787206,725.7700665168079,899.5551235944749,66.61025291054581,1397.1392693689563
2023-10-27,42555.6015625,978.4080497382199,210.44847176533236,688.0122009761335,520.8918604785226,179.1524228568824,85.22106313946604,137.44698276250588,340.8330387729418,715.1846713831347,901.227738868632,68.96345901868463,1404.4085548308522
2023-10-30,42721.3984375,1001.1211784924749,212.21861602299705,686.0677099329342,533.2038356037756,185.4062837674265,86.61649969287222,138.78092139101315,339.6357441646341,712.1429661841146,894.4389499383923,70.64432319909004,1424.1889320960454
2023-10-31,43356.8515625,996.378856354625,212.4152813338868,668.0185048902271,536.9921072492025,187.61629343942832,84.02498495543118,139.62083075899804,344.76422576758983,731.9753494856925,914.3131752513102,70.5002497240051,1440.0132787561413
2023-11-01,42694.25,976.2615959865412,211.92358001780454,673.1042361582604,536.2818656519717,184.70095205931779,82.48003727961185,138.92915518352848,345.42272602477163,711.6561423554264,899.0631137871601,70.21210011439896,1428.0462152173136
2023-11-02,43018.69921875,976.4113609898953,212.36610977635553,675.8963334073467,540.8751285057469,185.2652285238453,81.73248507076796,139.4726202995487,346.22090848318226,722.7283533192214,905.2123769553756,70.93246665843277,1431.1120907423883
2023-11-03,43318.30078125,984.3983063600134,213.20201974422864,671.7080582504648,545.5158262786344,189.35611445155314,82.92856566725128,141.2018171656935,347.21867920553404,724.18834838353,913.5753279987291,71.89296870311273,1454.848583319417
2023-11-06,43627.75,993.3836824986804,216.2013968178674,671.109845891101,551.1983420030499,188.08652138781335,83.0780748952992,142.48637583152828,348.01687893644066,729.0552678342725,925.8245118398002,72.32519328662165,1446.9364157515995
2023-11-07,43598.8515625,1006.3625690269995,214.92296307547736,675.2481924617641,544.3793444383654,184.88904698534924,82.57970646001458,143.0792543465959,346.2508513329499,727.1084929912065,928.3825689148798,72.2291356245184,1453.4145036086697
2023-11-08,43791.80078125,1022.336595889503,213.89039024678118,671.0600240173733,551.1036132997641,181.73860388421392,83.3771009717485,146.04360805764742,349.8128564849112,722.2173392755413,933.1543790682605,73.47778562972397,1477.5465409660442
2023-11-09,43626.1015625,1023.0853973586273,214.43128223702539,676.1954291694587,550.2512299373365,181.78562691649591,83.57644720105162,145.74716099144175,348.3960272712945,723.2150058605088,918.9373868552664,72.9975357055664,1472.6014443088334
2023-11-10,43543.25,1016.2465054827999,213.59537046397026,687.8626010728907,547.2206472858747,181.03327899894202,84.32400286097284,145.74714985993685,346.1411025522932,720.3435553235623,919.8229744492044,72.9014842596867,1483.4806603274467
2023-11-13,43915.1015625,1028.3767642900284,215.36550032593107,711.0971183059007,550.2512491026093,183.57242919098587,85.96861847080424,147.62457022075137,349.41375125137466,726.1837860969108,925.7261812013599,73.28568121669302,1485.5082513500226
2023-11-15,44398.44921875,1043.302420224086,217.8240140218718,733.1351293685652,556.1704647315032,186.95800455361052,87.41388344914495,152.26871754483977,351.40927324289373,732.0240144584016,929.169741735814,76.93555540871454,1521.6074019004714
2023-11-16,44251.69921875,1041.1060904652536,218.26653910933595,725.7558490010465,553.7554721323736,186.3937470502139,86.56665650659865,148.31626699366677,353.404761378104,734.7494210785321,923.8567704420823,76.07111560228216,1483.5302214126468
2023-11-17,43656.25,1013.2514705826267,215.808018593521,716.9806141079476,544.0952543037619,183.3843667970926,86.71616769140525,147.22932547500577,351.2097071697887,725.16173850318,911.6075526979567,74.87049954816241,1474.1840297981162
2023-11-20,43591.5,979.4064896291164,213.84122165098734,730.7418897762707,534.1509536100332,185.73545146021945,84.72269772854669,146.24120647544112,350.4115017022465,736.3554985735485,907.1309619231906,75.11061594990217,1482.4422231978278
2023-11-21,43790.94921875,988.3419333306163,211.23520085532152,732.9357033029959,536.045106882722,186.20564918956538,84.52334957567119,145.74716113187972,354.99118369338737,739.2756311878541,909.4922588007951,75.68692316810191,1488.9698104251074
2023-11-22,43663.6015625,989.3901954825055,211.43187917742614,717.9778169415079,533.1565296940364,184.74798790843494,84.27416783397872,145.20368628072728,350.8106166231799,739.7623819588872,908.3607719626023,74.9185261588311,1483.5302212433057
2023-11-23,43452.75,997.3772174309884,209.46507899584523,719.8725193987442,532.0200331450485,183.47841101713857,82.97840763523317,143.72151147356655,347.2286670754808,734.1654789893513,908.1148071289062,73.7179060885855,1458.8046161159266
2023-11-24,43607.3515625,1000.3723748528136,209.46507336218622,717.9778584875164,532.2094483034675,182.9141494011617,83.97514634318517,145.7965571739465,347.11890295397785,740.3463584220192,906.639000110985,73.71790671706187,1475.074011931122
2023-11-28,43851.55078125,1011.4043930220315,210.84183807850047,722.5150029595669,533.7720990209981,181.55051173951708,84.02498039972758,145.74716297943965,348.2164165209174,747.1598626215828,913.9197163754527,72.94951018135909,1463.7497110480838
2023-11-29,44081.75,1025.481581791897,214.1854203617491,735.7278357647581,537.9392847228976,185.50034403777872,85.47024942817734,148.56329520235144,348.9148813732222,746.5272858530379,915.8874351292822,75.83099099912316,1467.705875024952
2023-11-30,44711.19921875,1060.97371777571,219.7908148638553,748.8907623862094,539.5966479405728,186.06460794386882,84.42367403278016,148.61268054097243,350.5013209684937,763.6829374580863,923.8076235957443,76.02309311163631,1483.5301242909102
2023-12-01,44580.1484375,1073.6532244199786,224.3144818147655,742.9076331636319,536.992172021036,186.6758845448315,85.52009033412786,146.9822998046875,351.2096928917057,758.2077422076743,920.8559820278334,75.01457336345025,1462.7607979231548
2023-12-04,45671.5,1118.67979349121,226.674651882422,752.8795459551202,556.880774541967,192.9297467888496,86.91551282198711,150.78654899762245,353.2052111885091,772.8569470817542,948.1584573156929,79.8650732001255,1473.6399180110466
2023-12-05,46895.8984375,1134.953382736085,231.19830875486443,753.8766955914242,563.5576052803208,197.06765690123814,86.96535656498928,154.1461387466896,364.7791632408594,796.4611682648754,986.3327787602838,80.87358496661079,1503.1127545834136
2023-12-06,47256.75,1133.2560683014217,236.01697597336712,762.8015758852845,581.5047350018984,198.43128189336264,89.80605533209716,156.02354829827453,365.58731964595086,797.4102676843459,997.6472527517989,82.1222311189666,1500.3434824199155
2023-12-07,46735.3984375,1117.4319299515028,233.5092977516473,747.8935556627621,577.7164360777733,196.08020121656958,87.11487029792025,153.9979311858553,364.1804877099446,790.86431017188,980.2818725979603,82.45839890620377,1488.4752823740448
2023-12-08,46797.19921875,1114.037385715821,236.0169907145072,750.1372259270091,577.7164613742833,198.43128672185935,87.91225327465217,153.158029105671,364.5496729502067,793.5167060552014,978.4617345457,83.70704745581523,1493.4203553375135
2023-12-11,47233.30078125,1127.166096859431,233.80432925741863,742.3591751936683,582.4518843244429,200.3121394517202,88.21127505745191,152.76277961271737,368.1715399689173,803.0558607692541,990.8585350218602,83.1787686328335,1496.1896990618914
2023-12-12,47421.69921875,1118.1807098253757,233.95181977174,740.813536165354,584.34602945594,203.27450343686405,87.36405113243423,152.91100505255454,368.7701723151403,805.0755276490755,1000.6972103966642,85.48395217689601,1512.1128761276316
2023-12-13,47190.75,1148.1319907660816,233.853506325645,739.916070726759,581.9309286579414,203.69772214018565,86.96535417829242,150.98416957115182,363.98093784587695,794.4901060535459,998.43433885667,85.0997522790385,1485.5081476200987
2023-12-14,47567.6484375,1130.560544254832,238.96718421824997,738.4202458431846,592.8697099849069,210.65689327735623,87.86241912841797,152.76277622351452,367.9719827294204,801.0846735866597,1005.7641705011573,86.20432837863997,1506.2776463659832
2023-12-15,47939.8984375,1117.3818730335781,240.4423056655258,757.8654646048808,594.7638458710953,208.68198667493596,88.51030068991369,151.67585411568058,372.1625401588313,803.0314839042278,1026.819128412104,88.36544339950771,1535.8987506777557
2023-12-18,48068.5,1117.8810894625565,248.35870734272117,756.1204381592779,612.426765395686,211.0800850228283,90.15491237095232,155.23307267909166,368.21144866720226,808.2389706500245,1013.3399724649145,87.59704382910192,1552.7616237002846
2023-12-19,47940.3984375,1121.974580081625,249.2929419491333,747.4447751176859,614.178896420345,211.78542271255748,90.40409711238564,154.73901428333207,369.1393568046435,803.0314705665357,1008.9618258446333,87.83716672291396,1539.2614098378517
2023-12-20,48085.3515625,1120.1774467497467,245.90019182304394,735.3289945678379,623.8391081716461,213.90139759182668,90.50377451317607,155.77653988507402,369.5983150398985,806.9249181384845,1005.5182598581188,88.31741730034332,1560.673786696105
2023-12-21,47172.44921875,1102.106797671874,233.5092942479134,747.8935630105898,598.6941772244857,204.07386692381868,85.81910792365066,149.5020115360316,363.382307125495,806.4382794041677,980.4786481484716,82.6505044078669,1525.1679110385526
2023-12-22,47837.75,1093.6206690285596,234.54188202863648,771.8261452135146,610.6273291849556,211.59733107681598,88.31095014970799,152.96040265308542,370.10718811738263,819.3840760112807,986.775479446596,86.87667272747194,1557.014419484357
2023-12-26,47576.3984375,1089.4273180263838,232.08335851569356,766.4412668603767,605.0395707400135,209.62242699510276,88.4106253082351,152.21933158514912,372.56164769979546,814.3469167985355,978.8553364159527,86.44444869736493,1545.788951901039
2023-12-27,47818.5,1094.2696605556087,231.93587325088592,772.7236445892462,606.8390745327218,212.53777826243433,88.31095048587034,152.26872427486694,377.9495197176093,818.3620896655261,981.856149768816,85.6280370420115,1555.8770395613456
2023-12-28,48479.05078125,1105.4512920325003,235.5744549182997,776.8121367899463,615.8363152935132,220.0612333673793,89.00867028372649,153.1580262015487,381.34189726494054,831.8919383640549,991.7440268494004,89.13384210004311,1582.432122905409
2023-12-29,48374.8515625,1099.6606827129087,236.70537315586085,787.7812109083169,611.3376144926107,219.21484961632456,89.1083465421976,156.61643668222806,381.56140570672807,825.9057143332578,987.8576980727095,92.59161529887295,1597.267498017727
2024-01-01,48203.44921875,1093.221182919986,239.9506037817042,788.6786815083797,608.212275921118,218.6035456422059,88.51030267192388,154.34375898600146,380.9427858579088,830.285869252277,975.5592756483813,92.44753377489168,1581.3936776710066
2024-01-02,48194.80078125,1093.3210915732434,241.57322463624135,783.7924683641527,607.4073203201524,219.77910739776385,87.61323780289928,154.68961385407422,380.7432256749933,826.781764297971,980.9214292212157,93.93630576121247,1576.5969207182122
2024-01-03,47796.30078125,1089.2277993642253,238.32798922476562,764.6961705697526,605.5131321806922,216.675664981621,85.71943481515198,151.37942095742832,371.96298086883155,828.339179753768,968.8197783020528,92.20741385744888,1558.2011900016018
2024-01-04,47805.3984375,1101.2083083004443,251.35808804723698,775.8149055151105,608.4964462867835,219.16781461329055,85.91878102644533,150.68774714852313,373.459617933116,816.6586975811834,970.4923808719859,92.68765521685691,1575.5089830952004
2024-01-05,48245.55078125,1122.1741127824732,258.43858852512074,802.7390891608555,610.8640954983638,224.7634036418988,87.01519340444169,154.09673483121892,372.26231732567726,821.1118889384027,972.0665334175308,94.03235012194523,1635.8393026599474
2024-01-08,48096.6484375,1143.14013040852,247.81782171529207,791.7699782406664,606.1287006578947,217.71014907178147,86.46698844796235,151.18179831639273,368.77019549148406,816.9020369293803,977.9698066167579,93.40802893387644,1615.069862016506
2024-01-09,47705.3984375,1126.7168353593506,236.01698435132866,811.1154654079323,598.5521321607245,213.47820307247207,85.71943424575761,149.84784303888495,366.57512547041676,811.3781710383666,970.3447595485834,92.20741990180058,1614.0313555526716
2024-01-10,47073.8515625,1113.4383808745924,231.00161183224762,768.2861347561809,591.73317522907,209.9985978344427,83.72596161059698,149.60080852188918,363.3424072265625,799.6246893784266,958.5874760008375,91.19889101674777,1602.2125780611038
2024-01-11,47538.6015625,1109.2451929528,229.03480906787672,777.8092983754714,592.8696781345247,211.59733598624527,83.97514536571741,150.39129958673308,365.57737335123306,807.8983430417109,979.2488085023233,91.43901652746268,1625.8995689188819
2024-01-12,47572.69921875,1124.520282630233,231.00161374330773,780.8009142847587,590.7861088551372,213.38416165647507,87.0151966721548,149.1561558294049,364.18049293734254,804.004764401761,978.7568819517846,91.63111660511218,1639.646930323671
2024-01-15,47891.05078125,1120.1774576314062,227.65805337749003,788.5789301485755,605.0869435954805,216.95780271681727,87.46372521919888,151.13238525390625,367.77243248871304,801.9120700848223,987.3165782754367,94.46457879338242,1666.3011814928043
2024-01-16,48109.94921875,1114.8361330321468,227.1663584579451,769.8816560549178,606.1286616061186,217.33399272131155,86.41714614301088,151.92289490118938,369.27903691035806,814.2252545636514,989.8746620709588,94.51259819001288,1670.306536972926
2024-01-17,46573.94921875,1080.2424307499423,223.3802304809338,757.8155919277384,590.9755375773763,215.3590802448552,87.16470250922762,147.72337743845188,363.7913637487542,764.0965828252033,971.9682016234104,93.21594001082269,1631.8832183879367
2024-01-18,45492.75,1064.2684519148634,223.72443800929392,752.2313345643504,592.6802223057629,211.55031541684534,84.92204381521877,143.6721081772813,353.20519041783285,727.1084347245617,958.2431259931632,93.45606044583084,1616.9983726385842
2024-01-19,46103.5,1105.3515730836875,225.88792890880143,737.9216398978356,599.499188239714,215.8763145701597,86.71617209137112,147.1305208340115,356.60755169619915,732.924355486129,975.3133165907817,95.47308958928726,1604.8828415254504
2024-01-23,46495.44921875,1124.071079875519,227.65805834259808,752.8794772460257,593.8166718075666,220.06123042103144,84.92204398623194,146.5870611597643,359.3913030663606,712.9945662952517,1042.0199023424595,102.43667321852703,1518.1458634868268
2024-01-24,44489.3984375,1033.1191433850806,220.28253239874834,714.4876008187363,577.6691462358584,209.7164688017983,82.0315051478884,138.7315195185291,356.99667710848524,671.7480069982282,1012.8480364224022,95.23296612821157,1443.9198456075003
2024-01-25,45057.94921875,1056.2814231061855,221.26593186451632,737.9216677097153,585.7666108260978,214.4186308703074,79.78884887695312,140.9053947615394,357.19623351918733,706.9110553088505,982.2988759526587,98.69074822384775,1473.6399946263227
2024-01-29,45171.5,1034.3171387293876,220.2825113164795,668.1182500532541,586.240116875537,214.08946508981026,80.78558830590501,141.49825018095987,356.2583386995169,704.7453443356181,1003.5504637146486,103.25308990478516,1506.2776858865839
2024-01-30,45481.5,1058.3281032541713,221.65928852614428,628.2306169329144,592.3488295727046,221.00166802439583,83.77580054880713,144.70963465506017,364.1805237071427,707.9088172760645,998.5819848189448,103.7333425700801,1513.200748757873
2024-01-31,45295.6484375,1046.4973318412135,220.33169188453027,626.2361901482005,593.248543869928,224.66934480755327,82.38036298868604,143.77093279472123,362.3845551783538,700.5841161285045,1000.4020967435955,105.1740793391664,1502.5192540869923
2024-02-01,46164.8984375,1070.9075159113859,225.1995459487356,638.0529498242194,608.7332050368398,235.10814901616132,83.92529991788194,146.38942808149537,365.1782630118904,713.0189555223712,1017.2755035530364,110.45680109657863,1520.8657009753824
2024-02-02,46568.19921875,1086.2826608428827,224.01946076412867,636.9560147089875,617.493672317934,243.8541660328212,83.7259595522881,145.30251211583948,367.532948020318,717.8614275967279,1020.3746743205556,116.89210623680026,1533.9701422581754
2024-02-05,45962.25,1065.316667756493,225.10120140560622,627.1835200336942,612.8529386660016,242.30244917950736,82.92856888950442,144.1167653108139,364.18051188558667,703.7475055995538,1006.0102065272255,120.9261769175864,1515.9205613257639
2024-02-06,45891.19921875,1059.8255564847861,218.95491912840308,620.8513368028431,610.3432732703525,242.63161766144765,83.02824183927669,145.50012835976423,361.98543460703445,703.5286059562596,1007.0432159063025,117.56446022890829,1532.9812067127525
2024-02-07,45944.6015625,1059.326431157162,217.33230220375722,618.6575913534934,620.3822334047071,237.83541266398208,82.72921861697017,146.14240190825046,357.3957989627686,707.1543478186637,1011.4214656725248,118.8130848238983,1505.684187678572
2024-02-08,45973.8515625,1070.2586191313246,214.8737915345105,619.2558714572502,644.3906262816,233.22728650024638,82.92856804230308,148.2174372849697,359.50103123168395,695.8875630019661,1007.5843506463148,120.68606198823854,1505.9808845208283
2024-02-09,44986.75,1038.2606648365577,212.41527592542053,598.314847602124,666.4101818840758,238.2586152901753,80.7357475398137,145.25310735961526,345.2231807147886,677.5395328507874,972.9028503266528,119.58148282545726,1463.9970316278122
2024-02-12,45664.30078125,1049.6921945903678,219.29911629029712,606.2924196636448,687.5772971988666,250.24912335118196,81.38362384485687,146.63644525628038,347.81734688603274,681.1897546934406,994.105320862232,119.91765770841248,1471.8597017403297
2024-02-13,45056.80078125,1049.292822824247,197.36919273538174,598.3148622664272,671.0508318054963,239.5281934201197,79.1907958752224,144.4626039522893,341.8308208071855,677.4421602188512,989.7762629977263,113.62642626162096,1436.4528070180304
2024-02-14,45014.6484375,1059.5760583399278,193.97645006985562,588.293079364214,668.209531384723,239.90436252896694,79.48982518541978,144.56142034210484,343.95603220470156,669.6796288773342,993.2690157159769,116.12371196757864,1434.128642552031
2024-02-15,46027.1015625,1095.7173279169422,194.95985624187674,593.328868715157,708.1288729039719,253.8227563431667,80.83541978130762,148.21745488475133,350.2119524503066,674.0597534612269,1006.3544812043777,119.96569568895296,1474.6289346694246
2024-02-16,46454.30078125,1071.2570122898392,196.38579405289397,580.4650815068318,723.0452778952919,259.653461300804,81.1842776978212,155.38130320252063,349.2042147211192,692.9918479710976,1006.6989262673613,124.52802333272274,1469.6343508174823
2024-02-19,46554.8984375,1067.2634875671906,201.10612909047882,582.8584179332468,718.5466855971592,259.2302587562417,82.72922160209852,163.9778987366331,348.01686410811715,695.4739454261017,1006.8464465307476,125.72864192970718,1483.431256415215
2024-02-20,46444.8984375,1057.2797713474754,201.5486576543304,600.7081387920706,718.878140197099,254.01084864382912,81.93182813607595,151.18179820092544,347.1588279273229,688.660276266856,1024.2610180558977,123.90370997130641,1472.650902997353
2024-02-21,47363.3984375,1092.073192275301,200.51608967278037,600.857626613089,720.3934973720231,257.2083148029553,81.73248297546964,154.2449614306594,353.0056473358922,712.507885437546,1039.7569873370444,124.81617748023024,1503.3106257208767
2024-02-22,46934.55078125,1088.5289376206943,198.0575739934711,586.8970190772527,732.0898793051539,258.85407039262367,80.68590183304764,152.86159237230106,348.1166503763135,689.9987587340186,1038.969987954932,123.85568178685602,1500.5907572654644
2024-02-23,47060.69921875,1097.214810240105,201.54866307298457,594.7748446198269,725.3656188570327,259.5593992833108,81.1842776978212,153.05921824999908,344.12562996008734,692.334815015207,1052.744218252001,124.38396352511307,1481.9971270993608
2024-02-26,46615.8515625,1091.673732347796,205.72812876734037,598.2650325682973,715.0425247498395,252.83532093938683,82.43019496621285,150.6877317523012,343.64671368074517,687.9546346452112,1036.1166162761153,122.8471729401067,1464.7387403975238
2024-02-27,46480.19921875,1079.8929933996226,199.6802139327311,586.7972859048663,718.7360628262059,253.49359312913901,83.72595728748199,150.88536392425308,341.83081170468887,687.9546948776648,1033.8046204513494,119.91766133680781,1450.3979624506974
2024-02-28,46640.8984375,1075.6499533390715,197.86088969510823,592.3316978213287,710.1649654601358,254.24595976199282,83.4269335219873,152.3675331043354,341.4316963897589,691.1667470533215,1045.8569952406344,119.10124228657156,1478.5850094416658
2024-02-29,45881.44921875,1069.2602002970518,193.38641363693066,572.2881856989545,704.5300165868673,245.82906358260755,80.18753486748636,149.106744309448,336.64245762489855,682.3819943114798,1026.22885861961,115.97963677945502,1435.0682053479359
2024-03-01,46218.0,1074.2522427400784,194.2223043633951,572.7867381407102,712.2012253214909,250.62528521246324,81.08460588269348,149.60080838435186,338.3386774879959,681.360036052442,1037.986009477885,118.18877892758549,1463.7497610207706
2024-03-04,47318.5,1097.4643317550683,197.76257284952035,576.426472940714,733.415788130336,257.2553369600156,82.28068979140168,152.46635187351643,344.81408584466993,696.4228971703204,1063.5667080999103,121.45445079206468,1513.1512985070938
2024-03-05,47265.69921875,1100.4095913012502,196.58247571286094,587.7446170416418,728.7751257237001,256.69107979372274,81.73247966446007,151.37941918960584,344.6045594080774,692.0671354112525,1068.6829125129027,120.87815733910645,1512.8546529689816
2024-03-06,47451.6484375,1098.4128425272306,194.71402523110137,573.7340430770348,742.1762558623576,261.29919196122796,81.13444551247316,153.6026742833893,343.79638512413635,697.6883641851937,1062.878109231162,124.48001562052224,1525.513961717055
2024-03-07,48035.80078125,1124.1709452324976,193.43558378791477,568.3990796379239,748.1901327438186,265.7192230374348,81.68264197948034,156.07296616517144,351.15981576324214,703.5042650748312,1077.2917746056637,125.3924736768599,1539.3603050854565
2024-03-11,47792.19921875,1110.4433420755754,192.74720713646713,570.3934573489952,748.1901368545919,266.94180905271975,80.83541436545097,154.49199098840896,352.3870428148762,695.9605773947812,1070.404535791999,125.24839615522744,1548.9043983708616
2024-03-12,47351.3515625,1103.2050222642006,188.96110067806245,585.1518749372708,729.2486473566764,260.49983926585224,80.18753640552684,154.1461497374382,346.2009553381941,697.9073192338245,1059.6804892440682,123.71161852261251,1524.1294458130544
2024-03-13,47341.1484375,1094.2196544723279,186.15838751799097,576.3766102795937,718.4992657346983,255.79766365651128,79.34030924648827,150.53952917687107,343.2974966633233,713.2379447418698,1059.77885170946,121.31037818822112,1518.1459001183537
2024-03-14,46825.75,1073.253797589254,175.73430246957912,571.3906784021677,710.2124078847078,244.41843271027054,76.54945033129025,144.26498325816775,344.2254036761385,711.5832127948388,1062.5828370894137,112.37778649166549,1455.3925442763023
2024-03-15,46572.1015625,1054.5341700624665,177.504443461165,582.2600711702502,700.1260254598068,243.10183514572503,77.8452039037055,145.00606682670224,346.38057814031106,705.6943406988961,1054.7119299877845,115.8355660136273,1457.8156677805835
2024-03-18,46458.75,1042.3040632559666,181.92975084295657,580.2657171344445,688.6190419826069,238.35264602283286,78.49308710273071,149.20555633221596,346.69987045506764,704.2342392927528,1057.7128263089558,113.29025425887376,1470.92014656105
2024-03-19,46421.8984375,1053.835423795538,178.83203593025084,574.8808371301199,691.3655971347375,238.6818103877347,77.44651043445582,146.24120473053495,346.19097204813505,698.6374048635253,1061.0578145795118,115.73951215210975,1459.8432271099011
2024-03-20,46392.8984375,1048.294318808136,178.48784114352802,560.6210428002069,686.7722682789549,235.01411220313207,76.9481394379184,147.17992844258512,349.49356061864125,705.2320233558721,1062.5829470306016,112.61791323929829,1424.1890163735359
2024-03-21,46674.8515625,1037.6616330283487,177.01273240057836,566.8036046863383,702.730488902024,238.39966382327253,76.74879342450018,147.2293375182136,353.62428998295917,702.0927826471133,1074.3893386064215,113.8665569521598,1443.969327540703
2024-03-22,46634.8984375,1038.4104631578375,177.99615050346029,562.4159243291704,704.4825610232863,240.28053775428674,77.74553208793206,148.21744507907133,353.1852612392173,701.3141817980924,1063.7143347625467,116.21976279823942,1461.5244971330308
2024-03-26,46552.94921875,1027.3284547052351,178.34034795693265,562.6652514659278,703.7249566183376,243.57204686557446,77.79537456681868,147.82221616569197,352.2074502777679,694.5978614753975,1063.5667354159368,117.94865291303068,1495.4972717477222
2024-03-27,46643.44921875,1044.1012953535724,179.1762346819625,563.2136930949515,703.6775556672179,245.45291801120925,77.59602067181056,148.01983642578125,350.8106068062432,692.8214782766382,1066.223219242338,119.10124452050981,1502.3215015360377
2024-03-28,46827.8515625,1051.139625270263,178.29116944228687,562.2663525050061,698.7054262433901,243.33693154434786,76.05107992474683,149.1561568267271,354.7916287861183,701.1681292352769,1067.5022626495677,118.04470225933039,1517.898625046533
2024-04-01,47391.05078125,1050.6405005534539,179.7171006993943,569.2965702950712,718.8781538057333,250.1550881011305,75.95139997924167,150.19367353704425,358.19399205762465,709.5878149173326,1078.3740966909645,120.49395545689642,1535.948188339357
2024-04-02,47490.75,1049.2926549618112,185.86336217094237,591.3345078509001,718.0731365019557,251.09552474826089,77.24716606314286,151.57702995251938,357.974485714171,713.0676337207477,1076.7998684057336,120.54198271650048,1526.0085011660883
2024-04-03,47350.25,1042.1044710178305,188.81359190452756,588.3429285113424,724.4185584476019,254.7631803686538,78.54292261835077,152.16991278886022,349.91263256354677,716.450076374618,1057.6634084362693,121.69457468315018,1536.9372682917333
2024-04-04,48086.19921875,1068.261863140219,188.7644160344578,618.2587106194486,733.9840367300943,259.7945122697761,78.74226703938189,154.88723954837988,348.6155283987687,731.9753490842609,1067.2562910312008,131.63570139743263,1531.0526344209463
2024-04-05,48104.6484375,1059.376267693954,199.63102555914742,623.1948209295783,717.8363829672766,253.3995640863961,79.34030910565833,151.3794158551921,349.02463261091896,749.0093625181328,1052.7441775200211,129.76274319633828,1534.9592262044478
2024-04-08,48586.75,1065.2667760030004,182.02810433466223,635.4104095819837,725.507689454445,255.79765705746917,82.03150574584407,153.70149785309928,357.95451482191356,756.7719438017782,1060.9594232885527,131.10741926791334,1542.8713450415294
2024-04-09,48810.80078125,1088.229361074942,182.07725997601443,632.2193280601275,727.7806275520223,252.9763743944761,82.72922160209852,153.15802081953015,357.2660686102988,756.7233723625303,1074.340076856861,128.22593579562206,1557.6078554480334
2024-04-10,48879.55078125,1084.4355825167183,179.4712545373283,632.2194035130351,725.9337872939853,249.68487719829687,82.18100840787527,155.13425632692733,356.9767197690291,754.3142814277871,1093.0337202336968,127.50555764715523,1547.668045628996
2024-04-12,48671.19921875,1077.7465202937283,179.96294578788607,628.2305690817637,736.1149412559511,253.72871480221775,84.42367047690858,157.55514792421778,361.3867847476179,740.2489501526853,1085.7038457563601,130.2429839795786,1529.025145314792
2024-04-15,48057.5,1061.3731041634073,178.93037776010073,618.258666862041,719.58848097137,249.35569322527098,82.72921826688184,152.1204949329397,357.1862382803759,728.8362596129997,1082.4570746408115,126.97728609954551,1527.9865444615816
2024-04-16,47436.69921875,1048.244500543211,170.22726013824501,627.9314541924354,711.4909794514435,243.38394807587107,82.08134202106083,151.7746701821402,354.8016302664901,723.7016987771374,1053.2853525855292,127.16938938747998,1513.2007509172774
2024-04-18,47592.69921875,1042.453901492634,172.83327200028106,618.7573002904255,712.2486264937273,240.04542962740746,83.17774603184115,150.58891750177105,357.2062208243942,734.7981599763604,1056.67972736376,124.72014268737676,1486.2994995468746
2024-04-19,46744.94921875,1013.3512726046858,169.14552031238887,616.1146881999764,695.6274008930026,241.2209588944454,81.73248182391096,149.20556627740427,352.0078905052807,723.4827148610226,1035.9691407376135,122.94321850633528,1449.903522243804
2024-04-22,48145.69921875,1037.3122485654899,172.83327515638783,622.048007127864,714.2374792815871,243.47799858904298,82.43019717479233,150.73715004043544,361.78592291716456,757.9643557818745,1061.4023525762484,125.63261207394909,1477.5960535969225
2024-04-23,48299.6015625,1056.2813792679226,179.372901098668,612.2755081890253,729.580068899774,247.33377257218672,83.27742947733935,152.56515164813254,361.1872216168249,742.8284760660457,1082.2603648639933,129.66667185438672,1466.5190960293141
2024-04-24,48120.8984375,1054.2846042499411,181.04469440008165,611.976414726491,737.2988047972324,245.6880316504144,83.37710355185767,152.26873162412411,361.5863400926008,737.3288649584306,1074.6353155118281,127.98580522465527,1460.7826691532428
2024-04-25,47772.6484375,1098.2131700761147,180.94635899350186,612.1758188250716,729.8642420676275,243.57204778349683,83.07807450866719,151.67585869705496,332.25235591733895,733.0704121681982,1072.4215900322672,127.69765865085547,1459.8431927151078
2024-04-26,48660.0,1128.1644278290491,181.92976218572133,611.3780515471143,772.7194359962122,253.91681719577088,83.82563267699514,154.44258194111364,327.75248630476244,739.6650141563123,1094.2144193811591,131.1554424575762,1494.9038602203798
2024-04-29,48359.8984375,1128.4640177624838,181.92975770967146,623.7432190894659,764.2904382833768,253.07042429982675,83.12791969417442,156.12237672690836,321.29699209260775,737.3289207914913,1090.1313056288498,132.0679127844305,1442.7330927384724
2024-04-30,49477.1015625,1158.2655654461603,180.9463473271472,642.2910061160197,782.7584365175279,257.0672609369315,81.78232391471967,159.4819729269031,327.34338239440996,744.2398024289921,1141.2434493596547,132.45211161502993,1481.3543757922325
2024-05-02,49262.0,1154.1222121474534,185.91255132927589,634.6126427613129,783.1372892528356,264.6847705324647,82.08133628846855,167.48571450369698,317.2860368500258,740.7357142083232,1124.5668940413143,135.5256852598189,1491.4422781441745
2024-05-03,49375.05078125,1149.0305070050233,188.4693927047173,646.180050872093,790.619154131125,265.43712269427664,81.58296789314943,166.49760498152807,315.88915591371943,746.2108990812835,1122.8944193922243,133.65271960671993,1500.541230595524
2024-05-06,49174.55078125,1142.0418302187284,185.96171308215293,646.1800651619353,790.8085783183144,259.55939970077384,81.03477089186805,165.70710395440076,320.2792962563123,740.7357053714223,1123.1403237344898,131.49160934287988,1479.2773326945426
2024-05-07,48965.05078125,1144.1884546124293,183.74906159981006,632.2193505507063,769.0258341813609,250.7193479951008,79.7888509248041,162.0510720027631,325.0086563184569,740.7113274497933,1129.4369636309043,122.84717104139432,1481.0576015459746
2024-05-08,48124.19921875,1122.8231479726346,178.48783638414605,628.3801949323395,760.1233071452959,243.6190519792338,77.54618472550347,157.85157734638935,327.26357616531607,728.0574791574124,1108.3823240237211,117.66049772872685,1439.0242503148017
2024-05-09,47976.3515625,1120.177429274663,178.4386795268493,625.2390572894559,768.9311579165353,253.91679326649637,76.79863639441734,156.12237752623798,328.8600128875933,717.83709973452,1102.4790338657724,120.97420567137682,1429.6285163210744
2024-05-10,47555.5,1121.8746454678296,180.9463542425918,628.2305714355458,783.2319591393382,249.8729657035246,75.60254916349209,156.27059712191434,327.86222993169,709.9042861034679,1099.9700317150034,119.00518798828125,1386.6062099131498
2024-05-13,47389.80078125,1118.280560072801,185.37167852686463,634.1140543048641,776.4603581145727,244.79460513307626,76.64912339886914,159.03732459769853,324.6694013016454,706.4509373389452,1094.4604418124766,119.00519154257489,1399.8096410490964
2024-05-14,47748.8515625,1128.114566096159,185.12581318500168,633.3162632396952,769.9728976160259,244.23036733812478,77.346834101579,160.5688984624838,327.6626974379401,716.4408878596623,1107.7427007496667,118.66902090343935,1391.5513014018243
2024-05-15,47923.1015625,1123.721712351589,186.25672630589838,640.6456102050814,777.5495004946132,245.68801984105187,77.54618952027278,161.95226097973023,329.1992549105562,720.1161379403006,1104.003936981434,121.74260383004189,1405.3976079352337
2024-05-16,47945.8515625,1132.3078037555497,186.84678154257517,624.69055923977,781.6219595013043,248.79142356833654,76.74879746686288,162.0016758417783,330.2568322332641,713.3822271543565,1114.7281968433215,120.30186610476771,1404.6063366590608
2024-05-17,47842.94921875,1130.1611841531799,177.99614162784795,623.4939321657779,771.3934803092677,246.91056277361733,76.9481430053711,162.05107396354316,334.04830325113033,713.4562165510583,1112.8096108108375,120.34988668202953,1392.5403159610341
2024-05-21,47927.1015625,1134.1546578731836,179.962942527661,623.2446194857141,777.5495346221023,245.9231297552249,77.49635099195923,162.05107745796118,337.64022712145385,715.380219686854,1104.1022778238569,121.40643310546875,1404.4085339689611
2024-05-22,48113.8984375,1140.1450314564138,181.8314106054604,617.0619957230768,795.9331822307055,251.09550663292333,77.24716444138544,161.65582911020311,339.7953851407248,719.2035821431577,1106.857133236162,121.98272804478773,1393.5293835881262
2024-05-23,47899.3515625,1124.1709351031163,180.89718191015635,606.0929611827397,794.1517316465437,249.68486443734767,76.89830665659265,161.4087928719834,339.2366382362106,719.5982164877166,1097.5596331640875,121.5024774899732,1393.0842652530973
2024-05-24,48668.0,1163.606703334204,185.86337904608735,616.0648891276113,799.2553916967729,252.9293670654297,78.14423121419138,160.61831545313683,341.4317294640809,733.8308016870678,1111.7765639224867,121.64654805281127,1425.1779739038097
2024-05-27,49105.8984375,1176.9849597666077,183.9949168470686,623.0452236705293,801.7590699633794,253.4465934744831,77.79537629185504,162.34751537124185,339.9251125649603,751.5168000055969,1113.6459433951586,121.26235867658541,1431.9527091592345
2024-05-28,49390.8984375,1186.0701643307336,186.551751474954,636.6568214319045,804.7443027300019,254.85724562159908,78.74227150623143,162.19927876096335,341.6910926157639,754.8467837037828,1114.2361779831701,124.96026214339881,1456.6288084044006
2024-05-29,48786.69921875,1170.0961898274143,185.71587716088996,634.5627373405076,797.7146835951445,247.2397293700195,77.49634884280925,157.60455322265625,338.83754434639843,748.8774560751649,1097.067741329381,122.22284343743986,1437.0462787133786
2024-05-30,48313.6015625,1153.3234454629503,187.7318468888081,645.0831337016493,790.9739767920537,246.1582368897776,76.84846821249039,158.04918807832576,336.1136659120689,739.6027730570852,1079.308747806472,122.94321443609584,1441.9912832957566
2024-05-31,48895.1484375,1171.094557721878,184.044064118841,638.0528998423166,799.9294778988177,247.70994130877236,77.64586328845785,159.5807853290395,339.83527997300945,749.370736784836,1099.970086377496,123.51951886595451,1440.0133285736056
2024-06-03,50889.8515625,1195.1055059768719,189.6003137938117,661.5367788924957,831.5626306363492,260.4998325875308,80.3868912071804,163.2862255569249,343.5170279375858,788.8373406823981,1151.1314549939386,129.66667398049015,1498.316005738141
2024-06-04,50667.05078125,1222.0116868093924,190.7803991234353,648.1245389039603,863.7736004371982,274.6063123013438,77.84520549490284,163.1380069489773,339.8851674758297,768.1173430540747,1139.2265453107807,131.01136073845564,1493.3708152394477
2024-06-05,47486.6015625,1136.151461174942,176.1276866710129,630.2249694550737,761.4592351040986,241.69118382380557,73.6589088316089,154.14613462855533,331.763469166386,737.062160780223,1067.5022525173526,114.29877247830349,1385.1227020778344
2024-06-06,49426.3984375,1190.163519723218,188.81359208776635,668.1182340303504,770.3666270723245,246.95759532787804,78.1442279506642,165.70710383377104,343.4272332187564,772.0147015010076,1099.970087057546,118.33283790492055,1483.5301505270138
2024-06-07,49316.94921875,1176.0865596559486,187.87934835753668,661.1378844393743,789.5295559574165,252.3651160833089,76.99798142610572,163.03918370056275,345.2331538530775,770.1154063679018,1092.4926581643756,119.10124170074636,1452.4255672094614
2024-06-10,49808.1484375,1183.0750259399415,193.2880723819729,667.3204653454391,803.2516957835098,257.1142794569863,77.99471371909421,163.9285013475684,349.234146885008,776.5039961939522,1098.0022563128857,120.8781519597416,1482.0466511360462
2024-06-11,49751.19921875,1202.4933987545712,195.02870758824622,669.1154546001479,805.0331354685376,260.029624651541,77.19732405684029,164.03719351216643,348.53572413019924,767.6240504407497,1101.6919214874545,121.21431979038114,1468.694911348298
2024-06-12,49857.44921875,1190.1635879654755,194.7140033697172,672.9545944480648,805.9960606828112,258.5249083418717,77.25713012397253,165.8059172048577,343.24758890703697,776.9973227739393,1102.9216850641683,121.31038065503901,1474.6290108640728
2024-06-13,50179.0,1199.8478657463297,195.0090384779733,665.1765514106004,813.6997946256373,268.02330465523124,77.74552984550033,172.93022566845818,345.5025235643677,780.3273770852536,1104.1021886675976,123.23136741016347,1479.574085280519
2024-06-14,49993.94921875,1179.031656735811,191.17374793790438,670.7608287265485,813.6997704563229,266.14244635302947,77.25712990283948,171.20103210331266,343.8263140298027,781.4372796414563,1096.0345294527124,121.56971143600637,1493.914908333307
2024-06-18,50194.3515625,1192.060431511735,191.7637998084407,661.5866282238626,810.377569958488,269.19883652923454,78.02461849691943,172.82154807876276,342.94826574150017,787.8013228802739,1095.9853271941342,123.90371791063615,1497.3765046183767
2024-06-19,50607.8984375,1191.0621069336512,195.00903993692722,661.1379153876877,815.4330423267555,269.90413536541666,81.73248057183042,173.00928419066483,345.02360348513423,795.941305047812,1109.75950368303,123.90371309906867,1499.5522905263774
2024-06-20,51712.8984375,1228.1018171293836,196.63164059364223,658.0466434784292,821.4033966290509,267.08286463742616,82.64947816759535,173.85906846145795,352.20743996525016,823.7651872236406,1135.4386364718932,123.23136795326347,1519.13487880895
2024-06-21,51927.30078125,1243.9761022531884,205.61996867351255,668.0684119691258,813.6034982004232,268.21140618725696,84.02497924050408,177.5941472848057,353.20520430698895,825.2697933574087,1144.7854792681483,123.87061915440812,1506.2776224893614
2024-06-24,51280.25,1229.000416277566,204.3513682202303,658.3956183853879,800.699845971808,262.8509248424718,83.07807679344269,173.6515788777307,350.6409788280807,812.5172157896385,1136.0289470067053,122.16018388023241,1490.6017319181617
2024-06-25,51759.44921875,1232.4447453162752,196.68082145311524,681.0816764358404,805.996104620019,264.26156071454085,82.7292214723599,174.84718530120023,354.51225954615063,824.4065232844747,1151.3773811074136,121.57708464148207,1478.3377639646458
2024-06-26,52653.19921875,1279.0189479197,201.59783869581858,680.2839762731983,808.7404727237647,265.2019812799459,82.57971163359007,173.90846569545656,355.20071593220706,842.5857736709851,1182.6154524579229,120.6343991331071,1481.552124935324
2024-06-27,52980.30078125,1307.8720566322172,202.08954368451072,689.0592779580152,812.6405440846468,263.32114338681316,82.43020018225783,174.60014686577478,357.395780729821,836.7397746618053,1208.5403632954783,120.79961711814032,1477.5960738645817
2024-06-28,52874.94921875,1281.0156818707337,198.84430626724424,668.217940161752,815.5294261991826,263.90508933262134,82.04147233514159,175.88470295420487,363.62176922169334,837.4797542547091,1207.2122974343558,116.76648176708933,1491.0
2024-07-01,52351.1484375,1270.9321647383285,200.61444073232403,670.162465121921,817.888612537416,266.0801349400655,81.89196654839938,175.19303400549566,359.6906249040049,828.7971921822882,1180.25407382428,119.68200026093487,1468.949951171875
2024-07-02,52793.75,1262.9451463709113,203.41714526077527,672.6554859046861,812.7368170641629,263.9050826162662,81.07463349567641,176.2305537039746,363.3723276938674,846.0637432263002,1197.3734411453652,119.05029784238593,1457.4000244140625
2024-07-03,52872.30078125,1257.9532642364502,200.12273575417575,674.051553135238,798.292447663417,258.3949716385727,79.23066998287652,175.88469986494468,352.3670858249953,883.5570176331604,1177.54840489326,117.93268143784714,1438.9000244140625
2024-07-04,53357.69921875,1285.90777835371,206.76071305467673,667.4700722893474,811.7738338725269,259.11997941094126,81.20421383724532,180.77587832986518,360.5087875723026,868.1404005851939,1209.179986290108,118.75874307132916,1455.449951171875
2024-07-05,52560.1015625,1269.9337492225077,203.26962779713338,672.1070298600403,806.9590387546798,261.005043760069,80.73574255177914,178.80952733158486,363.1827439876362,831.2638253093144,1205.2444756355717,119.50706879630508,1437.0
2024-07-08,52533.1015625,1282.9125886119964,199.09999287722067,666.0739792308564,827.9033739699761,259.07165983166766,80.91515958930898,184.87656632859702,369.96747530424994,811.678583484828,1209.0816030717467,119.19607915625544,1428.0
2024-07-09,52390.5,1281.9141677392236,201.5978463034944,640.8949620796712,828.0478287632818,255.49491027661952,79.63933869330617,186.06231161216758,371.40425327377255,801.6639054458949,1215.0339475267522,118.51578590697294,1441.0
2024-07-10,52528.80078125,1282.1139084717208,198.17560517251053,638.8007768287231,828.2403880397673,254.72157205086938,78.94161736903827,185.5188403094074,367.7724460909631,804.1059188594888,1232.5469141994527,119.34185702257976,1433.5
2024-07-11,52316.8984375,1298.9366185010135,190.6328961853264,624.2418526163884,822.7516382126789,250.08150295549152,78.67249598813947,187.39625880903202,365.3478956563177,801.1458762280633,1226.2501602309792,117.00943682018082,1427.949951171875
2024-07-12,52272.6484375,1292.7951283943742,193.9174620859178,633.2191018996078,824.9663498407772,248.53479724141908,77.96481612031027,194.08579888334543,368.0717340106862,800.1839277769812,1215.9687089511149,116.42634074557076,1432.0
2024-07-15,52330.05078125,1315.5755973520327,190.18051354251543,644.2055205269947,827.8552953420664,244.1847177082337,78.04455669295882,193.15697437980893,366.9742110896012,800.9239527377698,1213.213848187686,114.77420656442727,1438.5
2024-07-16,52466.69921875,1306.3334797626717,192.7373628307841,643.206742506298,849.6180412132858,251.14483269119594,77.9448783732273,192.4356428859208,367.59285056712844,799.5673062806881,1210.1638079399554,117.99100341703635,1445.050048828125
2024-07-18,52215.05078125,1298.8899842960564,194.72384233392353,634.2178740598026,848.0292886499858,249.59815764093244,77.70566502694227,193.01863567932568,360.18948462923964,793.2772787604164,1214.9849267751276,116.61097894571179,1440.699951171875
2024-07-19,52531.55078125,1304.5351521039754,192.6488599672523,629.7234232914346,861.8476591694113,247.4714375081972,77.48637777907567,194.65890769161865,363.28117053741835,797.2239682199486,1223.9380279933182,115.98900845010284,1451.550048828125
2024-07-22,52145.6015625,1282.254157040865,187.85968796320984,627.2264974147133,848.7996180509505,241.3813161788593,75.69225729672593,189.17486018293042,363.7805821218166,797.7172520784763,1220.0026771573469,113.1220805212643,1428.0
2024-07-23,52511.0,1287.3997027504545,194.0256351283535,656.1907265625,850.2921997086647,246.60142130323013,77.73556014190183,200.5876130486537,353.39255510584275,812.7885887086006,1221.1341050565184,115.06576374073803,1422.5
2024-07-24,51657.6484375,1261.8216015091461,192.74720365055768,655.4416867163603,832.1885940113407,243.6046888092671,76.300265709359,194.65891058931777,353.18279562916894,793.3513220807449,1205.2444794873966,114.20082514403556,1409.800048828125
2024-07-25,50762.30078125,1198.9752696285975,184.97831846211596,656.4903791171164,816.1071101173486,239.97962042153935,74.75532238635513,197.32682320630553,346.00105823231297,785.8773432331659,1186.0589540798987,112.78193760707939,1389.0
2024-07-26,50456.1015625,1164.0051748855426,182.02811318312757,620.2350667980211,813.362771563015,237.80458446870358,73.27018567724305,192.68268469608194,351.215050411895,791.7972838101718,1170.808877642708,113.94814261606253,1365.0
2024-07-29,51546.6484375,1181.3403267525803,199.6310228540929,654.1932439465527,833.9699855260068,245.5380597378923,73.44959620872021,196.84266423302512,364.51973098032175,796.7306475152811,1195.5533833447412,121.34384109460342,1415.0
2024-07-30,51383.8984375,1163.1059899797806,214.81479716750698,651.19689334855,842.2996149354311,248.0030980331505,74.67558225653453,198.60150118008414,358.3668253225037,790.3172853310259,1193.4379877337221,123.42357849416507,1411.5
2024-07-31,51583.44921875,1156.0120428892758,215.3654996319293,652.6451208105789,841.4810813734941,248.82479219231905,76.04111264055376,199.59950145075558,358.18702563430367,796.237255579839,1199.3412284660044,122.45173833865944,1435.0
2024-08-01,51672.6015625,1167.0026950641445,213.49703890290087,645.9534082135382,845.2848286735671,249.50148473039306,75.8019010953196,199.59951010736106,361.00378229615495,800.627938629233,1192.946036063854,120.99397882832106,1432.0
2024-08-02,51172.25,1163.0060993620923,206.61320393225935,637.2141679297766,824.9663688604599,241.67132768309403,74.7553172702968,195.1529625828203,355.8097741696683,804.6238722852388,1177.6959907114142,117.59254148982798,1413.949951171875
2024-08-05,50586.25,1141.0248463432538,202.77792358875402,629.124168597704,799.25534329257,230.40944337707512,72.75187642447003,190.7558477763665,353.63229485332545,809.1131991555811,1162.937883324056,114.64787219894076,1388.0
2024-08-06,50436.8984375,1139.026583274535,201.59783150360155,634.5174627225468,792.1776770526977,233.5028412728026,72.35318061512638,191.69457607722893,356.5888653537957,804.1305829139676,1156.0508158159441,112.73334886786513,1395.0
2024-08-07,50286.19921875,1137.8276379214865,201.14546987368269,639.7110751746882,779.0333009734679,234.90453050635733,72.76184097198467,191.72420012050245,356.58887408336034,797.7172336137804,1159.9370447242293,112.73334979908428,1391.0
2024-08-08,50051.8984375,1132.1324857784152,200.2309081036734,628.2252487857795,781.9221664085547,235.3878768275932,72.31331359216456,190.70645855141822,352.92309683042856,801.1705962949537,1148.1305589944793,112.97630964864169,1347.949951171875
2024-08-09,50612.1015625,1151.0162710566617,198.63779903617092,634.2178568416269,785.7739981345145,235.0978667281248,72.31331298432882,193.67079077230977,356.59886998364385,814.9838462106346,1157.5758097480823,112.49038897800992,1367.0
2024-08-12,50412.6015625,1145.0214849192898,195.79576660657733,619.3361897786874,790.2035442003192,235.87121320612795,72.27344605640037,192.68267497392608,351.79440830804464,814.9838840860709,1162.0336803927066,111.71291445810168,1349.800048828125
2024-08-13,50395.3515625,1160.3582468075288,195.25628520776465,608.9989257383837,783.3665819906377,236.8862313738145,71.76511086673959,200.2417684741454,352.1939501500617,803.1438891669751,1174.1402001247322,112.07249524693079,1355.0
2024-08-14,49887.1484375,1158.0103428946786,190.85648452802238,611.2461781040408,771.2815013387534,233.84116962878878,71.1471288120543,199.3623420096236,350.5957767748808,792.5372946697382,1158.0642597488902,111.32417840239182,1356.949951171875
2024-08-16,50133.0,1165.4040707231297,190.7573871606992,606.2523268159824,773.2555353649926,233.4545051473421,71.26673661338636,200.59748865818224,351.9941551264076,803.3906439659711,1161.0412636212889,108.84599104815015,1347.0999755859375
2024-08-19,50683.55078125,1168.0018101230557,191.69878591182405,613.3435795879714,784.8110381744631,235.7745429954944,71.76510831440817,202.76146226788413,355.6998912904797,807.9045746403995,1181.8804727263328,111.12008867186326,1370.050048828125
2024-08-20,50417.25,1157.0112241980148,191.25286364790983,620.6346408033764,787.6517443817361,239.109606932797,71.8249100791923,200.76545693301819,356.18932949914955,802.8726105839366,1165.2091443736933,112.2474252337205,1363.9000244140625
2024-08-21,50666.6484375,1165.603828347,195.21665068800837,617.2387879386646,789.9146891751129,246.35975909979774,73.10073095393577,201.2792898280349,359.5854107138844,803.1932814957441,1167.9876876109618,114.08420368873483,1380.0
2024-08-22,50894.80078125,1178.6926021829222,204.13517506421275,631.221573026432,788.662838830503,245.87640642698824,74.03766497823831,201.17058913266004,362.38219003528707,805.1172807347715,1172.9494391539793,113.35532068976566,1384.050048828125
2024-08-23,51040.05078125,1169.0009361917578,204.1351747763716,629.4737058240005,791.0702271868793,245.6347456245176,75.53277164691042,201.91768296597579,363.8804499855,806.1038926835937,1183.8651886303296,114.36603965643707,1382.0
2024-08-26,51100.6484375,1170.6994882789022,200.17138764219598,630.9718814812817,787.6998695275697,244.81304712987267,74.62574781269358,198.74687051183537,363.58082266971985,805.2159251748899,1196.3191076607097,113.04433777070663,1395.300048828125
2024-08-27,51214.05078125,1169.000939360119,198.2885975647227,638.4626005888437,787.5073199593448,243.2180275750703,74.4363650501995,197.81252800643838,361.7928737924008,810.7412543536698,1204.0098351320562,112.97630752565826,1385.9000244140625
2024-08-28,51208.94921875,1175.994955914158,200.17138600794053,632.3701715775757,784.5702603306938,242.83133767969525,74.35662014307958,196.11282115761566,358.7863625748993,807.9539173658313,1213.2882407138438,112.78194097098682,1389.050048828125
2024-08-29,51103.75,1168.0018028062877,194.8995440598648,630.2227595993478,779.5628735084862,241.52633404244955,73.74861158387421,195.01943337116953,356.2392797355444,810.0505418236547,1209.6164607584685,111.51854742613428,1414.199951171875
2024-08-30,51437.44921875,1175.9949656447764,193.27439239783328,640.7098692968532,786.8814263829273,242.10633638413924,73.1106989276051,195.2182254512857,355.05064134383275,816.9572296027775,1220.5818867193016,112.56813356610613,1422.1500244140625
2024-09-02,51579.5,1174.9957934621327,200.41913316742745,684.1063384842612,787.0257841074723,242.6380095302829,73.40972556588144,196.3116109259574,355.98955664287337,812.4185353190471,1229.5129791826912,113.64687896771802,1425.25
2024-09-03,51479.75,1186.985617809891,200.00293111559813,678.1636438309638,791.6961816359209,245.24806316727293,75.45303042763175,193.82666334011842,355.60001533934496,806.1039427589494,1217.8033299887798,113.30672380094317,1450.0
2024-09-04,51364.6484375,1181.6900665341032,194.7211770679229,679.1624388006634,785.2443376942574,239.68960965902198,72.76184505635173,189.8507188126815,353.59232037605153,808.5705516272349,1230.3565014424944,110.8382635881992,1417.0
2024-09-05,51544.25,1180.990705264549,198.78407873781887,701.1353248964903,788.0369123055189,236.83789372023722,74.9945333779751,187.12719933239632,355.8397245256233,812.0238589250097,1228.5206798050983,110.46895917637688,1443.0
2024-09-06,51200.3984375,1174.9957675970875,201.75691147602592,701.1353259676721,781.4406841241514,235.38787355565555,74.76528719060497,186.86877050256854,353.1028850547385,808.2252499925564,1216.5628019074484,109.72064842782194,1426.449951171875
2024-09-09,50549.25,1157.0112163733215,193.23476014708282,704.1316321998644,755.9222919924988,227.99273681527546,73.34991624119834,182.34615001392928,353.13285641591096,808.0772497858858,1193.6893937018356,106.31920575436779,1409.3499755859375
2024-09-10,51328.30078125,1177.8933180831702,195.71212604657225,720.0619813372031,758.8111049121503,229.39441963156486,72.62230334661841,185.16905528180968,359.1858733034622,815.9705333718649,1227.4786328440832,107.08696228752585,1428.9000244140625
2024-09-11,51218.55078125,1186.1861945137762,197.99131288304508,717.3154131302261,751.1555836071334,228.13773206812104,72.35317575401345,185.5567140775928,358.58656626211655,814.1945707781381,1222.0704612349368,106.63019652396193,1435.4000244140625
2024-09-12,51271.0,1189.083702391641,195.71213532341577,726.9534713336365,746.2927156991332,227.17105050614,71.595664588004,183.0618185523164,360.3645243700796,815.970556634334,1228.520699503871,105.63891477735233,1425.1500244140625
2024-09-13,51952.55078125,1208.8669203308898,197.19855412110334,722.109434959187,761.7000092457633,230.8444540303601,72.7618453575102,182.4157411987175,366.9768779135837,825.8371886289187,1242.4133910945052,106.41639447766697,1450.0
2024-09-16,52038.69921875,1220.9565800362964,205.72069724286857,724.6063730397036,761.5555716904744,232.43947888209334,73.3997555572594,185.5964734877858,366.177831117934,822.383822656841,1241.4210578615323,108.16570544572572,1469.949951171875
2024-09-17,52249.05078125,1234.1451799941071,204.68021212494767,716.9158507468594,756.5000258703583,232.0044760813544,73.55923952346816,183.58862450422833,367.45635120746556,827.8104775064535,1250.302517024621,107.68949707111959,1478.0
2024-09-18,52177.1015625,1230.8481209839067,206.42426378351936,719.1131450638592,754.7667043250664,231.03778599647208,73.04092765969352,183.22085662902177,369.57389104012077,824.7764529489335,1252.3368930345305,105.25019057526028,1470.0
2024-09-19,52929.25,1247.3838839474913,212.16185784214383,729.1008341336171,765.5999675189145,230.84445553773028,72.77181519462529,185.3877373617637,369.5539372593694,838.2691083056365,1278.4851014958492,106.75653196065763,1494.949951171875
2024-09-20,53235.80078125,1242.9377435523343,209.9718544103747,751.5731306845928,765.4073730812867,229.97442725038596,74.30678944725388,187.86275335556897,374.368353136013,846.8037464482039,1285.0841618950908,104.95863617029602,1488.0
2024-09-23,53917.8984375,1250.4312892398568,208.59444248708644,731.0983690112131,756.8852061006995,229.39442209011528,72.96118655010406,185.22870846387937,382.54892157200123,862.8370939539058,1320.80849505564,105.53201308063815,1490.199951171875
2024-09-24,54110.6484375,1240.0401803989173,210.77452894276414,735.0934470445413,769.6444158126969,236.16121960045956,74.00776874381626,186.47118231847878,386.5543148176572,870.7303607683197,1310.8850653274296,107.87414725615619,1470.0999755859375
2024-09-25,53794.0,1236.942817936568,205.07658422681908,735.2932210672448,768.3444760133515,235.4845375723619,73.38978697443928,189.562476357758,381.57008910217314,868.3376691203036,1300.7135877579847,104.45328255110341,1450.0
2024-09-26,54045.8515625,1266.4677489486294,203.39197590386695,731.2981370662989,766.5147888755175,235.87121270497286,73.5592372785428,191.5901950338931,378.56354046908,874.7017352717152,1309.892782398436,102.23748315261652,1445.0
2024-09-27,54338.69921875,1271.9129699045366,204.45229918928925,730.199462890625,772.1480434176262,237.03122861144345,73.77851635202599,190.8447010428296,379.5623800859372,876.6503084858455,1322.793216287465,104.7642695841646,1457.0
2024-09-30,53556.94921875,1262.4211501734367,200.66685969845582,719.1131382500689,772.1962595176911,239.2546081634767,74.75531807803286,192.63388680676266,370.9123610185573,862.738402689165,1282.2064133181361,105.82356997560527,1467.0
2024-10-01,52844.0,1227.0512520632726,196.91118000224864,739.138469015599,758.811137952777,241.67132871676964,74.30678823695374,197.3056001429273,368.9745949130581,850.5037447767241,1260.0772141126831,101.071275485249,1450.0
2024-10-03,52314.44921875,1206.4689403357831,192.23391012819474,722.1593970315784,760.6408027275493,237.601565397343,72.46282293116583,192.13688918700464,371.15207197232377,846.3844351066934,1244.0011592918727,100.34239857102439,1404.0
2024-10-04,51643.75,1174.4962507198202,187.28906871820047,726.1045254305507,762.6629675013947,239.47694811989314,71.76510854812933,192.136885134962,362.68185248087894,826.083866681385,1237.5508987809962,101.26564259449067,1384.050048828125
2024-10-07,51543.19921875,1181.9398732684149,188.28001558823487,725.2056422764575,770.3666227637009,243.60470134442966,72.21363564689742,194.8206453573228,361.58312824917823,815.0824984433904,1232.0434743858432,103.17045142694046,1388.0
2024-10-08,50736.1015625,1152.0155149847044,182.5820775419023,732.097166864341,743.6445559601656,234.90452962734773,71.91461986076419,182.9127322730518,359.5854083532607,804.1306032900168,1231.4976811477177,99.19562722652842,1357.8499755859375
2024-10-09,51161.75,1153.0146443687056,186.7936042203943,728.0521692478393,757.5593104537433,240.3082870555679,73.14059953873947,187.3657692904548,359.78520172843366,813.7505304861846,1233.5319821121263,100.63394993163101,1369.0
2024-10-10,51195.69921875,1175.9949603025386,188.57730873328455,710.6236524110042,769.4036799200226,238.8582667519889,72.00432468254257,185.72570216689044,361.5631595952249,808.5705299330368,1237.2036303622588,101.89733383577894,1350.0
2024-10-11,51491.8984375,1181.4903201137774,200.17139236054692,702.9330795055441,767.6703835690523,238.587589301084,72.77181496483942,184.5826191221385,374.0087885307892,821.1258260358886,1227.528300150437,101.07127313071477,1360.0999755859375
2024-10-14,51263.25,1170.5496378403072,208.7331731226596,692.7456262908271,772.2925246699068,235.67787909140222,72.44288772553276,187.72360813828803,376.5758464846987,816.9819085005773,1211.6507942721546,102.04311308933366,1354.5999755859375
2024-10-15,51975.94921875,1165.104286275286,198.972341657593,703.1328439234185,775.6629124338771,236.8959024277373,72.66217484745025,196.80860121873644,381.99956338289076,835.7038196244212,1229.4632721003522,102.23748003465185,1371.0
2024-10-16,51711.19921875,1150.017137372719,192.25371642005413,690.2487163480124,773.0628831824524,235.6681975437236,72.2634755684015,196.01341007054592,376.3660664286437,828.8465156450762,1238.9402364127245,101.71269624930277,1355.0
2024-10-17,51849.30078125,1150.017218078076,191.30241795070762,698.1390274126434,779.514689677183,236.01621362898945,71.98438830587898,193.23026237078213,374.83783484268696,836.1724403142362,1239.8829828601924,102.11114696376485,1348.0
2024-10-18,51261.0,1157.0112007686191,188.28002627284218,682.2086248514556,781.0554274190987,232.63281041555683,71.36641061585941,192.33567530609966,373.16976983948933,820.4598702584595,1218.547563181441,99.85647853969527,1345.0
2024-10-21,52361.1015625,1195.8280254005576,190.21236483144517,683.5070483639322,794.1517285715379,239.73794891257927,71.32653785620907,194.07515764351402,369.57388645676707,846.063768270474,1254.8177669815936,100.37155017783083,1352.050048828125
2024-10-22,52071.3515625,1193.2301736580623,180.85781310726438,664.0310824343186,783.8480454773676,236.8378965375054,70.06068891039288,192.83267795379746,357.9772838669972,853.4884373802005,1256.9016668439735,99.40943438368035,1309.0999755859375
2024-10-23,51117.80078125,1174.0965788352514,173.1185282564706,637.7135285566002,760.7370259136948,225.8660141574719,68.07718290230927,188.75733460572567,351.8243770934673,841.1551854708522,1251.3445279562577,93.29656177722279,1274.3499755859375
2024-10-24,51272.30078125,1164.005180524674,180.40199835189847,659.1870361389747,756.9333844585227,228.84341182999304,66.36278984227938,188.14107327330206,352.7932531607866,857.4597103207274,1240.6768573006573,93.47148988815614,1276.0
2024-10-25,51369.75,1185.9863817213213,178.37055080135173,635.7160174525209,768.4407046924659,235.87121230605516,67.67848779311588,187.7633523332659,352.59347706911507,865.7970368926951,1237.6998715609657,96.11490125504737,1163.0
2024-10-28,51061.3515625,1192.9805076128803,173.4158159196044,609.2486454133065,754.7667145175037,232.0044775070538,60.81096215040296,184.98021365527188,353.1927799260653,859.383716444917,1275.6569864282283,93.53952560464731,1051.4000244140625
2024-10-29,51404.1015625,1175.3955196864351,180.45153800917734,620.2351129214225,766.5148254883454,241.5746497160938,65.9740670724724,192.78297109622875,348.2984326803545,851.5644426318723,1291.3855165608227,99.55520537267091,1058.800048828125
2024-10-30,51988.69921875,1177.7434804139418,176.8841308768359,619.1864072218472,797.3294530672716,246.2147481756467,67.16017857112726,198.0113250180928,345.00223870300283,859.3836983279829,1313.8621457191011,98.5444931951012,1037.6500244140625
2024-10-31,51649.44921875,1164.5048071730241,177.97417334893342,608.1000154540427,789.625816992613,243.0730163334662,68.7748966421291,202.76256488078718,345.0721527737749,852.4771270596069,1297.2403694104125,97.18391960566551,1054.0
2024-11-01,51550.1484375,1163.0560879501725,182.78026407904787,617.1389098652842,791.9369337915391,243.70137447584221,66.48239461041263,203.02100299428608,347.51935502054965,854.9437133825962,1280.0727600114117,95.91080944666969,1061.449951171875
2024-11-04,51764.5,1170.9992572381775,181.83885721336458,619.1864009815906,792.2258449875555,245.05472062192325,67.26981474441405,202.94147215334098,348.39829808592816,860.8637106769045,1280.221658871375,97.95167185888012,1067.0
2024-11-05,51052.6015625,1137.9774273803207,178.37055127014452,624.1802357867076,799.1109232553587,245.24806062729263,65.29628058042614,202.9414739454404,343.9034749373325,840.1437747820238,1263.2526375453915,100.80888559070064,1063.699951171875
2024-11-06,52440.3984375,1170.799429278286,181.83886437731806,617.238801304739,817.7441759391488,251.38649420761314,66.38272100843109,205.65504809579852,351.61458949077104,873.9369881601011,1290.2940335374446,102.78171643334741,1092.300048828125
2024-11-07,52258.94921875,1167.6020678828468,181.58122845813332,613.2437061990662,829.1070762299017,254.23823810145473,67.12030300288377,203.9652773210303,352.19395422097216,860.5184217555121,1287.2177364325325,103.39396781952699,1086.0
2024-11-08,51869.1484375,1155.0128937463028,179.75787445363437,602.2572606762903,827.7588901564618,253.9482388373375,66.30298178059243,204.74057820402402,348.59808465402676,864.3169963876733,1260.2755859661174,103.9381961541699,1061.449951171875
2024-11-11,51562.69921875,1151.0163455380018,175.6454346258813,580.2843692675241,814.662743202751,247.47143248811398,65.61523556928901,206.5496428435493,348.5980973059312,865.5750573030832,1252.3369021242906,100.69225597252529,1053.0
2024-11-12,52053.75,1170.6496057768486,173.72299670772819,576.3391967186215,820.9218861125494,250.371492403182,66.77144844973316,207.03667872331755,348.55811744380054,874.1837241378527,1266.3785236970411,102.52903579181059,1061.300048828125
2024-11-13,51030.94921875,1150.9164816548919,170.4429699314066,575.9397671308155,792.8517297121596,241.8163196962859,65.78468162177522,205.5854825943306,342.4052012438376,846.9270867373347,1260.8709623351128,100.39099421052606,1053.800048828125
2024-11-14,50053.44921875,1136.5787393829623,164.29909006026364,561.8071329558137,778.6962686314655,235.3395316625307,63.80117748555888,198.00138192367586,337.61075121507906,825.39317914741,1244.149990424334,98.25293987535034,1043.0
2024-11-18,50312.44921875,1130.2340117154433,165.78552007688046,573.292963057602,780.9592121300385,233.4544930308292,63.77127295292002,195.814615047231,342.4052135715692,838.6637692715708,1250.3521900785158,97.86420074638019,1015.5
2024-11-19,50580.55078125,1129.0351110813517,164.49728630981377,574.3416679674688,788.6628877822667,234.4211796690914,65.32618409616089,200.78454087103506,345.5615700596741,845.5704607570133,1247.4248442373848,98.30153334519976,1010.5
2024-11-21,50625.0,1137.0283256912808,165.19094328666088,588.474294861938,768.9221597525542,229.29774756383466,64.38924922684097,205.17794418550037,342.6249705890235,863.0343691875372,1238.9899233393824,97.23251161944461,1000.4000244140625
2024-11-22,50512.80078125,1135.6794703132584,164.7053825079787,593.2184031538741,756.8851983330345,221.37092887749105,62.7944698248831,210.20748812858957,346.40060947196827,860.148374275574,1248.3675121917486,94.36558364969251,986.0
2024-11-25,52046.3515625,1159.0094383509029,172.92034357507706,603.2560183807637,796.3664717835007,233.93783442281455,65.70494031130279,209.7303826939761,355.98956412585477,880.6216480727867,1286.0765977985961,100.1966172392192,1020.0
2024-11-26,52554.8984375,1156.1119336772122,170.83933731595062,596.164797389118,812.7367744440559,238.86793994028685,64.68827532645095,211.59907069327838,358.58657724471067,892.9302818593218,1300.5647702425501,101.52804030274292,1011.7000122070312
2024-11-27,52154.30078125,1144.2220616490547,168.867368659221,588.7738680529174,807.4405312232043,239.25461603914522,64.78794505741908,212.31474418732685,355.77981510770184,883.0143007972586,1288.5573723920809,102.14030006749252,1012.0
2024-11-28,52389.94921875,1147.5192965947504,169.95739303844925,589.9724189974675,803.2034750413964,239.20627048042468,64.00052171046562,211.5990808265838,356.2392727782695,897.3702251985009,1291.0878806767676,101.9459351606525,1005.9500122070312
2024-11-29,51984.1484375,1132.582060260801,169.94749913521798,586.2769984450081,809.9442265086632,241.13964679752746,64.05036186806169,210.22737235513958,350.9953083983824,888.6383310231244,1273.275310189296,103.84101389784843,998.0999755859375
2024-12-02,52087.6484375,1131.7327610004063,167.45029924182288,585.2782107631347,807.873928059787,237.80458322223066,63.87094542680457,209.5116976931077,352.5934631364908,889.7236388960249,1289.946649219065,101.79043344609784,990.0499877929688
2024-12-03,52357.94921875,1143.422805606189,169.4520149967418,583.0310056246539,806.9590409400479,239.44794766958043,64.28957614030784,210.7243582983907,351.5946280762931,899.1955156163089,1293.9655928118616,102.49016299419795,993.0
2024-12-04,52775.0,1156.5116747211634,173.56444513882406,597.1135621396038,822.3182146362292,246.50474658008014,65.27634337688013,208.6966398837439,349.99647550024144,906.7435619082082,1292.625936747851,105.68751360596137,1005.0
2024-12-05,53354.44921875,1163.00607766556,176.52738519418074,597.9625749578851,828.1441384564639,252.25653355020546,66.34285305835205,215.09788663461546,352.393681499869,917.596875706611,1306.171532833215,107.45625512348465,1006.0
2024-12-06,53634.19921875,1166.503084244846,176.07154086033253,601.258506216047,833.199706421366,252.59484828877575,65.86442589900408,213.70631492225237,354.37143004037387,916.1168429341786,1332.2205223736623,106.61075928970277,1000.0
2024-12-09,53380.75,1183.2387822026365,174.90222363955726,587.2258166835402,827.1811795615839,254.23823779639238,65.92422176895053,212.76203285773505,353.2127679435522,914.4642517338581,1311.9766296210685,106.99949525199487,992.7999877929688
2024-12-10,53450.05078125,1156.0120320175192,173.01944378905492,583.3305854457284,829.8774588919769,254.81825488546042,65.00722465812993,212.59305409830188,356.2392705083643,926.3288062229569,1308.9004164217674,105.93047264537148,983.0
2024-12-11,53459.30078125,1149.018037571162,173.91128958814656,594.2171703997603,835.3662917047014,254.17056335638782,65.63517039908781,212.71232831729412,358.78635218025084,918.4354833328279,1314.5567183054773,107.76724686987659,985.5
2024-12-12,53201.0,1144.022283571999,172.7221452629686,590.7714183525557,829.588577653526,250.61315705802556,64.98728930240404,213.3882342856903,357.5877148757108,913.1568815747593,1311.4309069614158,105.93046955307612,986.0
2024-12-13,53109.80078125,1140.0257583610694,168.46107201693724,587.2757186366424,821.0182301359672,249.40480263587472,64.12013427934545,210.9231509966938,351.26501442464985,918.8301759997277,1315.201818050664,103.98678980965607,991.0
2024-12-16,53502.5,1145.5209692270178,167.86650250489717,584.2794658381553,827.9515344064523,248.09012184479727,64.16000495268383,211.867440564271,360.1847211953006,920.1128492893367,1334.6020835708346,104.95862883602226,987.9000244140625
2024-12-17,53394.1015625,1144.2721002862004,168.2628928509599,579.0358882964023,826.7478560331779,248.93114252828914,64.09023247536038,211.91713662382114,358.80630655758563,915.7962178924912,1331.7243053318298,104.94891214639617,1002.0
2024-12-18,52696.94921875,1135.229787819368,162.32710352955633,560.4588313305536,819.4775061625006,245.77973535767697,63.39251147833119,209.02464393664636,355.98956011499934,902.7229483325016,1315.1026301384318,102.63594040677029,976.7999877929688
2024-12-19,51428.44921875,1103.956540634929,160.03802110233414,553.3176296379681,794.0553903446263,237.80458745656367,63.49218241906694,195.81461561936598,352.28383824568294,887.7995941182149,1276.1531316977298,97.19363951384874,959.0
2024-12-20,51401.3515625,1103.0072568859084,161.72262494894568,548.0740959280603,803.9738871433539,239.73795548840113,64.80787493400524,199.1941625430587,350.595781973686,879.2156362475025,1274.1187908536028,100.1480275832407,960.0
2024-12-23,51044.3984375,1074.181925218324,158.65069848611253,541.3324156574065,787.025851437494,233.02915044345605,62.49544747750476,193.82665359242552,349.0974967403447,879.1169941259847,1284.736921667357,98.63195783626698,938.9500122070312
2024-12-24,51314.94921875,1076.3801503868544,162.01992058172874,546.3262723220312,793.7183788955526,237.51458002959856,61.78776385120814,195.83449853719503,348.10864436210255,889.0083275055933,1286.8705106850512,98.56392704495354,941.0
2024-12-26,51395.80078125,1082.075186563399,165.48822369628405,553.9168617387425,782.8850840507691,236.82822835521338,62.20639249102376,196.51040819592563,350.9553470168828,887.2816657547127,1296.9922716557783,98.83604375630578,940.0
2024-12-27,51268.19921875,1077.1793765790876,160.0479255495191,548.0740737926297,786.0628842447148,237.9495755248199,61.69805996691943,196.26191828265982,351.5946425083198,885.4316968356189,1288.6071205266592,99.37055373804222,933.0499877929688
2024-12-30,51255.3515625,1073.1828578787208,159.3344430717912,551.3201013657304,772.292577441985,235.87121683334414,62.53531888401809,196.31161357384818,352.5934629937345,884.1489668763874,1294.957999087405,98.7777324045744,953.2999877929688
2024-12-31,50648.19921875,1061.093125882966,157.0651737656267,561.2578420662331,757.8000566357981,232.00446821487395,63.29283568550848,195.317628180653,346.61037950909224,873.3450067875037,1277.0462265132433,98.15575522692957,958.0
2025-01-01,50841.8984375,1063.2413952878649,157.5606496105588,555.3151411956665,766.0814709969738,232.00446541925234,63.08352543357291,199.19415859343968,355.44018735902756,874.8989910757854,1271.8364809130148,99.46773726748759,958.5999755859375
2025-01-02,51084.94921875,1071.0846105910884,158.56150515683728,569.0482315357428,765.5518634653022,232.6811521412785,64.09022897119769,199.29356491991504,359.5854300343208,876.699651347947,1275.26000882058,99.76901164586438,975.5
2025-01-03,51567.1484375,1085.0726691338768,159.3443604653465,567.5999726543018,771.5222327205842,234.42117841498919,64.1500311376607,203.76648841328222,369.7736752242475,883.5569553072743,1276.3514823434055,102.4804424481237,993.0
2025-01-06,50990.6484375,1086.8211254988164,157.02554514965271,590.1722091081311,767.8629313364202,231.2311185528009,65.79465205508761,204.06468163631305,363.7806070323967,858.4463541498661,1258.3406039432266,103.37453622443722,1004.9500122070312
2025-01-07,50061.19921875,1063.6410686595937,150.64384544943098,561.2078911263765,750.9629781385199,222.72428364816807,62.71472737997672,196.75890538587456,356.9884085041089,846.063732614296,1256.8024602237333,99.12759490793599,970.1500244140625
2025-01-08,50201.75,1062.8417164055375,152.60591673319507,567.2005455721716,751.9741707073787,224.76398717513933,62.395773937925256,196.16252858033332,355.61000328649465,842.7338203435289,1270.7448974492877,100.33267457018431,985.9000244140625
2025-01-09,49712.55078125,1078.6781174845069,150.12854686654305,566.2516821066255,742.5852812864381,223.88431268030786,62.12665636549137,194.32364901661902,354.3913960401411,830.844525028491,1248.3675530849682,99.03041711180946,981.0499877929688
2025-01-10,49426.5,1055.3480496665616,148.64211516739036,569.3478346514212,732.1853132713054,222.44394799214464,62.10671984667642,192.4350809139315,356.4290365136822,824.3571854708366,1249.359870144571,98.86520783134283,971.75
2025-01-13,48264.25,1025.7233630583805,142.05232607252316,569.2480017082843,714.0335881192036,216.53751086809322,60.17304831412604,185.39769292551523,346.180862721715,809.0639234971638,1225.4444532249365,95.24024181870952,936.9000244140625
2025-01-14,48266.8984375,1052.0508920133261,137.33540428217842,563.3552244887873,705.800278346691,210.5923926122643,59.81422258268266,187.86276012289443,349.5170454844923,809.0145872775671,1223.9062438907645,92.76204434076809,945.0999755859375
2025-01-15,48832.75,1042.1093350734811,146.66023426584005,576.2393680384396,725.252061939764,217.38819466505348,61.79772989224926,193.32966671248863,351.6145828876974,817.2038902170349,1224.551219155373,96.21207946311426,971.25
2025-01-16,49082.8984375,1033.0171728612916,149.32587837343394,590.0722825214134,732.2334984141427,217.50419258304856,62.53531908343232,194.82063723520923,358.74638627131435,815.4032351586193,1235.56627244332,96.69800254049242,967.0
2025-01-17,48959.5,999.1461051896173,149.64298182459478,602.2572646239771,737.9149066564445,220.39458955567548,62.34593793463407,194.72122873863685,358.98608938625773,810.7905598983193,1233.8296138721637,97.31997742613339,972.8499755859375
2025-01-20,48834.1484375,991.2028832561386,148.8898658329653,598.2622228439885,740.5149313492541,221.37093990776887,62.794468987802176,192.2760415618179,377.56467283305534,802.1572673696536,1214.5286456993424,97.96139683958032,966.2000122070312
2025-01-21,49532.0,992.7515647509814,151.06003636879134,605.2535478004256,755.7296474236301,225.62434794051228,63.791206379151866,193.81672587245924,383.7475684091018,818.0672195171876,1227.4786100806577,98.78745141785899,971.5499877929688
2025-01-22,48689.55078125,974.9168003898411,148.70157221204803,605.2535834926367,733.7742364327505,222.33761663572773,63.13335908717137,192.037483981384,379.36259845015746,810.2479165643738,1191.8038937223043,97.49491027556843,964.4500122070312
2025-01-23,48770.1484375,953.1854083200985,149.2168766278961,603.2560489672966,722.2187354602709,219.92090312906382,62.56521902191992,188.9561510831215,380.98076004405914,832.2505181334424,1188.0826742078204,95.13334107012115,965.9500122070312
2025-01-24,48546.05078125,947.1904904330852,149.335778697371,577.7375436538653,722.1224594960153,220.7522518382594,62.65492792235835,190.1787449617544,377.76445835602897,818.9305795964561,1193.8878937592276,96.45503631855856,970.8499755859375
2025-01-27,47881.6484375,942.2946747087996,145.87738908488572,559.3102187982211,712.5891362148737,215.570822057031,58.81748231728332,184.90069602855306,374.56815493794255,809.6065327196525,1185.8499521739243,94.26840426635796,947.0
2025-01-28,48642.5,959.180235428942,150.52492149469967,573.2930082451891,728.9594308479976,217.02085443578636,57.61143095820391,186.76937122710504,378.56354624049777,812.5172453545283,1237.7990449684048,94.75432343831385,937.3499755859375
2025-01-29,48997.19921875,987.1563504180045,148.64211592335977,587.2757227153296,725.1075785552505,215.28080496301095,58.079901060512704,182.44555827368856,377.12520316233065,826.3304621132276,1242.4134579383835,97.47547542527897,935.7000122070312
2025-01-30,49206.19921875,983.809246785376,149.97990211764034,595.465636669206,730.4520203133268,216.44082960823587,59.60490706370642,185.07960545526313,383.6277079634501,829.2905374831995,1240.428743300886,95.51235712900571,948.2999877929688
2025-01-31,49259.6484375,981.1614599961304,147.72054212895497,594.2670946931053,736.5668412651819,211.22073780918282,61.01030767498581,184.14526311812213,380.17165505534354,832.3738053097981,1244.8943321590757,94.25867854901925,957.5499877929688
2025-02-03,49074.80078125,986.2570909647077,146.66023197165148,594.2671210673224,734.5445718854385,204.05759817359572,61.2993620522165,181.898861844407,378.2838537214999,823.8638327488314,1237.3028281264465,95.38602049711079,994.0
2025-02-04,49538.80078125,993.1512442533443,146.4124914831784,608.1500469726477,738.5889944967314,203.48726060619873,62.106721904465054,180.80547781061466,377.77443383116474,833.0891713164636,1253.1308244391428,96.55222082755053,1022.4500122070312
2025-02-05,50402.30078125,1019.7285079133438,148.6421254156251,603.2560105182147,751.107474382643,207.837344793214,62.405741723965015,180.89494860997925,387.11369020585886,854.9437515638108,1260.4740215455731,97.3782843378761,1052.4000244140625
2025-02-06,50468.3515625,1011.135846962794,152.61582425773364,596.3145780942269,740.5149273858113,214.21746120149822,63.47225097737878,184.23472266730892,382.9584678892273,856.1770794811201,1265.2372940723083,97.96139229292848,1062.0999755859375
2025-02-07,50484.44921875,1018.6294771085081,151.6645137654703,586.7264306383646,731.6557177630287,212.6707676541898,63.72143490482557,183.09163967736208,383.7575459772404,863.3304057123341,1262.2603567708522,97.08673547403384,1061.5
2025-02-10,50052.5,1020.1281486117224,150.62402061857782,590.2720314016009,712.5891688607044,209.2873716095488,63.88090836082252,187.71366819584247,386.61424415523874,847.1984039096569,1247.5735745348811,96.45504277691653,1076.0
2025-02-11,49812.1484375,1008.1384042718065,147.17553240807442,579.2856031363107,710.1335578124041,208.80401758315202,62.58515354622882,185.77539506523647,392.4675241006207,840.1437497009048,1246.2339539700604,95.49292045645508,1063.5
2025-02-12,49402.25,999.1460897554412,140.76409050393195,570.796076421649,705.992919921875,205.80729685282864,61.38907039940902,182.3859160373841,384.2469703482383,835.2104321766692,1247.5735208959845,92.71345964899287,1060.449951171875
2025-02-13,49469.3515625,1002.1435394057845,141.1505657502441,554.665929221785,707.1965624268578,205.88463436361513,61.727961379256016,183.04193580293213,392.14788701357963,838.1704689996619,1242.9592342670746,92.97585433306187,1039.5
2025-02-14,49485.6484375,1009.6870990599269,139.8227009996312,553.3675249054885,703.8744122850989,204.64728032951777,61.28939764524971,180.92476982779294,394.34533639696,839.601120018604,1242.5126718509223,92.6648683807097,1049.5999755859375
2025-02-17,48880.3984375,991.6025387766662,132.88605676782265,534.291117964796,692.4151383583221,198.15115324707065,59.80425578791921,179.16541584068122,390.5497067234525,831.3624591587258,1241.5699462890625,89.6327325943593,1024.4000244140625
2025-02-18,49211.8515625,992.1021599108303,130.97353411691944,522.3557903187235,700.7447443190354,198.6828254705219,60.800992077645496,180.72597344547899,387.9627001326211,845.1017788797033,1243.3065364897366,90.38104365398993,1045.0
2025-02-19,48895.3515625,990.8032596729911,128.32770068171854,502.3804378646695,695.3040270429543,197.39713649993237,59.20621331550696,179.60277132182742,392.3376729187464,847.0504387449713,1225.3947820253827,88.43736600701352,1024.0999755859375
2025-02-20,49314.1015625,1007.5389474515373,131.33026643121835,524.3533216392534,698.0485270359545,201.56354656457594,59.654744631390066,179.46361258517493,396.00342776401135,844.0904430253034,1245.7378271028595,90.0409033004596,1029.949951171875
2025-02-21,49127.94921875,1011.1358844792248,136.05709820753071,534.2911057987671,700.359526366243,204.96628392136475,61.10998325356062,183.1115224819118,393.65612562632293,829.2411711352042,1231.5968971791747,92.84951385510196,1041.550048828125
2025-02-24,48619.80078125,1000.4949167860066,137.6426054690938,535.2399583240275,684.1818648659195,201.07054895070323,59.814220153623644,178.91691562666148,387.21355647067867,829.339781575346,1217.3071583182455,90.86696341405307,1030.0999755859375
2025-02-25,48691.19921875,1003.1426606538377,137.7416936331816,535.0401565481437,692.318880181649,201.67955643798814,59.704585339125444,180.9048863727859,393.3464902809318,824.406500920576,1217.2079253456668,91.35288119831961,1028.199951171875
2025-02-27,48732.19921875,1006.7895881710506,139.32722448882623,534.3409995841453,689.4781266274379,200.10386258107405,58.80751857362018,177.92293769631144,393.94578448199593,830.0552335524236,1215.769120615194,90.86696404934018,1046.9000244140625
2025-02-28,48437.55078125,1013.9334407248853,134.27338677673947,549.3225604900248,674.9374748612561,195.27043602954043,58.717812682488066,177.1277356109113,386.9638561768171,831.2638337603047,1206.6891556122284,88.719197955986,1040.0
2025-03-03,48478.6015625,1016.1815119995523,140.81363803516044,564.753514242956,664.5857216898627,191.50035915543108,58.199506153056824,176.74009011476429,380.6710908152998,858.2984018170607,1201.2312348006667,85.32748055900555,978.9500122070312
2025-03-04,47942.5,1000.2451655910475,138.02906410688817,549.3724788105081,667.3300691464701,187.5466024620864,57.02335746681126,177.67443352683955,379.7921200545828,837.6771272358142,1197.9068433475454,84.06409247958399,978.0
2025-03-05,48241.30078125,1002.1435659127035,144.6882390546839,547.7245267623452,690.970715357852,189.37364914858267,56.425315837625625,175.83555475614423,380.18165356083995,839.6257577393887,1207.6814517983407,84.55000760473987,984.25
2025-03-06,48760.0,1021.7267392253694,147.50253248669532,553.3176181416958,708.7372906926826,200.10385647546138,58.16960685989437,181.95850337064132,388.35222446983926,832.2504799228543,1218.5476101118768,87.96116417903512,976.0
2025-03-07,48463.80078125,1032.817337571361,147.8989168528769,552.8182582586691,704.9336444546556,199.95885965902116,57.51176117803673,180.2488509904331,382.9584615974769,829.7838192395386,1201.8265880949464,88.34990435844021,971.0
2025-03-10,48312.0,1035.1153504084468,147.93853591549774,543.030342174899,705.6076955415114,199.137174592467,57.11306244286537,179.31450266356836,386.05489706084006,833.2371287977431,1198.7503263397664,88.43736546841254,895.0
2025-03-11,47874.80078125,1029.520113656347,143.48920589806832,531.1949001818823,698.0484671027334,196.23711146057408,55.60799123756981,176.82954550267092,384.1571067437002,829.9811819724781,1207.8798680000234,85.32748174897041,810.4500122070312
2025-03-12,47894.3984375,1024.3245322593168,138.84164896364146,522.2059739655805,703.5373526546633,196.7784630128045,55.318935219766146,178.91691708420998,387.5531658975251,834.4951408301645,1237.4020778822246,86.04664313883815,630.0
2025-03-13,48219.1484375,1014.1332914267962,140.63526932255607,507.77377294144577,699.0114385308547,196.9137976264807,54.50161262151534,177.5750368193916,394.6849653005036,846.5818201293218,1241.4707365370484,84.98733694156891,690.0
2025-03-17,48219.55078125,1010.2366012913976,139.2875817174655,503.079580443338,701.9003527020252,200.00717744862186,53.37529582883947,176.41207569643137,395.5639377354779,841.1304307424771,1247.4248742515454,84.93874645581222,705.0
2025-03-18,48792.8984375,1033.2669677734375,137.08767700195312,491.1942138671875,696.3633422851562,198.88583374023438,52.71744918823242,176.27291870117188,398.16094970703125,843.79443359375,1259.2833251953125,85.00677490234375,677.4000244140625
2025-03-19,49375.3984375,1046.9053623518132,139.37675220389855,505.3767442119622,712.2039126231394,203.00390999341494,54.52154828034649,180.70608747033182,407.38032271136115,855.930432694155,1295.6029599370165,86.97961001906678,685.0
2025-03-20,49947.6015625,1055.3481090881514,140.41725489004406,524.4032615002197,720.292765833536,207.49899766513468,55.498350736204415,185.67600201417915,405.7322111646116,865.3037412350927,1309.8927772461004,89.07878268041274,697.5
2025-03-21,49927.1015625,1053.4496491429936,140.23888916329926,527.2497979365847,722.1705565633118,208.4173526720435,55.5681221632891,185.87479100632487,407.53013144871016,866.0684175252852,1305.923445707521,88.7289244820049,685.0
2025-03-24,50982.69921875,1081.0760349569089,143.89548421375397,542.7806510865656,729.9223707530908,211.4140734611837,56.41534515989736,186.86877231198474,419.51631852124484,877.6369838460287,1345.5675050388625,91.54724587515929,692.0
2025-03-25,51874.19921875,1109.002216272288,148.77094755361782,551.2202201056439,754.8630261504609,218.37419508434056,57.90048650372151,195.55619352888942,435.47791380851965,890.4143157035983,1348.5941513991709,93.7824856797375,670.2000122070312
2025-03-26,51640.05078125,1114.047955120439,146.21429745713857,564.3040518833401,743.4038006048552,215.57082186246424,57.15293589893554,192.93208515795627,434.49904875335574,900.3302775382388,1333.7586400786652,91.21682667468323,637.4000244140625
2025-03-27,51084.69921875,1091.067555947459,145.6692830235204,568.8484660686345,735.5075423870684,212.18741519821134,56.65456588859097,190.9341573663297,428.3061875568384,887.9969842041877,1322.9420827344788,90.07977950507833,655.2999877929688
2025-03-28,51608.3984375,1097.462058532138,146.90796302153234,558.3114362945242,743.5001147786132,223.2849715478202,56.31567366541467,195.8046891935352,427.3672413177579,902.3036249715724,1325.7702231722565,93.69501853642056,672.0
2025-04-01,51178.1484375,1092.2664595426536,144.77743871916124,532.2436191713876,738.3964100364205,220.32690422778262,54.87040355009756,190.56639066480275,434.35918132502024,888.9836405685396,1329.739654923708,92.32472191038649,649.0
2025-04-02,50966.8984375,1090.76773491548,147.89890520981967,534.3410528004446,743.6926981564776,222.33761058782784,57.780879694363634,191.88838680667232,427.7068982152902,873.5423260418547,1312.026343402594,93.97684705661418,682.7000122070312
2025-04-03,50910.0,1077.9787109284953,148.6421285990425,530.3459396104561,741.4778693122336,220.64591465221392,56.81404478650653,189.27421481436963,425.3096365264536,878.6729886492828,1311.8278468858045,93.8310788075482,694.9500122070312
2025-04-04,51711.6015625,1080.5764837084853,156.07423368329017,559.1603757484055,750.2408294522949,230.94110800441192,60.30262554896897,194.5224451336723,425.689206703621,894.4102660639704,1319.3697112264526,96.29953836225519,701.0
2025-04-07,49336.1015625,1034.1161611572818,143.69728613110345,514.3656512807073,702.9595626780941,212.67075842953955,53.076278276383555,187.16697374029405,403.2750405561581,869.6450067324856,1285.3322768617725,88.41792988839217,637.0
2025-04-08,50388.55078125,1060.093978570394,146.66022542317708,549.3225220407849,731.8482821294997,224.2709946486836,57.46192475878422,192.77302996813756,412.0149506970586,870.730371547347,1289.8969896705237,93.78248109695747,684.9000244140625
2025-04-09,50487.1015625,1072.1837048584816,152.11043878421344,547.3250205276552,738.5889950046072,227.17105035095346,57.37221651747902,189.35373014162576,410.3269100802715,870.7303466796875,1294.9579703581671,93.97684778176477,679.6500244140625
2025-04-11,50634.1015625,1062.392153253822,148.6421226599553,559.3102095792441,730.8853451496299,224.77367133232613,60.22288279789421,191.15284099138094,412.5243740224748,875.540352413462,1295.1067945023049,94.65714081893249,684.9500122070312
2025-04-15,52299.0,1089.0692731441595,150.6240243269079,564.304076300727,741.4778565892068,228.13773370967567,60.81095812775042,191.83868748011147,428.5059455803453,920.0634812745557,1340.655373037739,95.62897564801976,705.0
2025-04-16,52690.8984375,1121.7413327534418,153.20049034936753,575.2406099372322,735.2186797710156,227.122704190085,62.09675337315239,191.53055388414867,423.51170839371383,929.3381542000717,1346.6094196449503,94.17121746772143,747.0
2025-04-17,53153.75,1154.613187862119,156.97598931323623,581.632675736248,743.4038315336337,233.01949489229744,62.79446792602539,192.84260939819808,422.5128692381526,928.4501090482869,1351.5711498907554,95.99827265357553,788.25
2025-04-21,54891.25,1200.9736202361637,157.90748821999418,592.0697986401209,773.255458543513,234.90452373362052,63.64169338391374,194.82064510301535,438.49445141439935,949.170085798879,1425.004587897116,97.28110065655821,802.0
2025-04-22,55414.30078125,1229.3493484820563,166.41972280882007,623.0316279046227,790.7332527762891,242.64767416375437,66.7913913160473,201.4803161480245,449.28199568553293,954.5967457498784,1401.9823098324273,99.95366114684998,790.0
2025-04-23,56097.1015625,1224.2538202977976,167.56922849134074,619.2363400993127,795.4035350043313,245.34472464208375,67.76818619429827,201.76858870865416,456.4737015417818,976.2540297557508,1418.0581618237188,101.26563730375666,797.4500122070312
2025-04-24,55103.8984375,1198.0760451934377,168.44125287132113,657.6889082257253,782.6443782863423,242.1546599189972,68.17685158136648,198.54807778929387,443.08913382847385,942.2634238174406,1405.4554343163697,100.00225650764915,795.0
2025-04-25,55233.55078125,1175.9950141977513,169.1844566605993,680.1611903929772,784.811056973124,243.16968391346498,67.47913578338682,200.58573992944713,443.4886860413507,949.5647662059754,1399.2035920369979,100.47845084338557,822.0
2025-04-28,54610.30078125,1165.3041229955159,163.36760004125625,672.1710677765063,769.066700695532,238.5682512044352,63.31277293923549,196.55017348546872,438.89397733604426,942.8554253066497,1394.8373106964493,96.49391432714273,828.0
2025-04-29,55524.3515625,1192.9804852009415,164.00181319679004,689.1500799235956,789.6257719721119,245.5380709858484,66.2830495668982,199.54205157128698,444.607376828097,946.6048254524144,1417.8597077945897,100.40070384777421,841.9500122070312
2025-04-30,55382.3984375,1184.0880493990605,165.98369832999083,706.1291413470295,781.4407087956405,243.60469863020725,66.08370254453297,202.37491080408998,442.2700874642522,943.7434115323153,1422.0275444346203,99.44830215882861,820.0
2025-05-02,55100.94921875,1181.0905876428099,167.0737569323323,679.1624195306038,761.0740226752047,241.1879862625907,64.7879448656766,194.7510573722061,440.29234908944204,952.0314262519853,1415.9742091510598,97.38800297233853,835.0
2025-05-05,55065.80078125,1188.9838228735969,160.54339456851753,665.1796437583051,753.0333941109573,240.3179649917047,66.17341147743446,189.751320609703,420.5351424840396,956.5700467268101,1428.9738894731652,96.60081481933594,855.0
2025-05-06,54918.25,1176.9941263517048,162.6144830972318,678.6630617687593,764.5407210502615,241.6713154260351,66.24317966948496,190.9441103805651,416.7195566423275,952.1300492793257,1418.0581160771362,97.15476198498506,846.75
2025-05-07,54013.3984375,1158.0103867504365,153.59686701366482,664.2308390123479,736.9519304230361,216.45050273563936,63.841044262750906,182.04795241464896,412.2646630535336,954.1033540161453,1414.0887881642996,91.54724553048324,827.0
2025-05-08,54801.75,1169.000902041538,158.2146856668234,687.1525988751814,750.1445368852355,217.50419639515593,66.3926906787295,190.0594689182,419.3165478694598,964.364722012384,1427.5846620245352,92.81064520994113,835.0
2025-05-09,53595.94921875,1159.0094902220203,152.60590792288187,674.1685892296671,728.4779526212103,205.89430986045414,64.78794408152677,182.49526361116904,414.52206672975944,942.3127568324845,1404.3638078003796,87.46552628636219,805.5
2025-05-12,54658.75,1183.9881482207568,160.7316860380119,704.1316352301782,769.4036424963954,219.43756892015128,68.52571190377687,189.85073035416164,426.3084723197471,946.0127244576516,1398.6082269981746,92.81064225674594,835.0
2025-05-13,55233.5,1204.17088139939,162.5649452572412,702.5336512617552,769.018476685771,218.95421910926171,68.77489471435547,193.62785917849888,426.50825753224206,961.9967305905121,1429.0731325397105,93.08275667576468,794.0
2025-05-14,55008.55078125,1194.8788087975402,161.72262885801334,699.1377734516428,775.9036380329437,226.1463651357613,68.87456677640104,197.80258722807844,421.71379455308727,948.2327622761527,1418.9512828044426,95.5803846940121,775.0
2025-05-15,54853.69921875,1195.9778616685178,166.6773633589846,690.1488547660401,774.6518391145711,226.68769856346816,69.24336453982481,197.8025803192927,416.5397266105025,943.9901042439285,1414.9819190581854,95.58038537441911,778.0
2025-05-16,55276.0,1204.9701644737838,167.37101731421814,691.8467759962257,789.7644580739088,227.07437587315485,69.22342496534552,198.29958588981748,419.496357478891,954.0047801554118,1442.172107583965,95.92052577411258,750.0
2025-05-19,55326.05078125,1206.9684600284695,168.55026100075779,687.1525730408529,778.0750903727592,229.10441982869438,68.97423623004347,199.840258550479,419.9158458140422,955.5834183781088,1435.4241717584057,96.26067681424132,779.9000244140625
2025-05-20,55445.30078125,1206.9684640476505,169.4520278089359,689.0502665182244,784.0180560729261,233.91849668267025,68.32636390580166,200.8839463456033,422.4728874818281,951.1927398071444,1439.0957378026826,99.030414919572,785.0
2025-05-21,55060.19921875,1196.0777462450546,164.4873806441952,690.6482698396843,773.0654298291093,229.10441962946754,66.8810892182018,197.40500536015355,418.51745990562284,950.6500948788123,1431.8517946649677,97.68927552173685,783.0
2025-05-22,54875.8984375,1195.6780564317094,165.5476812044579,688.750544394742,774.0477442991881,231.89814190935067,66.43256434474657,199.80049279089664,414.3222996088333,944.828766015395,1430.0655182967434,98.92351268695383,750.0
2025-05-23,54959.30078125,1187.485119395582,164.89365137339985,688.3011642869637,773.9495383488706,233.19349347523553,66.65184837570929,200.03904209559744,412.6842086599538,947.2460290070277,1431.1570706662649,97.94195218498292,781.0999755859375
2025-05-26,55534.8984375,1215.1614996663016,164.1504394942023,698.1390370156508,777.9769427872259,236.11287784092434,66.87112448667028,202.9712985164113,417.5385730547617,954.5967478346391,1446.8360701649403,98.15575678100608,793.3499755859375
2025-05-27,55458.94921875,1214.1623415292133,164.59638668510829,709.1254520514105,780.3344684569088,234.2181704442835,66.38272074596556,201.03303064817678,417.5186127620736,952.9194312599001,1441.3782192942826,98.35012582976297,798.5999755859375
2025-05-28,55328.6015625,1194.5790654630853,167.47013228100806,700.3363007344493,780.4326591919574,233.9378480128414,68.26655728525365,200.7845329063718,414.5220860736088,947.295443323748,1436.5157355383742,99.41915192547468,820.5
2025-05-29,55571.3984375,1198.9753285293477,168.50070200534725,706.1291760896382,784.8529869834019,236.83789644762675,67.93763595133227,201.28152432186826,414.9815506908779,951.1433943336576,1445.4467442494526,99.9050700591519,805.1500244140625
2025-05-30,55615.55078125,1200.3741017035964,169.382644480917,697.4398836118626,783.8706869171444,234.62418913792993,67.67848154394278,199.8800126442243,415.8405738745379,953.0674622365118,1448.7216268807567,99.8175988567298,821.0999755859375
2025-06-02,55598.25,1188.7840792835677,168.99617196139295,694.1439379050856,798.4577080916993,243.121344713929,67.74825953785862,200.9833234492046,412.92389949984965,952.1794133521448,1430.9586389930196,103.5008738702661,815.0
2025-06-03,56104.80078125,1193.9795608940237,172.17712588931445,724.1069700842248,801.7484370268255,248.24477285918778,68.47587220564373,205.8637891343084,413.52324063995115,956.0767204883472,1443.7598455387374,106.12483888319483,818.4500122070312
2025-06-04,55650.3515625,1180.7909490961636,168.36196794354575,727.1033016635614,802.5342413659282,246.4564160462729,66.86116268910075,210.02857768154303,408.94851568718207,947.6901200517409,1426.3938661679927,106.42611486964213,807.7999877929688
2025-06-05,55806.75,1171.498848863261,168.2628906699355,729.1008424894545,794.3812098308251,246.5047571393618,67.52897473733984,210.5852068136538,410.4867109390572,961.0100588418235,1419.9436226094324,107.01893443779933,817.0
2025-06-06,55699.44921875,1157.9104875951884,165.53778407532738,719.1131788303643,792.3675287830383,243.5,66.59203980130667,205.82403531114124,408.3092239750878,959.0366899431259,1437.5080878919146,106.30948615659736,807.0
2025-06-09,57049.5,1211.4646926212756,173.71309417007703,754.0700720752459,802.9272300169949,248.0,72.26347926568737,207.73248284901712,421.71378452345573,984.196594423998,1453.7825541382838,108.07823316580563,831.25
2025-06-10,56993.8984375,1223.3544631361597,184.41534036902132,771.5485058827076,806.4634476687678,249.38999938964844,72.25350537119654,211.8177463023323,428.8455568942334,978.1780428487654,1427.9815809293386,109.57486504872348,838.0
2025-06-11,56639.8515625,1231.547437255107,179.58941118492615,765.0564842725349,802.5342598525855,246.0,70.96771060317197,209.92917530293659,429.3050255048349,970.6793723493836,1410.9133394459884,108.6224602600344,845.25
2025-06-12,56480.8984375,1229.9489006576741,180.81819556015625,774.0453900273401,801.5519752269744,243.1999969482422,71.06739482581057,207.34483516222386,428.5658682551451,961.9966994408974,1419.5466979345517,107.3882299316794,837.0
2025-06-13,55149.30078125,1196.9769975725644,170.9384442567762,769.0016330026178,772.3287088939938,235.0,68.87456513946937,202.27550984459447,413.92276525982584,947.19676434732,1392.8526699787633,102.2374760606827,819.0
2025-06-16,55554.1015625,1205.070075190406,173.564448751017,767.5534263220268,778.4680786132812,238.5,69.77162823005045,204.06468573095535,421.0944740543355,949.1700746468088,1405.7530618658518,103.50087296161605,817.0499877929688
2025-06-17,55975.0,1214.3621705402443,176.70576921086013,780.487457111153,779.9415184126576,240.89999389648438,70.6587262561674,204.6511282523277,427.3073240942392,955.5834055099792,1415.9742319665809,104.22975304698411,820.0
2025-06-18,55544.94921875,1208.7670098415024,174.39684978319025,772.1976848822521,778.4680756237817,238.0399932861328,70.34974304222285,203.5378711737258,424.51055453217293,945.7167603313338,1406.150024814166,102.89832751037811,818.0499877929688
2025-06-19,55784.8515625,1216.9599001780673,179.03447407243974,797.5164477043566,778.320667516001,236.50999450683594,70.53911384408075,206.05264474120597,427.4072288472776,954.0540746334422,1397.2189939427594,102.12086262231723,847.0
2025-06-20,55566.69921875,1216.4603740469724,175.89318576645266,789.1267670000109,773.5565989033221,231.3000030517578,69.27326242420607,203.51799575348133,428.5059561528863,952.9193918485255,1400.4937821267788,101.0,835.5
2025-06-23,55832.3515625,1211.5645133005319,176.38865838746923,796.7174555426267,776.0123304607985,231.99000549316406,69.07391527293153,204.09449510989307,431.12293181053917,961.2073364257812,1406.1500791810931,102.08999633789062,835.2000122070312
2025-06-24,56529.44921875,1221.85584819293,179.86687765046466,801.0121316423183,784.8529460243278,236.0,71.2667415799373,207.23548686461953,441.0914531389984,969.3966711141703,1416.7680893764307,105.08000183105469,851.0
2025-06-25,56564.5,1225.2529376663326,178.27145274776686,801.0121407061353,785.3440886452789,238.89999389648438,72.01428876634593,208.73640035002387,444.0880000054653,969.8900392545883,1411.1117385952273,105.62000274658203,834.0
2025-06-26,56693.55078125,1214.162353992752,180.35243828955123,810.0010724525343,787.7998677833231,239.5500030517578,71.91462019390198,210.4062866585267,439.97275757302407,977.4873577522009,1413.8903780949927,106.0,834.9000244140625
2025-06-27,57234.69921875,1235.8438054880892,183.34510840516953,819.988759421595,790.7467068374075,239.0,71.76510574766695,209.71050517596476,441.49097137029787,1004.0015037809444,1427.882386711014,107.0,836.0
2025-06-30,57529.94921875,1227.850614406535,184.32613463086304,812.797587285977,794.6759369772839,242.4499969482422,72.14386520010812,210.22736863493978,441.0714383639628,1003.2533964547342,1450.6071028820047,107.06999969482422,864.75
2025-07-01,57375.80078125,1200.973663276553,188.3097554591692,818.9900088282021,805.4811416394373,248.7899932861328,73.01102587801009,213.06023045303036,432.2017119658876,1000.0114368496795,1434.6302067068036,110.6500015258789,870.0999755859375
2025-07-02,57558.19921875,1178.9924468672707,188.52775512990274,838.9653360592347,806.4634551919074,247.77999877929688,76.99797821044922,218.67621963798794,436.4967345305596,1007.4429706558585,1421.2336440793872,113.0999984741211,875.5
2025-07-03,57050.3984375,1176.9941080825224,185.90175955223526,818.9899611693551,799.0962152227779,243.89999389648438,77.14749281969769,216.43976292726842,427.3273211447125,994.9739612315547,1421.1344118511029,113.01000213623047,849.0
2025-07-04,56825.25,1174.0,178.86602019013037,814.9000244140625,794.4303152499558,243.24000549316406,77.89504657282987,215.68434837622618,424.3107841133649,991.0836632772651,1416.0734952431667,110.4000015258789,857.0999755859375
2025-07-07,56938.69921875,1177.5999755859375,177.8750692164751,819.5499877929688,796.8369801203829,240.89999389648438,77.24716033068236,214.21323557404696,425.5094126743062,992.0312782906421,1425.9968814549877,110.8499984741211,847.0
2025-07-08,56942.55078125,1180.0,175.94272127132905,813.8499755859375,793.5953947208753,242.0,77.45647539292767,214.203297670887,436.4967382408718,986.0462146584523,1421.035188079707,112.38999938964844,855.0
2025-07-09,57199.75,1160.0,173.81218505705067,822.5,795.6581782931005,240.0,77.7455354002935,212.32468283413834,442.88936860320405,1001.0089360727129,1425.2030375827696,111.80000305175781,851.75
2025-07-10,57339.75,1170.0999755859375,176.4381955149685,825.7999877929688,796.9351619351286,241.0,77.54618598977075,211.86743593436955,445.3065811284953,1005.4977851253348,1425.7985078190466,111.30000305175781,845.0
2025-07-11,56843.44921875,1162.0,176.6264775581492,828.2999877929688,793.2515938303184,238.0,76.58999633789062,209.71050084873184,439.8528712489597,996.5201541247731,1411.111783317687,109.73999786376953,852.0
2025-07-14,56780.75,1179.0,173.415802874636,805.2999877929688,795.4617558456557,237.44000244140625,75.19999694824219,205.75445241840603,444.2677703037788,989.0387573242188,1413.9896019530586,110.41999816894531,858.7999877929688
2025-07-15,56709.19921875,1174.0,173.67344778454023,804.0,796.6405037947652,241.10000610351562,74.1500015258789,209.73038035958032,441.4909886601973,984.0511806165923,1410.218682168871,110.83000183105469,871.0
2025-07-16,57111.25,1164.9000244140625,177.87507393468425,812.0499877929688,801.5519699633943,243.10000610351562,73.0,210.3963456804897,436.3169411225778,1006.4952830829005,1415.081187967311,112.37000274658203,876.0
2025-07-17,57231.94921875,1170.0,182.01722470105238,797.75,823.5553655077234,250.0500030517578,74.0,213.37829238168055,434.49903261892985,999.5126501495852,1410.1194736013367,115.0999984741211,879.75
2025-07-18,56524.25,1090.0,182.96853608614762,796.9500122070312,817.2686571434967,245.02000427246094,73.45999908447266,211.300882302504,433.5199890136719,990.9838927216935,1404.9592604817603,113.98999786376953,866.0
2025-07-21,56558.8984375,1086.0,179.26238883563428,770.0,808.4280466091758,244.2100067138672,73.0,211.17164815432812,427.6199951171875,986.6446826643673,1436.9126621837045,113.5,870.0499877929688
2025-07-22,57253.3515625,1102.0,180.64973696934592,752.9500122070312,812.848378561757,243.41000366210938,74.0,211.96683971934746,434.3999938964844,1004.051390877723,1462.8128219007424,113.0999984741211,880.0
2025-07-23,56918.1484375,1099.5,179.6587847633058,726.2000122070312,798.113968917551,239.47999572753906,72.58999633789062,211.21142860302155,434.20001220703125,1003.0039954915454,1471.5454755170424,109.5999984741211,849.0
2025-07-24,57316.6015625,1104.0,180.35244017170717,736.75,805.4811769361788,243.07000732421875,72.69000244140625,211.68853037511383,433.0799865722656,1016.3208076773761,1476.3086281822896,110.33999633789062,855.25
2025-07-25,57170.69921875,1086.0999755859375,181.34338979915842,743.0999755859375,800.569684169264,246.25,72.58999633789062,210.97285859565622,427.82000732421875,1007.5,1488.5144734435703,110.5999984741211,846.4000244140625
2025-07-28,56215.1015625,1080.9000244140625,176.567019988564,728.5,792.269295178368,239.14999389648438,69.88999938964844,206.64902888146653,405.05999755859375,1001.5,1465.7898930637602,108.36000061035156,825.0
2025-07-29,55881.80078125,1070.9000244140625,173.41580973810557,727.9000244140625,782.1025562450097,239.1999969482422,70.45999908447266,204.43245862002374,393.3999938964844,999.9500122070312,1468.5685019046516,106.25,800.0
2025-07-30,56310.1015625,1070.5,172.65277305890373,739.5,784.8038487430033,242.0399932861328,70.30999755859375,203.9752349179151,393.2200012207031,1014.0,1476.308661728485,109.55000305175781,811.0
2025-07-31,55728.1484375,1066.0,165.68641778853674,742.75,781.0220116677076,237.5,68.5,201.77852209467912,388.239990234375,1007.2999877929688,1458.6450618514623,107.19999694824219,795.5999755859375
2025-08-01,55897.1484375,1065.0,166.479184806048,741.5,781.6114403088707,237.74000549316406,68.9000015258789,201.46044130304003,396.6000061035156,1007.0,1469.0645758820863,105.30000305175781,792.5
2025-08-04,55557.5,1064.4000244140625,162.57484825560286,741.0499877929688,780.4326243068729,235.16000366210938,67.58000183105469,184.68201696358307,397.3999938964844,1005.0499877929688,1465.492177404952,103.12000274658203,783.0
2025-08-05,55545.05078125,1068.0,166.50890212685186,754.0,783.8706809392065,240.0,69.62999725341797,194.30376935216293,401.6000061035156,993.25,1441.8743352750153,104.9000015258789,820.0
2025-08-06,55329.80078125,1074.0,165.2404919118863,744.9000244140625,786.7684568691343,240.64999389648438,69.48999786376953,195.29774418461542,400.6000061035156,985.5499877929688,1431.2564134495642,103.80000305175781,822.0
2025-08-07,55215.6484375,1067.800048828125,162.01991711409124,735.0,786.915765008732,241.0,68.30000305175781,194.4329820586046,396.20001220703125,990.0499877929688,1430.0655302659995,103.5,801.8499755859375
2025-08-08,55609.3515625,1073.0,164.64591167380533,800.0,790.7467609363763,241.0,69.2300033569336,197.40499467651395,398.7799987792969,993.5499877929688,1434.8288259088201,104.69000244140625,806.5999755859375
2025-08-11,54999.3515625,1058.0999755859375,163.74416312629157,742.0499877929688,793.6936009259229,239.22000122070312,69.11000061035156,195.16853446369916,392.79998779296875,987.9500122070312,1416.9666396615337,103.98999786376953,784.5
2025-08-12,55441.1015625,1071.0999755859375,164.55674267863682,735.9500122070312,810.3435108131079,243.60000610351562,69.9000015258789,195.8146174655445,395.0,995.9500122070312,1431.0,106.86000061035156,784.0499877929688
2025-08-13,55340.05078125,1071.0999755859375,165.43868131737597,730.0,808.0842230461906,243.0800018310547,69.12999725341797,195.81461462050032,393.6000061035156,997.0,1424.5999755859375,107.0,787.0
2025-08-14,55102.55078125,1067.0,165.8000030517578,744.0,807.4457350525524,241.99000549316406,69.9000015258789,195.2082977516495,397.6000061035156,989.0,1412.0,106.6500015258789,773.4500122070312
2025-08-18,55940.6015625,1080.0,165.0,755.0,821.1978592084581,244.0,68.83999633789062,196.21220567212072,399.5799865722656,1005.0,1450.0,107.0,777.5
2025-08-19,55622.30078125,1078.0,167.32000732421875,760.0,812.8483446933888,242.6999969482422,69.76000213623047,195.5064847926893,398.79998779296875,999.1500244140625,1431.0999755859375,106.87000274658203,787.25
2025-08-20,55751.5,1081.0,173.10000610351562,758.5,814.0271315534591,247.10000610351562,70.91000366210938,199.29355579589088,404.1000061035156,993.5,1432.5999755859375,107.5,786.4500122070312
2025-08-21,55972.05078125,1090.0,174.27999877929688,759.5999755859375,814.272717098252,245.08999633789062,71.20999908447266,198.2995818083215,407.79998779296875,998.75,1440.0999755859375,107.5,781.0
2025-08-22,55669.25,1076.0,175.88999938964844,751.2000122070312,809.4103255407733,243.1999969482422,69.5999984741211,198.99000549316406,402.0400085449219,994.9500122070312,1444.300048828125,107.0999984741211,767.4500122070312
2025-08-25,55147.75,1073.0,173.22999572753906,738.0,802.9763126407477,241.5,69.5999984741211,196.33999633789062,397.3999938964844,980.0999755859375,1435.9000244140625,105.58999633789062,767.9500122070312
2025-08-26,54999.05078125,1068.0,170.8000030517578,750.0,800.4223233479629,240.00999450683594,69.97000122070312,194.7899932861328,395.6000061035156,979.5,1427.9000244140625,105.18000030517578,770.8499755859375
2025-08-28,54256.0,1057.0,165.85000610351562,745.2999877929688,792.9568789424643,235.52000427246094,68.76000213623047,191.5,391.0,967.0,1408.0,102.7699966430664,756.4000244140625
2025-08-29,53660.3515625,1052.0999755859375,163.0,726.0,786.5228982350536,232.5,68.0,191.3000030517578,390.0400085449219,954.0,1392.0999755859375,101.01000213623047,743.0
2025-09-01,53658.1484375,1047.5999755859375,162.0,721.0999755859375,788.8803576581267,233.0,68.0,191.7100067138672,392.05999755859375,949.5999755859375,1398.0999755859375,101.0,742.4000244140625
2025-09-02,54038.25,1061.5,162.3000030517578,722.0499877929688,792.0237296591938,234.0,68.94000244140625,193.5800018310547,393.20001220703125,951.0,1413.9000244140625,102.51000213623047,753.0
2025-09-03,53630.75,1056.199951171875,162.0500030517578,710.0,790.0590972888992,237.6699981689453,69.44000244140625,193.5,388.79998779296875,945.0,1389.0,102.75,750.0
2025-09-04,54379.6015625,1058.199951171875,165.8800048828125,716.0,800.2258915459101,239.75,71.08000183105469,194.47000122070312,392.20001220703125,960.2000122070312,1409.9000244140625,104.80000305175781,771.7999877929688
2025-09-05,54308.05078125,1056.5999755859375,162.8000030517578,700.0,797.1316242177459,235.0,72.54000091552734,191.0,389.94000244140625,967.5,1411.0,103.41999816894531,756.3499755859375
2025-09-08,54215.3984375,1055.9000244140625,164.5,696.5499877929688,793.6936078879036,234.8000030517578,72.5999984741211,190.0,388.5,969.0,1402.199951171875,103.80000305175781,759.5
2025-09-09,54330.55078125,1057.5,164.6999969482422,698.0,797.6228148719179,234.63999938964844,72.4000015258789,190.99000549316406,391.20001220703125,974.0,1399.0,104.29000091552734,753.6500244140625
2025-09-10,54554.75,1058.0,165.0,702.0,797.622777526262,235.6999969482422,73.52999877929688,192.0,396.9800109863281,973.9000244140625,1410.0,104.5999984741211,750.2000122070312
2025-09-11,54413.05078125,1069.0,166.6999969482422,714.4000244140625,804.5970423736838,239.0,72.69000244140625,196.0800018310547,395.3999938964844,960.2999877929688,1398.0,106.5,751.5
2025-09-12,54781.55078125,1088.4000244140625,166.58999633789062,710.9500122070312,809.5085114612542,238.5,72.80000305175781,196.64999389648438,394.6400146484375,969.9000244140625,1405.0999755859375,108.0,753.0
2025-09-15,54884.05078125,1105.0,166.0,708.0,808.9682688172991,237.0,72.0,194.25,393.6000061035156,969.5999755859375,1422.0,107.30999755859375,741.0
2025-09-16,54778.3984375,1105.699951171875,162.5,716.5,810.4908511172532,239.0500030517578,71.58999633789062,196.0,395.2799987792969,961.2000122070312,1414.0,108.68000030517578,740.7000122070312
2025-09-17,55158.3515625,1121.300048828125,163.5,710.0,819.5279331306582,240.67999267578125,71.75,197.0,405.79998779296875,965.1500244140625,1420.0999755859375,108.5999984741211,745.0
2025-09-18,55797.1015625,1129.0,165.35000610351562,713.0499877929688,843.4468127830675,246.61000061035156,72.16999816894531,200.0,410.0,973.2999877929688,1431.0999755859375,112.5,742.4500122070312
2025-09-19,55647.94921875,1133.0,167.0,719.6500244140625,836.9145788068039,249.5,72.0,198.42999267578125,410.9200134277344,974.9000244140625,1416.0999755859375,112.5,738.0
2025-09-22,55429.30078125,1136.0,166.2100067138672,719.9000244140625,846.7374795324375,252.0,71.69999694824219,197.99000549316406,406.3999938964844,964.0,1403.9000244140625,113.29000091552734,744.4000244140625
2025-09-23,55248.69921875,1146.0,163.5,710.0,839.4684757773939,251.13999938964844,70.91999816894531,196.0,404.6000061035156,967.0,1391.0,113.08999633789062,735.0
2025-09-24,55387.1015625,1168.0,162.08999633789062,730.0,860.4896293435494,254.5,70.5999984741211,195.1999969482422,408.3999938964844,952.2000122070312,1386.4000244140625,114.19999694824219,755.25
2025-09-25,55061.6484375,1154.699951171875,158.0,733.25,851.2069400560208,254.3699951171875,69.69999694824219,193.60000610351562,406.4599914550781,952.5,1377.0,111.0199966430664,740.9500122070312
2025-09-26,54797.8984375,1161.5999755859375,157.27000427246094,749.5,846.7374895737396,252.82000732421875,69.6500015258789,192.60000610351562,401.79998779296875,945.0999755859375,1368.0,111.11000061035156,742.0
2025-09-29,54460.3984375,1155.4000244140625,155.77999877929688,744.0999755859375,842.8574336077328,248.5,68.88999938964844,193.0,399.17999267578125,946.0499877929688,1359.5999755859375,107.9000015258789,717.75
2025-09-30,54705.5,1130.0,162.0,738.0,854.5467671830805,254.0,69.88999938964844,190.8000030517578,400.79998779296875,958.0499877929688,1353.699951171875,110.04000091552734,730.0
2025-10-01,54653.8984375,1132.5,163.0,728.0,856.8551164386336,259.79998779296875,69.94000244140625,193.0,397.20001220703125,952.7000122070312,1348.0,112.69999694824219,732.2000122070312
2025-10-03,55182.6015625,1171.0,163.5399932861328,722.0499877929688,849.8317681995126,260.1000061035156,68.98999786376953,193.61000061035156,412.6600036621094,952.0,1371.9000244140625,112.6500015258789,743.2000122070312
2025-10-06,55834.69921875,1185.0,166.52000427246094,748.0499877929688,852.6312903204407,266.75,69.05999755859375,192.2100067138672,422.79998779296875,971.9000244140625,1371.0,114.80000305175781,742.0
2025-10-07,56126.3984375,1212.0,164.7899932861328,765.5,858.67240059065,266.04998779296875,71.44000244140625,194.10000610351562,428.3999938964844,974.0,1363.5999755859375,114.54000091552734,742.9500122070312
2025-10-08,56098.5,1180.0999755859375,165.0,765.0,851.4524964349083,262.5,71.9800033569336,200.5,425.29998779296875,976.0,1372.300048828125,114.18000030517578,747.0499877929688
2025-10-09,55979.0,1178.0,161.10000610351562,770.0,846.3445463246103,262.0,72.0,203.5,423.6000061035156,974.5,1369.800048828125,113.13999938964844,744.0
2025-10-10,56168.6015625,1168.0,163.3000030517578,757.7000122070312,846.8357087276893,264.5,73.4000015258789,206.91000366210938,429.0,979.0,1370.300048828125,114.5,749.5999755859375
2025-10-13,56337.05078125,1171.0,168.0,771.1500244140625,863.4365156616575,266.3999938964844,74.3499984741211,208.10000610351562,427.20001220703125,974.2999877929688,1373.0999755859375,116.87000274658203,758.0
2025-10-14,56598.6484375,1191.800048828125,169.1999969482422,767.0999755859375,867.3656576175208,268.0,73.7300033569336,212.94000244140625,429.79998779296875,970.0,1389.0,116.95999908447266,758.0
2025-10-15,56528.94921875,1180.0,163.5,776.5,862.552413904726,263.29998779296875,72.8499984741211,215.10000610351562,431.0,975.0,1386.5,115.5,752.3499755859375
2025-10-16,57139.94921875,1216.4000244140625,163.5,801.25,872.5718005367993,268.3999938964844,73.26000213623047,216.5,430.5799865722656,982.6500244140625,1401.0,116.6500015258789,742.9000244140625
2025-10-17,57362.8984375,1196.300048828125,161.55999755859375,796.9500122070312,871.7859901135612,266.1499938964844,71.80999755859375,214.58999633789062,440.7799987792969,993.9500122070312,1412.0,116.1500015258789,740.0
2025-10-20,57872.8515625,1207.9000244140625,162.5,818.0,878.7602670499772,265.79998779296875,72.75,216.5,442.79998779296875,997.0,1442.0,114.30000305175781,743.0
2025-10-21,58063.3984375,1225.800048828125,168.0,866.0,891.9230028558147,271.5,77.25,228.38999938964844,442.760009765625,1006.0,1384.5,118.25,761.9500122070312
2025-10-23,58314.55078125,1246.0,167.52000427246094,861.0499877929688,895.8522005767054,270.0,76.80000305175781,227.44000244140625,445.0,1016.0,1385.0,118.19999694824219,759.0
2025-10-24,58172.75,1254.199951171875,171.5,872.0,894.8207940870866,266.8999938964844,78.95999908447266,228.0,447.6000061035156,1011.0,1368.0999755859375,118.22000122070312,759.9500122070312
2025-10-27,57796.44921875,1243.4000244140625,171.0,860.0,890.8916307113675,267.0,78.19999694824219,229.89999389648438,434.44000244140625,996.5,1382.0999755859375,117.44999694824219,755.7000122070312
2025-10-28,58006.55078125,1249.0,172.7100067138672,864.2000122070312,910.6848024520077,274.3999938964844,78.16999816894531,234.0,428.3999938964844,997.6500244140625,1373.0,120.08000183105469,773.9000244140625
2025-10-29,58316.25,1246.9000244140625,175.92999267578125,886.0,917.3644435934705,276.54998779296875,79.19999694824219,236.1999969482422,434.0,1004.9000244140625,1364.5999755859375,120.9000015258789,804.0
2025-10-30,58152.05078125,1243.0,172.63999938964844,883.0,922.8161933430813,274.6000061035156,79.30000305175781,235.00999450683594,430.0,1000.0,1362.4000244140625,121.05000305175781,807.0
2025-10-31,57942.44921875,1243.0,164.10000610351562,878.25,918.3467523280527,273.79998779296875,78.7300033569336,234.6999969482422,429.3800048828125,994.0,1357.0,120.4000015258789,800.9500122070312
2025-11-03,57726.8515625,1226.0,156.60000610351562,877.0,922.1285723673408,284.5,82.0,236.6199951171875,420.44000244140625,985.0,1340.5,123.0999984741211,794.7999877929688
2025-11-04,57966.6484375,1230.0999755859375,158.1999969482422,866.9500122070312,934.1616585246089,290.95001220703125,82.0,237.83999633789062,423.3399963378906,987.0,1342.5999755859375,123.1500015258789,797.0499877929688
2025-11-06,57714.80078125,1225.0,156.88999938964844,880.9000244140625,952.4814547462262,289.5,80.73999786376953,237.97999572753906,414.6000061035156,981.0,1330.0,123.98999786376953,791.0
2025-11-07,57391.3984375,1227.0,152.92999267578125,876.0499877929688,941.7744580906816,284.0,80.0,235.0,415.739990234375,980.0,1320.4000244140625,120.4000015258789,782.1500244140625
2025-11-10,57846.19921875,1222.0,154.38999938964844,907.1500244140625,939.0731232147145,289.04998779296875,81.4800033569336,237.25,416.20001220703125,982.2999877929688,1342.9000244140625,122.5,791.0
2025-11-11,57962.30078125,1218.0999755859375,152.8000030517578,915.0,936.7156357136287,287.45001220703125,81.19999694824219,238.44000244140625,420.0,983.5,1349.0,122.36000061035156,799.7000122070312
2025-11-12,58505.3515625,1227.9000244140625,151.08999633789062,897.4500122070312,940.7430695871906,286.8999938964844,80.94000244140625,236.0,420.0199890136719,998.7999877929688,1370.0,122.5,830.0499877929688
2025-11-13,58158.75,1219.0,155.5,881.5,937.3541550706268,284.79998779296875,81.58000183105469,238.52999877929688,417.8999938964844,984.0,1358.9000244140625,122.61000061035156,862.0
2025-11-14,58050.0,1224.0,154.3000030517578,886.0,936.0771717973782,281.29998779296875,80.0,235.39999389648438,413.20001220703125,976.0499877929688,1374.0,121.4000015258789,864.0
2025-11-17,58696.30078125,1243.9000244140625,154.99000549316406,895.0,953.8075386869531,289.0,81.01000213623047,237.11000061035156,419.0,991.25,1375.0999755859375,122.69999694824219,852.0
2025-11-18,58990.5,1250.0,155.10000610351562,912.6500244140625,958.3260628811324,287.75,80.98999786376953,239.44000244140625,418.1199951171875,997.6500244140625,1380.199951171875,123.63999938964844,854.0499877929688
2025-11-19,58908.1484375,1268.0,153.89999389648438,924.75,955.2318704792619,287.8500061035156,80.0,245.3000030517578,419.8999938964844,990.0,1373.5,122.75,850.0
2025-11-20,59308.19921875,1275.0,153.0,925.6500244140625,968.5419358569656,294.95001220703125,79.61000061035156,246.50999450683594,422.9599914550781,995.2999877929688,1380.0999755859375,125.91999816894531,844.0
2025-11-21,59116.69921875,1284.0,151.1699981689453,918.0,962.3535354628224,287.0,78.93000030517578,244.19000244140625,420.0,1003.0999755859375,1373.0,123.26000213623047,832.2000122070312
2025-11-24,58996.8984375,1279.199951171875,149.10000610351562,915.3499755859375,958.2769795122267,284.1499938964844,78.33000183105469,245.0800018310547,419.0,1000.0,1373.300048828125,122.9000015258789,847.0999755859375
2025-11-25,58925.6484375,1269.0999755859375,150.0,925.0,958.276992765206,281.75,77.9000015258789,248.39999389648438,418.8599853515625,1004.0,1365.0,121.69999694824219,836.0499877929688
2025-11-26,58783.05078125,1271.9000244140625,150.0,943.0,969.1313331127609,287.0,79.51000213623047,255.5,415.0,981.2999877929688,1360.0,123.63999938964844,844.9000244140625
2025-11-27,59605.30078125,1297.0,152.0,953.75,969.2295646138847,289.25,80.37999725341797,256.0,420.79998779296875,1002.0999755859375,1379.0,125.4000015258789,853.0
2025-11-28,59758.69921875,1287.300048828125,150.8000030517578,949.0,959.5048346119848,287.0,80.75,255.35000610351562,423.79998779296875,1007.0,1392.0,125.30000305175781,859.6500244140625
2025-12-01,60102.05078125,1288.0,151.11000061035156,955.4000244140625,968.0017293926574,290.0,80.48999786376953,259.70001220703125,426.79998779296875,1017.5,1394.0,124.98999786376953,860.0
2025-12-02,59354.19921875,1270.699951171875,150.00999450683594,949.9500122070312,958.7190050026365,297.0,80.55000305175781,256.6000061035156,428.0,988.0,1381.800048828125,125.30000305175781,847.1500244140625
2025-12-03,59158.69921875,1255.0,150.0,951.7999877929688,953.2672831530164,296.0,81.9800033569336,259.0,427.0199890136719,986.0,1367.0,125.75,854.0
2025-12-04,59287.1015625,1270.699951171875,146.77999877929688,949.0,934.2107677926339,286.0,80.2699966430664,259.0,429.2200012207031,1000.0,1387.0,119.80000305175781,846.0
2025-12-05,59133.19921875,1275.199951171875,146.5,948.9000244140625,932.049720989894,287.1000061035156,79.87999725341797,259.0,427.0,992.0,1381.0,119.69000244140625,863.6500244140625
2025-12-08,59672.05078125,1284.0,140.22999572753906,962.8499755859375,953.6601656790195,291.1000061035156,80.83999633789062,259.20001220703125,431.739990234375,1000.0,1387.0,121.6500015258789,870.0999755859375
2025-12-09,58918.8515625,1272.0,135.7100067138672,950.0499877929688,937.8944043562335,282.8500061035156,78.9000015258789,256.45001220703125,424.0,994.9000244140625,1379.9000244140625,115.47000122070312,841.4500122070312
2025-12-10,59281.55078125,1273.0,141.0,981.0,943.1005538600858,288.95001220703125,80.80000305175781,260.79998779296875,426.0,997.5,1377.9000244140625,118.23999786376953,847.7999877929688
2025-12-11,58966.19921875,1277.4000244140625,141.5,981.0,945.0651010209991,287.8999938964844,80.31999969482422,259.6499938964844,425.8999938964844,990.0,1363.699951171875,117.41999816894531,834.4500122070312
2025-12-12,59401.5,1278.0,145.25,974.0999755859375,948.8960717352387,285.29998779296875,80.62000274658203,261.5,436.3399963378906,1003.0,1368.0,117.86000061035156,840.0499877929688
2025-12-15,59053.69921875,1285.0,149.10000610351562,965.0,940.3010214625418,283.70001220703125,82.19000244140625,262.0,433.4200134277344,992.0,1356.0999755859375,117.30000305175781,845.9500122070312
2025-12-16,59288.75,1277.0999755859375,151.0,976.0,948.9451629202439,284.79998779296875,83.33999633789062,265.3999938964844,435.6000061035156,990.0999755859375,1364.0,118.48999786376953,854.0
2025-12-17,59072.80078125,1220.5999755859375,150.0500030517578,981.0,948.4540382267455,282.20001220703125,83.30999755859375,262.3999938964844,437.6000061035156,996.0,1365.0,117.02999877929688,838.2000122070312
2025-12-18,58712.69921875,1226.0999755859375,148.0,991.0,960.5854160531443,288.0,83.88999938964844,264.0,434.6400146484375,973.2999877929688,1346.300048828125,119.05999755859375,830.7999877929688
2025-12-19,59047.3984375,1236.699951171875,146.60000610351562,977.0999755859375,962.5990921488027,289.8999938964844,83.80000305175781,265.3999938964844,433.70001220703125,987.0,1354.0,118.55000305175781,834.9000244140625
2025-12-22,59224.75,1235.0,150.0,985.0,963.7287212154426,292.5,85.0,267.8500061035156,434.0,988.0,1358.0,120.44999694824219,845.0
2025-12-23,59334.3515625,1239.0,149.5,975.0,959.0137084154704,295.0,85.70999908447266,270.29998779296875,430.5,990.5,1361.0999755859375,121.5,856.4000244140625
2025-12-24,59322.94921875,1230.0,149.89999389648438,985.0,955.9686342202896,293.6000061035156,84.76000213623047,267.0,433.6000061035156,993.0,1363.800048828125,121.0,850.0
2025-12-26,59092.8515625,1225.0,146.50999450683594,974.0499877929688,951.7938380949545,289.20001220703125,84.12000274658203,261.70001220703125,432.3999938964844,996.0,1356.5,120.7699966430664,841.0499877929688
2025-12-29,59007.05078125,1228.199951171875,145.5,972.5,949.7801706470483,288.0,85.11000061035156,261.54998779296875,434.1199951171875,993.0999755859375,1352.0999755859375,116.5999984741211,849.7999877929688
2025-12-30,58885.94921875,1233.0,146.14999389648438,985.0,945.9491873630989,286.25,84.51000213623047,263.45001220703125,431.94000244140625,990.2000122070312,1343.300048828125,120.22000122070312,839.5999755859375
2025-12-31,59194.6015625,1246.0,146.0,996.0499877929688,957.9823092348453,292.70001220703125,84.72000122070312,267.5,431.6000061035156,991.0,1342.800048828125,122.30000305175781,841.5
2026-01-01,59674.80078125,1270.0,146.0399932861328,994.5,965.7915430941249,296.5,85.62000274658203,267.6499938964844,442.0,993.5,1343.9000244140625,123.69999694824219,865.4500122070312
2026-01-02,59757.3984375,1273.9000244140625,144.5,1002.9000244140625,967.0685336904954,301.0,85.75,267.5,443.55999755859375,991.1500244140625,1338.0,123.94000244140625,896.0
2026-01-05,60360.3984375,1274.199951171875,147.0,1023.0,982.2940684850213,308.79998779296875,86.2699966430664,266.95001220703125,439.3800048828125,1005.75,1354.199951171875,126.0,905.0
2026-01-06,59957.80078125,1304.5999755859375,148.0,1016.0,990.1033041483112,307.5,84.91999816894531,264.0,440.4200134277344,962.7000122070312,1372.0,124.94999694824219,898.0
2026-01-07,60039.69921875,1293.0,147.60000610351562,1008.0,1004.5921658085748,304.5,85.6500015258789,256.70001220703125,429.2799987792969,956.0,1408.0,125.44999694824219,914.5
2026-01-08,59893.1484375,1291.0999755859375,147.63999938964844,1002.9500122070312,988.7771726722618,307.0,84.38999938964844,258.5,428.0199890136719,944.7000122070312,1429.0,125.80000305175781,897.0
2026-01-09,59558.1484375,1286.800048828125,145.3000030517578,993.0,978.3648939690311,299.54998779296875,85.9000015258789,255.5500030517578,426.6000061035156,945.0,1427.0999755859375,123.0,878.0499877929688
2026-01-12,59217.25,1274.699951171875,143.0,996.0,990.1524157511643,301.04998779296875,85.5999984741211,254.10000610351562,425.3599853515625,937.5,1399.9000244140625,122.9000015258789,880.2000122070312
2026-01-13,59767.55078125,1274.0,144.25,1010.0,1004.6903698484319,303.1000061035156,85.4000015258789,253.14999389648438,425.3800048828125,947.7000122070312,1420.0,123.80000305175781,909.0
2026-01-14,59330.3515625,1255.0,142.60000610351562,964.0,1011.762899052176,302.54998779296875,82.95999908447266,248.5,426.0,930.0,1425.5999755859375,124.55000305175781,913.0
2026-01-16,59590.3515625,1298.800048828125,144.60000610351562,975.5,1013.7274769567848,307.70001220703125,83.05999755859375,247.5,424.0,922.0,1417.9000244140625,128.67999267578125,945.0
2026-01-19,60093.30078125,1307.0,144.5,1025.0,1016.6743972572739,307.75,83.5,271.45001220703125,419.0,935.9000244140625,1399.9000244140625,132.3000030517578,947.9500122070312
2026-01-20,59851.3984375,1306.0999755859375,142.60000610351562,1021.0,1021.3402828105476,306.95001220703125,83.12000274658203,278.0,428.0,929.2999877929688,1374.699951171875,127.9000015258789,946.0
2026-01-21,59142.0,1290.0,139.0,1009.0,1013.7274897970154,301.3999938964844,81.70999908447266,271.1000061035156,422.1000061035156,925.0,1367.5,125.30000305175781,908.0
2026-01-22,59194.25,1290.0,139.0,1003.25,1016.6743620200224,301.95001220703125,82.0,280.04998779296875,423.79998779296875,928.0,1355.0999755859375,124.73999786376953,911.0
2026-01-23,59305.1484375,1297.0,150.1999969482422,1005.0,1033.27513930533,306.45001220703125,84.33999633789062,283.20001220703125,429.0,920.0,1340.5,126.5,900.0499877929688
2026-01-27,58366.05078125,1288.800048828125,149.14999389648438,970.5999755859375,1015.7903012550574,297.0,82.98999786376953,279.0,415.0,906.0,1340.0,121.2699966430664,875.0
2026-01-28,59575.6484375,1348.0,149.0,965.0,1040.6424178822,303.5,83.94000244140625,286.45001220703125,409.29998779296875,932.5,1362.5999755859375,124.0,898.75
2026-01-29,59416.25,1318.0,153.39999389648438,962.3499755859375,1044.1786063237967,307.0,82.97000122070312,284.45001220703125,407.0,930.0999755859375,1359.0,124.80000305175781,899.9000244140625
2026-01-30,59542.25,1352.0,151.99000549316406,968.25,1045.1609334664397,302.3999938964844,82.5199966430664,286.6499938964844,410.0,930.0,1368.199951171875,124.5,892.0999755859375
2026-02-02,58239.30078125,1339.0,148.3000030517578,965.0,1001.841784674364,279.0,82.08000183105469,284.79998779296875,408.70001220703125,915.0,1329.9000244140625,121.0,889.0
2026-02-03,61411.19921875,1403.0,153.0,985.0,1067.7536525315768,290.0,84.61000061035156,294.0,415.0,983.75,1412.0,126.5,951.2999877929688
2026-02-04,60163.3515625,1369.699951171875,154.92999267578125,988.9500122070312,1045.3573226632539,286.0,84.80000305175781,285.5,416.70001220703125,952.5,1387.0,123.8499984741211,922.0
2026-02-05,60315.3515625,1340.0,157.1999969482422,980.9500122070312,1049.2864692879657,291.3999938964844,85.0,287.8999938964844,411.0,956.0,1414.0,123.5,918.0999755859375
2026-02-06,59967.1015625,1325.0,157.0,986.9000244140625,1051.0546673292163,290.04998779296875,85.30000305175781,289.0,411.0,945.0,1396.699951171875,123.9000015258789,909.0999755859375
2026-02-09,60805.19921875,1350.0,159.5,995.0999755859375,1100.1693390052355,292.0,85.16000366210938,288.70001220703125,430.0,945.0,1413.5,123.98999786376953,910.0
2026-02-10,60740.80078125,1352.5999755859375,162.85000610351562,1011.9000244140625,1130.6205046120729,290.6000061035156,84.83999633789062,286.5,430.79998779296875,930.0,1401.0,124.0,927.9000244140625
2026-02-11,60670.25,1358.0,166.6999969482422,1000.0,1124.43198276359,290.0,83.9000015258789,281.8999938964844,431.70001220703125,931.25,1407.4000244140625,123.0999984741211,927.9000244140625
2026-02-12,60786.1484375,1347.9000244140625,168.0,990.25,1162.0538873261555,291.20001220703125,82.94999694824219,292.6000061035156,429.3999938964844,927.0,1406.0999755859375,122.8499984741211,928.7000122070312
2026-02-13,60504.3984375,1341.300048828125,168.10000610351562,998.0999755859375,1167.9476861585035,287.29998779296875,81.77999877929688,287.04998779296875,426.0,913.0,1425.300048828125,120.0999984741211,922.0
2026-02-16,59947.80078125,1324.0,164.5,990.0,1172.859149893071,285.8999938964844,81.01000213623047,287.1499938964844,419.0,903.9000244140625,1404.0,118.0,930.0
2026-02-17,60821.1484375,1358.300048828125,167.41000366210938,1014.4000244140625,1184.7448547341048,292.54998779296875,82.29000091552734,289.0,423.6499938964844,923.0,1406.199951171875,120.56999969482422,931.9000244140625
2026-02-18,61255.3515625,1363.0,168.5,1001.9000244140625,1197.220031881822,303.25,83.3499984741211,289.0,425.70001220703125,923.2000122070312,1410.0999755859375,125.0999984741211,944.0
2026-02-19,61660.8515625,1381.0999755859375,171.74000549316406,1023.5,1201.2474588953376,303.6000061035156,84.94000244140625,292.04998779296875,425.70001220703125,929.0,1408.5,128.1199951171875,944.5
2026-02-20,60627.8515625,1351.0,168.91000366210938,1014.0,1184.8430141192323,303.5,82.5999984741211,289.54998779296875,415.0,911.0,1388.5,125.5999984741211,934.0
2026-02-23,61145.55078125,1380.5,172.0,993.0,1200.3633155560203,310.95001220703125,75.16000366210938,293.8999938964844,423.0,916.5,1400.0,130.39999389648438,926.0499877929688
2026-02-24,61392.1015625,1398.0,172.9499969482422,970.0,1210.1862912839226,312.95001220703125,69.88999938964844,296.45001220703125,430.8999938964844,927.9500122070312,1400.9000244140625,130.25,919.75
2026-02-25,61175.05078125,1394.0,180.5500030517578,1003.7999877929688,1206.3553078239622,313.0,71.55000305175781,296.3500061035156,425.5,910.5499877929688,1391.800048828125,131.14999389648438,934.0
2026-02-26,61193.8984375,1403.0,183.0,982.0999755859375,1179.7352169268681,316.0,70.22000122070312,299.79998779296875,426.70001220703125,912.0,1405.0999755859375,130.69000244140625,938.0
2026-02-27,61057.44921875,1387.0,185.14999389648438,976.0,1185.6289359982593,325.0,72.91000366210938,299.5,420.5,898.5999755859375,1400.0,130.25,963.0
2026-03-02,59204.30078125,1369.0999755859375,176.94000244140625,895.0499877929688,1164.0185219818375,312.0,70.5,290.0,410.0,876.2000122070312,1355.0,125.05000305175781,939.0
2026-03-04,58447.1484375,1344.5,175.8800048828125,943.7000122070312,1151.3468160340765,310.1499938964844,70.2300033569336,290.95001220703125,405.0,848.0,1326.0,124.37000274658203,930.0
2026-03-05,59008.25,1354.9000244140625,178.00999450683594,952.5,1160.0893510848653,301.04998779296875,70.58999633789062,287.75,403.6000061035156,873.8499755859375,1368.9000244140625,121.5999984741211,930.0499877929688
2026-03-06,58629.6015625,1347.0,185.5,972.0999755859375,1147.8105829193835,299.0,70.4000015258789,286.3999938964844,403.70001220703125,868.0499877929688,1339.0,121.44999694824219,935.0
2026-03-09,56121.3984375,1282.199951171875,178.0,943.4000244140625,1095.2579011773867,285.1499938964844,68.5,280.0,390.0,825.0,1272.699951171875,116.25,899.0
2026-03-10,56583.8515625,1295.199951171875,176.0,941.2000122070312,1091.426946764578,291.0,66.4000015258789,277.25,390.5,850.0499877929688,1287.5999755859375,117.0,892.0
2026-03-11,56790.3984375,1310.0,182.0,937.2999877929688,1093.68621097212,295.0,67.45999908447266,276.70001220703125,388.8500061035156,845.0,1300.0,117.94999694824219,897.2000122070312
2026-03-12,55008.19921875,1243.199951171875,180.0,911.0999755859375,1056.0643275370824,287.0,65.0,265.75,377.0,820.0999755859375,1275.699951171875,114.5,870.0
2026-03-13,54592.05078125,1224.0,176.8000030517578,900.0,1058.4218838608822,286.1499938964844,64.30000305175781,268.6499938964844,373.0,820.0,1251.9000244140625,116.0,827.0
2026-03-16,53721.5,1199.199951171875,175.0,880.5999755859375,1030.1318158454478,280.0,62.4900016784668,262.0,366.8500061035156,817.0,1255.0,112.0,814.5499877929688
2026-03-17,54649.1015625,1219.699951171875,163.0,888.0,1054.8856886705516,280.54998779296875,63.099998474121094,260.8500061035156,369.8500061035156,847.7000122070312,1278.9000244140625,111.5,825.0
2026-03-18,54927.05078125,1228.0,160.38999938964844,910.0,1048.5989519731277,283.29998779296875,63.86000061035156,265.0,375.0,845.3499755859375,1286.0,112.05999755859375,819.5999755859375
2026-03-19,53474.55078125,1221.0,160.39999389648438,919.7999877929688,1030.917599515117,280.0,64.0,266.45001220703125,366.1499938964844,770.0,1267.5999755859375,110.5,828.2000122070312
2026-03-20,53548.19921875,1208.5999755859375,159.30999755859375,906.0,1039.6600314398456,275.8500061035156,62.91999816894531,268.04998779296875,368.6000061035156,785.0,1258.4000244140625,110.5,822.0
2026-03-23,52576.1015625,1181.0,156.5,885.2000122070312,1020.6035363599531,275.20001220703125,62.470001220703125,263.0,364.8500061035156,763.1500244140625,1226.5999755859375,110.5999984741211,806.2999877929688
2026-03-24,52384.80078125,1187.0,151.64999389648438,864.9500122070312,1036.5166462758839,270.3999938964844,61.630001068115234,262.25,363.0,755.0,1237.0999755859375,109.0,789.8499755859375
2026-03-25,53024.75,1200.0,151.64999389648438,889.9000244140625,1024.5326936323975,273.8999938964844,62.5,265.5,368.95001220703125,768.2000122070312,1258.9000244140625,108.5999984741211,802.9500122070312
2026-03-27,53244.25,1209.5,152.75999450683594,900.0,1032.6857904923231,269.5,62.9900016784668,269.0,367.54998779296875,773.2000122070312,1256.0,109.12000274658203,809.0
2026-03-30,51527.8984375,1185.0999755859375,146.13999938964844,877.5999755859375,987.2055421466002,254.60000610351562,60.91999816894531,268.0,361.0,745.2000122070312,1216.5,103.31999969482422,781.0
2026-04-01,51433.8984375,1175.0,144.5500030517578,859.6500244140625,990.1524604010582,253.0,60.84000015258789,266.45001220703125,363.79998779296875,743.0,1228.0999755859375,104.55000305175781,765.9500122070312
2026-04-02,50625.6484375,1174.5999755859375,145.5800018310547,858.0,982.2941115339542,248.9499969482422,59.560001373291016,263.8999938964844,350.29998779296875,730.0,1196.0,102.0,772.2000122070312
2026-04-06,51747.6015625,1202.0999755859375,148.0,880.9500122070312,1001.939983603395,252.61000061035156,60.5099983215332,265.3999938964844,358.0,759.0,1213.0,105.0,774.5999755859375
2026-04-07,52258.69921875,1237.800048828125,152.0,869.9500122070312,1006.8514108515341,257.989990234375,61.0,270.0,357.0,766.0,1229.0,105.0999984741211,778.0
2026-04-08,54904.44921875,1300.0999755859375,155.1999969482422,920.0,1054.9838445577764,268.010009765625,63.9900016784668,286.3500061035156,377.0,800.0,1310.0,109.0,812.0
2026-04-09,55505.94921875,1322.300048828125,164.61000061035156,968.0499877929688,1041.329937682068,275.989990234375,65.86000061035156,284.1000061035156,377.0,815.0,1299.9000244140625,110.94000244140625,831.8499755859375
2026-04-10,55182.25,1328.800048828125,165.94000244140625,963.0,1030.4265520507975,277.42999267578125,65.13999938964844,284.0,373.5,804.0,1289.0,110.27999877929688,818.5
2026-04-13,54646.0,1318.0,164.0,962.0,1023.5503875880017,269.9700012207031,64.48999786376953,284.70001220703125,367.95001220703125,791.5,1304.9000244140625,109.0,807.0999755859375
2026-04-15,56343.44921875,1367.0,169.10000610351562,994.0,1056.9483994035816,279.7799987792969,66.0199966430664,294.6000061035156,375.5,804.9500122070312,1358.0,113.25,832.0
2026-04-16,56657.25,1362.0,175.3000030517578,996.7999877929688,1058.9129934902317,280.3999938964844,67.2699966430664,289.5,383.1499938964844,818.0,1352.0,114.0,845.5
2026-04-17,56072.3984375,1353.0,174.6999969482422,989.0,1048.1077725199245,279.0,67.80000305175781,284.95001220703125,379.29998779296875,790.0999755859375,1347.0,113.61000061035156,849.0
2026-04-20,56704.05078125,1359.5,174.25,993.0,1061.1723665018162,280.5,68.62000274658203,293.5,384.1000061035156,797.0999755859375,1364.699951171875,114.9000015258789,853.9000244140625
2026-04-21,56823.6015625,1361.0,175.2899932861328,997.6500244140625,1093.6863001427537,282.1000061035156,67.51000213623047,295.79998779296875,381.45001220703125,795.2000122070312,1368.0,114.19999694824219,857.7000122070312
2026-04-22,57163.3515625,1370.0,175.0,1037.0,1090.3464592751195,283.25,67.94000244140625,295.75,378.1000061035156,810.0,1380.0,113.9000015258789,851.0
2026-04-23,56608.94921875,1369.0,173.72999572753906,1039.050048828125,1075.6119646643676,281.0,67.5,294.95001220703125,370.04998779296875,792.0,1348.4000244140625,114.19999694824219,861.7000122070312
2026-04-24,56170.19921875,1369.0,173.80999755859375,1058.699951171875,1072.0266364810311,276.20001220703125,67.83000183105469,296.0,370.6000061035156,777.2999877929688,1336.300048828125,112.70999908447266,868.0
2026-04-27,56162.6015625,1325.0,174.60000610351562,1057.0,1091.2796075968854,275.19000244140625,67.86000061035156,294.70001220703125,375.0,787.5,1327.9000244140625,113.5,865.2000122070312
2026-04-28,55862.5,1312.0,179.66000366210938,1062.9000244140625,1082.7827735553876,270.0,69.68000030517578,292.8500061035156,372.0,785.0,1314.300048828125,112.5,890.1500244140625
2026-04-29,55634.5,1295.0,186.00999450683594,1030.5,1074.6297819435,269.20001220703125,69.0199966430664,296.0,378.0,785.5,1294.699951171875,111.62000274658203,891.0
2026-04-30,54880.6484375,1288.0,198.0,1010.6500244140625,1055.9661789414106,265.8999938964844,69.69999694824219,284.70001220703125,376.6000061035156,770.0,1261.0,110.80000305175781,906.0
2026-05-04,54937.8984375,1268.300048828125,202.6999969482422,1023.7000122070312,1044.7679726198023,264.95001220703125,70.06999969482422,290.0,378.8999938964844,772.5999755859375,1264.300048828125,109.5,925.25
2026-05-05,54691.30078125,1268.0,206.41000366210938,1015.0,1041.8211028311687,265.3999938964844,69.51000213623047,289.3500061035156,371.0,774.4000244140625,1264.0,108.80000305175781,911.0999755859375
2026-05-06,55113.3984375,1275.0,209.0,1015.0,1053.019301365762,268.70001220703125,69.5,295.25,374.0,775.1500244140625,1262.0,110.41000366210938,920.4000244140625
2026-05-07,56114.0,1299.0,208.8000030517578,1024.9000244140625,1086.4172785832332,271.25,69.91000366210938,294.5,376.1000061035156,794.0,1284.699951171875,110.94999694824219,948.25
2026-05-08,55783.94921875,1280.0,207.44000244140625,1032.4000244140625,1070.7005210892246,269.75,70.38999938964844,297.0,379.0,784.0,1279.5999755859375,108.9000015258789,946.0
2026-05-11,54832.44921875,1258.699951171875,203.52000427246094,1045.0,989.1701581334676,265.8999938964844,70.6500015258789,295.0,376.1000061035156,771.9500122070312,1259.4000244140625,106.19999694824219,939.0
2026-05-12,54178.3984375,1270.4000244140625,200.0,1020.5999755859375,959.6031354409057,263.95001220703125,69.01000213623047,291.54998779296875,380.20001220703125,756.5999755859375,1256.0,104.0,920.0
2026-05-13,53600.3984375,1256.0999755859375,196.08999633789062,996.0999755859375,960.6836091187947,260.70001220703125,67.5,285.8999938964844,377.8999938964844,752.0,1238.300048828125,102.98999786376953,891.0
2026-05-14,53639.5,1256.5999755859375,196.0,1000.9000244140625,956.2632817330172,263.79998779296875,68.5199966430664,282.0,378.0,751.0,1239.0999755859375,103.30000305175781,895.0
2026-05-15,54207.75,1259.5999755859375,199.0399932861328,1009.9000244140625,971.2000122070312,268.0,68.25,281.95001220703125,383.20001220703125,773.0,1246.5999755859375,104.62000274658203,910.0
2026-05-18,53282.1484375,1239.0,192.0,984.0999755859375,952.0,260.0,67.30000305175781,280.75,382.0,759.0,1235.5,101.0,885.75
2026-05-19,53553.75,1238.5,191.0,980.0,942.0,260.20001220703125,67.87999725341797,284.79998779296875,388.5,766.7000122070312,1251.0999755859375,100.19000244140625,898.5
2026-05-20,53015.69921875,1234.0,189.5,966.9000244140625,941.0999755859375,258.45001220703125,67.13999938964844,285.8500061035156,376.29998779296875,759.5999755859375,1230.0,100.38999938964844,885.5499877929688
2026-05-21,53963.1015625,1256.9000244140625,193.00999450683594,982.0,957.0,265.95001220703125,68.76000213623047,290.5,384.70001220703125,767.0,1245.300048828125,103.22000122070312,905.5
2026-05-22,53483.8515625,1254.0999755859375,191.0800018310547,964.4000244140625,950.9000244140625,263.45001220703125,68.38999938964844,284.1499938964844,381.0,759.1500244140625,1242.0,102.2699966430664,903.0
2026-05-25,54610.55078125,1300.4000244140625,196.50999450683594,987.0,959.9000244140625,268.0,69.5999984741211,289.0,388.29998779296875,776.0,1271.0,103.5999984741211,920.1500244140625
2026-05-26,55311.80078125,1309.800048828125,197.0,1001.0,969.9000244140625,272.8999938964844,69.25,292.0,392.8500061035156,784.0499877929688,1290.0,106.12999725341797,926.2000122070312
2026-05-27,54992.94921875,1296.300048828125,200.50999450683594,1011.7000122070312,969.7999877929688,270.54998779296875,70.22000122070312,289.5,388.54998779296875,769.5,1286.0,105.9000015258789,930.5
2026-05-29,54748.30078125,1296.0999755859375,205.92999267578125,1005.0,967.7999877929688,272.54998779296875,71.80999755859375,292.0,388.8500061035156,746.0499877929688,1275.0999755859375,106.75,930.5999755859375
